title,media,date,datetime,desc,link,img,textBlob polarity,textBlob subjectivity,vader polarity
Trump’s latest pardons complete coverup of the Russia scandal,Washington Post,on · 1 day ago,2020-12-25 22:26:07.176529,"Up until now, many of President Trump's pardons — for war criminals, corrupt politicians and fraudsters of various types — have appeared mostly rooted in his ...",https://www.washingtonpost.com/opinions/2020/12/24/trumps-latest-pardons-complete-coverup-russia-scandal/,"data:image/gif;base64,R0lGODlhAQABAIAAAP///////yH5BAEKAAEALAAAAAABAAEAAAICTAEAOw==",0.3,0.65,-0.1779
How Trump's pardons could get even more bizarre,CNN,on · 2 days ago,2020-12-24 22:26:09.184658,(CNN) President Donald Trump announced a wave of pardons on Tuesday for ... Trump's pardon power derives from a brief clause in the Constitution that simply ...,https://www.cnn.com/2020/12/23/opinions/donald-trump-potential-bizarre-pardons-alonso/index.html,"data:image/gif;base64,R0lGODlhAQABAIAAAP///////yH5BAEKAAEALAAAAAABAAEAAAICTAEAOw==",0.45,0.55,-0.101
Trump throws Covid relief bill in doubt by asking Congress to amend it,CNN,2 days ago,2020-12-24 22:26:07.185560,"Trump's position could threaten to torpedo the carefully drafted bill, which his own administration helped negotiate -- a move that could lead to a government ...",https://www.cnn.com/2020/12/22/politics/trump-coronavirus-relief-bill/index.html,"data:image/gif;base64,R0lGODlhAQABAIAAAP///////yH5BAEKAAEALAAAAAABAAEAAAICTAEAOw==",0.0,0.0,0.1531
Statement from the Press Secretary Regarding Executive ...,,2 days ago,2020-12-24 22:26:07.179529,"James Kassouf — President Trump granted a full pardon to James Kassouf. This pardon is supported by former Florida Attorney General Pam Bondi, ...",https://www.whitehouse.gov/briefings-statements/statement-press-secretary-regarding-executive-grants-clemency-122320/,"data:image/gif;base64,R0lGODlhAQABAIAAAP///////yH5BAEKAAEALAAAAAABAAEAAAICTAEAOw==",0.0,0.0,0.0
Donald Trump's latest wave of pardons includes Paul Manafort and Charles Kushner,The Guardian,2 days ago,2020-12-24 22:26:07.032563,Donald Trump's latest wave of pardons includes Paul Manafort and Charles Kushner. President also gives clemency to Roger Stone in second round of pardons ...,https://www.theguardian.com/us-news/2020/dec/23/donald-trumps-latest-wave-of-pardons-includes-paul-manafort-and-charles-kunsher,"data:image/gif;base64,R0lGODlhAQABAIAAAP///////yH5BAEKAAEALAAAAAABAAEAAAICTAEAOw==",0.5,0.9,0.296
How Trump's Attack on Relief Bill Has Divided GOP,The New York Times,2 days ago,2020-12-24 22:26:05.146043,"From the campaign trail in Georgia to Capitol Hill, President Trump's demand for changes to the $900 billion pandemic relief plan upended political and economic ...",https://www.nytimes.com/2020/12/23/us/politics/trump-coronavirus-relief-bill-gop.html,"data:image/gif;base64,R0lGODlhAQABAIAAAP///////yH5BAEKAAEALAAAAAABAAEAAAICTAEAOw==",0.0,0.0,0.0
Biden's post-election stock market bump is easily beating Trump's,CNN,2 days ago,2020-12-24 22:26:05.139074,"New York (CNN Business) The Biden era is off to a roaring start on Wall Street, even surpassing the euphoria following President Donald Trump's upset victory ...",https://www.cnn.com/2020/12/24/investing/stock-market-biden-trump-election/index.html,"data:image/gif;base64,R0lGODlhAQABAIAAAP///////yH5BAEKAAEALAAAAAABAAEAAAICTAEAOw==",0.43333333333333335,0.8333333333333334,-0.1531
"Democrats seize on Trump's push for $2,000 stimulus checks for boost in Georgia Senate race",CNBC,2 days ago,2020-12-24 22:26:03.273067,"In the crucial Georgia Senate runoffs, Democrats Jon Ossoff and Raphael Warnock are using Trump's new move to bash GOP Sens. David Perdue and Kelly ...",https://www.cnbc.com/2020/12/23/democrats-use-trump-2000-stimulus-checks-georgia-senate-race.html,"data:image/gif;base64,R0lGODlhAQABAIAAAP///////yH5BAEKAAEALAAAAAABAAEAAAICTAEAOw==",0.0,0.0,0.4019
Trump vetoes $740 billion defense bill after Section 230 complaints,The Verge,2 days ago,2020-12-24 22:26:03.088909,President Donald Trump has vetoed an annual defense bill authorizing billions of dollars in military spending after complaints that the bill did not include ...,https://www.theverge.com/2020/12/23/22197796/trump-ndaa-veto-section-230-defense-bill-facebook-twitter,"data:image/gif;base64,R0lGODlhAQABAIAAAP///////yH5BAEKAAEALAAAAAABAAEAAAICTAEAOw==",0.0,0.0,-0.296
Trump's COVID bill delay leaves millions of desperate ...,CNA,2 days ago,2020-12-24 22:26:02.973910,WASHINGTON: President Donald Trump's threat late Tuesday to veto the US$892 billion coronavirus relief bill approved by Congress this week may delay aid ...,https://www.channelnewsasia.com/news/business/trump-s-covid-19-bill-delay-leaves-millions-of-desperate-13833018,"data:image/gif;base64,R0lGODlhAQABAIAAAP///////yH5BAEKAAEALAAAAAABAAEAAAICTAEAOw==",-0.6,1.0,-0.5574
Why I am trying to put the brakes on Trump's pardon powers,CNN,3 days ago,2020-12-23 22:26:11.088330,"Since President Donald Trump's election in 2016, I have been deeply concerned that he would put his personal interests before those of the nation and ignore ...",https://www.cnn.com/2020/12/03/opinions/brakes-presidential-pardon-power-steve-cohen/index.html,"data:image/gif;base64,R0lGODlhAQABAIAAAP///////yH5BAEKAAEALAAAAAABAAEAAAICTAEAOw==",0.0,0.0,0.3182
"Trump pardons ex-campaign aide, Blackwater contractors and disgraced lawmakers",The Guardian,3 days ago,2020-12-23 22:26:09.041624,"Trump's use of the presidential pardon power has attracted considerable controversy, and the list of recipients on Tuesday drew strong rebuke from Democrats.",https://www.theguardian.com/us-news/2020/dec/22/donald-trump-pardons-george-papadopoulos,"data:image/gif;base64,R0lGODlhAQABAIAAAP///////yH5BAEKAAEALAAAAAABAAEAAAICTAEAOw==",0.0,0.0,-0.2023
"Trump pardons 15, including people convicted in Mueller probe",CNBC,3 days ago,2020-12-23 22:26:09.038626,"President Donald Trump issued pardons to 15 people, including those convicted as part of special counsel Robert Mueller's investigation, and commuted some ...",https://www.cnbc.com/2020/12/22/-trump-pardons-15-including-people-convicted-in-mueller-probe-.html,"data:image/gif;base64,R0lGODlhAQABAIAAAP///////yH5BAEKAAEALAAAAAABAAEAAAICTAEAOw==",0.0,0.0,0.296
'It's turned crazy': Inside the scramble for Trump pardons,CNN,3 days ago,2020-12-23 22:26:03.260068,Washington (CNN) President Donald Trump may not be willing to accept his ... So inundated is Trump's staff with requests for pardons or commutations that a ...,https://www.cnn.com/2020/12/16/politics/donald-trump-pardons-lame-duck/index.html,"data:image/gif;base64,R0lGODlhAQABAIAAAP///////yH5BAEKAAEALAAAAAABAAEAAAICTAEAOw==",-0.6,0.9,-0.0516
Trump demands changes to $900bn US stimulus package,Financial Times, · 3 days ago,2020-12-23 22:26:03.085911,"US president Donald Trump has rejected a nearly $900bn stimulus bill that passed both the Republican-controlled Senate and the Democrat-held House, ...",https://www.ft.com/content/591b0d5f-7b05-49e9-aa21-d8172eff7003,"data:image/gif;base64,R0lGODlhAQABAIAAAP///////yH5BAEKAAEALAAAAAABAAEAAAICTAEAOw==",0.0,0.0,0.0
Four key ways Barr broke with Trump at the attorney general's news conference,CNN,4 days ago,2020-12-22 22:26:09.196658,"(CNN) Two days before he leaves the Justice Department, Attorney General William Barr offered his sharpest rebuke to date of President Donald Trump's ...",https://www.cnn.com/2020/12/21/politics/barr-news-conference-break-trump/index.html,"data:image/gif;base64,R0lGODlhAQABAIAAAP///////yH5BAEKAAEALAAAAAABAAEAAAICTAEAOw==",0.02500000000000001,0.75,-0.4215
"Attorney General Barr breaks with Trump, says SolarWinds hack ‘certainly appears to be the Russians’",CNBC,4 days ago,2020-12-22 22:26:07.182560,"Trump downplayed the seriousness of the attack and suggested without any evidence that China, not Russia, might be to blame.",https://www.cnbc.com/2020/12/21/barr-says-solarwinds-hack-certainly-appears-to-be-the-russians-.html,"data:image/gif;base64,R0lGODlhAQABAIAAAP///////yH5BAEKAAEALAAAAAABAAEAAAICTAEAOw==",0.13214285714285715,0.5357142857142857,0.0
Trump campaign files long shot Supreme Court challenge to Biden's Pennsylvania win,CNBC,5 days ago,2020-12-21 22:26:11.085331,President Donald Trump's reelection campaign made a long shot bid at the Supreme Court on Sunday to challenge President-elect Joe Biden's victory in ...,https://www.cnbc.com/2020/12/20/trump-files-long-shot-supreme-court-challenge-over-biden-win-in-pa.html,"data:image/gif;base64,R0lGODlhAQABAIAAAP///////yH5BAEKAAEALAAAAAABAAEAAAICTAEAOw==",0.375,0.4,0.8271
Trump administration lands parting shot on Vietnam over ...,Nikkei Asia,1 week ago,2020-12-19 22:26:11.078331,NEW YORK -- The U.S. Treasury Department has designated Vietnam as a currency manipulator in the final stretch of President Donald Trump's global trade ...,https://asia.nikkei.com/Economy/Trade/Trump-administration-lands-parting-shot-on-Vietnam-over-currency,"data:image/gif;base64,R0lGODlhAQABAIAAAP///////yH5BAEKAAEALAAAAAABAAEAAAICTAEAOw==",0.0,0.0,0.0
Pence prepares to oversee Trump’s loss — and then leave town,Politico,1 week ago,2020-12-19 22:26:09.193660,And it allows Pence — once again — to put distance between himself and Trump's complaints about the election outcome that are likely to intensify after Congress ...,https://www.politico.com/news/2020/12/17/pence-trump-election-loss-447326,"data:image/gif;base64,R0lGODlhAQABAIAAAP///////yH5BAEKAAEALAAAAAABAAEAAAICTAEAOw==",0.0,0.0,-0.3612
Donald Trump’s New Brand Is Loser,The New Yorker,1 week ago,2020-12-19 22:26:07.191560,"Trump's New Brand Is Loser. His post-election tantrum is forcing conservatives to affirm, again and again, that he lost the election fair and square.",https://www.newyorker.com/news/letter-from-trumps-washington/trumps-new-brand-is-loser,"data:image/gif;base64,R0lGODlhAQABAIAAAP///////yH5BAEKAAEALAAAAAABAAEAAAICTAEAOw==",0.13636363636363635,0.45454545454545453,-0.5267
Trump’s Coup Attempt Isn’t Over,The New Yorker,on · 1 week ago,2020-12-19 22:26:03.257064,"That astounding show of loyalty to Trump made it imaginable that Republican lawmakers, having failed to convince the Court to overturn the election result, ...",https://www.newyorker.com/news/our-columnists/trumps-coup-attempt-isnt-over,"data:image/gif;base64,R0lGODlhAQABAIAAAP///////yH5BAEKAAEALAAAAAABAAEAAAICTAEAOw==",0.0,0.0,0.0
Trump’s parting gift to Morocco,Washington Post,2 weeks ago,2020-12-12 22:26:11.075330,"The appeal to history was the prelude to a proclamation. “It is thus fitting,” Trump wrote, “we recognize their sovereignty over the Western Sahara.” In a series of ...",https://www.washingtonpost.com/world/2020/12/14/trumps-parting-gift-morocco/,"data:image/gif;base64,R0lGODlhAQABAIAAAP///////yH5BAEKAAEALAAAAAABAAEAAAICTAEAOw==",0.0,0.0,0.4404
Barr couldn't pass Trump's loyalty test: shredding the US constitution,The Guardian,2 weeks ago,2020-12-12 22:26:09.187658,"The attorney general, who acted as Trump's enforcer with apparent relish, ultimately wouldn't help him steal an election. David Smith in Washington.",https://www.theguardian.com/us-news/2020/dec/14/bill-barr-donald-trump-resignation-us-constitution,"data:image/gif;base64,R0lGODlhAQABAIAAAP///////yH5BAEKAAEALAAAAAABAAEAAAICTAEAOw==",0.0,0.0,-0.431
"In Trump’s final days, a rush of federal executions",BBC News,2 weeks ago,2020-12-12 22:26:07.188544,"As President Donald Trump's days in the White House wane, his administration is racing through a string of federal executions. Five executions are scheduled ...",https://www.bbc.com/news/world-us-canada-55236260,"data:image/gif;base64,R0lGODlhAQABAIAAAP///////yH5BAEKAAEALAAAAAABAAEAAAICTAEAOw==",0.0,1.0,0.0
Electoral college vote may be knockout blow to Trump's ploy to subvert election,The Guardian,2 weeks ago,2020-12-12 22:26:05.143076,"This year, given Trump's volatile display of tilting at windmills in an attempt to negate the will of the American people, it will carry real political significance. Trump ...",https://www.theguardian.com/us-news/2020/dec/13/us-election-electoral-college-vote-biden-trump,"data:image/gif;base64,R0lGODlhAQABAIAAAP///////yH5BAEKAAEALAAAAAABAAEAAAICTAEAOw==",0.0,0.0,0.0
Senate overwhelmingly passes $740 billion defense bill as Trump's veto threat looms,CNBC,2 weeks ago,2020-12-12 22:26:05.136078,"The National Defense Authorization Act, or NDAA, breezed from Congress to Trump's desk with overwhelming support. Trump has previously said that he would ...",https://www.cnbc.com/2020/12/11/senate-passes-740-billion-defense-bill-as-trump-veto-threat-looms.html,"data:image/gif;base64,R0lGODlhAQABAIAAAP///////yH5BAEKAAEALAAAAAABAAEAAAICTAEAOw==",0.5,1.0,-0.6124
Texas election case: A week in Trump and Biden's split-screen America,BBC News,2 weeks ago,2020-12-12 22:26:05.133041,"Trump's longshot election challenges. ""For individuals and organisations that champion the rule of law and claim the mantle of the founding principles of our nation ...",https://www.bbc.com/news/election-us-2020-55268371,"data:image/gif;base64,R0lGODlhAQABAIAAAP///////yH5BAEKAAEALAAAAAABAAEAAAICTAEAOw==",0.0,0.0,0.0
Donald Trump's race against the clock,CNN,2 weeks ago,2020-12-12 22:26:05.130075,"(CNN) This week, President Donald Trump was still at it, baselessly trying to undermine the 2020 election. Meanwhile, the coronavirus pandemic reached a grim ...",https://www.cnn.com/2020/12/11/politics/donald-trump-coronavirus-vaccine-lawsuits-election/index.html,"data:image/gif;base64,R0lGODlhAQABAIAAAP///////yH5BAEKAAEALAAAAAABAAEAAAICTAEAOw==",0.0,0.0,0.0
Opinion | The ‘Trump Won’ Farce Isn’t Funny Anymore,The New York Times,2 weeks ago,2020-12-12 22:26:05.127043,"For our purposes, the “joke” is President Trump's ongoing fight to overturn the election results and hold on to power against the wishes of most Americans, ...",https://www.nytimes.com/2020/12/11/opinion/trump-republicans-texas-lawsuit.html,"data:image/gif;base64,R0lGODlhAQABAIAAAP///////yH5BAEKAAEALAAAAAABAAEAAAICTAEAOw==",-0.07500000000000001,0.75,0.0516
Trump's coup is failing but American democracy is still on the critical list,The Guardian,2 weeks ago,2020-12-12 22:26:05.124043,"But even as Donald Trump's efforts to overturn the presidential election result face a knockout blow when the electoral college meets on Monday, the president is ...",https://www.theguardian.com/us-news/2020/dec/12/donald-trump-coup-american-democracy,"data:image/gif;base64,R0lGODlhAQABAIAAAP///////yH5BAEKAAEALAAAAAABAAEAAAICTAEAOw==",0.0,0.4,-0.6249
Twitter briefly restricts Trump’s disputed election tweets,The Verge,2 weeks ago,2020-12-12 22:26:05.121043,"It looked like Twitter was adding further restrictions to President Trump's Twitter account on Saturday, as some users noticed the ability to like, retweet or reply to ...",https://www.theverge.com/2020/12/12/22171126/trump-twitter-disputed-tweets-election-retweets,"data:image/gif;base64,R0lGODlhAQABAIAAAP///////yH5BAEKAAEALAAAAAABAAEAAAICTAEAOw==",0.0,0.3333333333333333,-0.5719
"Trump blasts AG Barr over Hunter Biden probe secrecy, condemns Supreme Court order tossing election challenge",CNBC,2 weeks ago,2020-12-12 22:26:05.118043,All of Trump's targets have not endorsed his evidence-free claims that widespread fraud led to his defeat.,https://www.cnbc.com/2020/12/12/trump-blasts-barr-over-hunter-biden-probe-condemns-supreme-court.html,"data:image/gif;base64,R0lGODlhAQABAIAAAP///////yH5BAEKAAEALAAAAAABAAEAAAICTAEAOw==",0.0,0.0,0.1531
Trump engages in self-sabotage ahead of historic vaccine rollout,CNN,2 weeks ago,2020-12-12 22:26:03.270065,No matter how loyal an aide has been -- and regardless of how many times they put their own reputation on the line to do Trump's bidding -- the President has ...,https://www.cnn.com/2020/12/13/politics/donald-trump-william-barr-pfizer-vaccine/index.html,"data:image/gif;base64,R0lGODlhAQABAIAAAP///////yH5BAEKAAEALAAAAAABAAEAAAICTAEAOw==",0.0,0.0,0.25
Trump's false crusade rolls on despite devastating Supreme Court rebuke,CNN,2 weeks ago,2020-12-12 22:26:03.267064,Trump's dangerous delusions about a stolen election represent the most overt attempt in modern history by a President to overthrow the will of the voters. But they ...,https://www.cnn.com/2020/12/09/politics/trump-election-fraud-claims-supreme-court-rebuke/index.html,"data:image/gif;base64,R0lGODlhAQABAIAAAP///////yH5BAEKAAEALAAAAAABAAEAAAICTAEAOw==",-0.7000000000000001,0.8,0.1326
Prosecuting Donald Trump: the question that will roil Biden's ...,Financial Times,2 weeks ago,2020-12-12 22:26:03.092877,"Both Mr Trump's conduct before and while in office offer potential targets for possible federal investigation under the Biden administration. Michael Cohen, Mr ...",https://www.ft.com/content/b83d2ae9-4c1f-47c8-8947-90892b8e2117,"data:image/gif;base64,R0lGODlhAQABAIAAAP///////yH5BAEKAAEALAAAAAABAAEAAAICTAEAOw==",0.0,0.0,0.0
Trump aide banned from Justice after trying to get case info,Associated Press,3 weeks ago,2020-12-05 22:26:11.095329,WASHINGTON (AP) — The official serving as President Donald Trump's eyes and ears at the Justice Department has been banned from the building after trying ...,https://apnews.com/article/heidi-stirrup-banned-justice-department-7624560e990ec55383a2a3e421c3a52e,"data:image/gif;base64,R0lGODlhAQABAIAAAP///////yH5BAEKAAEALAAAAAABAAEAAAICTAEAOw==",0.0,0.0,0.1027
Dr. Scott Atlas resigns from Trump administration,CNN,3 weeks ago,2020-12-05 22:26:11.091330,A source familiar with what happened told CNN that Atlas turned in his resignation letter to President Donald Trump on Monday. As a special government ...,https://www.cnn.com/2020/11/30/politics/scott-atlas-resigns-trump-administration-coronavirus-task-force/index.html,"data:image/gif;base64,R0lGODlhAQABAIAAAP///////yH5BAEKAAEALAAAAAABAAEAAAICTAEAOw==",0.0,0.0,-0.3182
Trump’s odd new attack on Section 230 is probably doomed,TechCrunch,3 weeks ago,2020-12-05 22:26:11.082331,"Trump's crusade against a key internet law known as Section 230 tends to pop up ... Now, Trump wants to veto the National Defense Authorization Act (NDAA), ...",https://techcrunch.com/2020/12/02/trump-section-230-ndaa/,"data:image/gif;base64,R0lGODlhAQABAIAAAP///////yH5BAEKAAEALAAAAAABAAEAAAICTAEAOw==",-0.015151515151515152,0.3522727272727273,-0.8625
"Rudy Giuliani Has Tested Positive For Covid, Trump Says",The New York Times,3 weeks ago,2020-12-05 22:26:11.072331,"Rudolph W. Giuliani, the former New York City mayor and President Trump's personal and campaign lawyer, has tested positive for the coronavirus, Mr. Trump ...",https://www.nytimes.com/2020/12/06/world/rudy-giuliani-covid.html,"data:image/gif;base64,R0lGODlhAQABAIAAAP///////yH5BAEKAAEALAAAAAABAAEAAAICTAEAOw==",0.22727272727272727,0.5454545454545454,0.5574
Giuliani hospitalized after testing positive for coronavirus,CNN,3 weeks ago,2020-12-05 22:26:11.069330,"(CNN) Rudy Giuliani, President Donald Trump's personal attorney and the face of his longshot legal challenges to overturn the presidential election results, has ...",https://www.cnn.com/2020/12/06/politics/rudy-giuliani-coronavirus-positive/index.html,"data:image/gif;base64,R0lGODlhAQABAIAAAP///////yH5BAEKAAEALAAAAAABAAEAAAICTAEAOw==",0.22727272727272727,0.5454545454545454,0.5574
More Than 50 People In Trump’s Orbit Have Contracted Covid-19,Forbes,3 weeks ago,2020-12-05 22:26:11.066330,"President Trump announced Sunday that Rudy Giuliani, his personal lawyer, had tested positive for Covid-19, making him at least the 53rd person in the ...",https://www.forbes.com/sites/jackbrewster/2020/12/06/more-than-50-people-in-trumps-orbit-have-contracted-covid-19/,"data:image/gif;base64,R0lGODlhAQABAIAAAP///////yH5BAEKAAEALAAAAAABAAEAAAICTAEAOw==",0.5,0.5,0.0
Georgia Republicans Contort Themselves to Avoid Trump’s Fury,The New York Times,3 weeks ago,2020-12-05 22:26:09.190657,"Trump's ultimate wish, expressed in a tweet earlier this week: that enough proof of fraud will be uncovered for him to prevail. But Georgia, perhaps more than any ...",https://www.nytimes.com/2020/12/02/us/politics/georgia-republicans-election-trump.html,"data:image/gif;base64,R0lGODlhAQABAIAAAP///////yH5BAEKAAEALAAAAAABAAEAAAICTAEAOw==",0.0,0.0,-0.7096
"Presidential Transition Highlights: Justice Dept. Has No Evidence of Fraud That Would Undo Biden’s Win, Barr Says",The New York Times,3 weeks ago,2020-12-05 22:26:09.034625,"Trump's election loss, on Tuesday moved closer to overtly accepting the reality that Mr. Biden would be in the White House next year, while discussing the ...",https://www.nytimes.com/live/2020/12/01/us/joe-biden-trump,"data:image/gif;base64,R0lGODlhAQABAIAAAP///////yH5BAEKAAEALAAAAAABAAEAAAICTAEAOw==",0.8,0.4,0.296
Trump teases 2024 run at White House event,Politico,3 weeks ago,2020-12-05 22:26:09.031625,"President Donald Trump hinted to supporters Tuesday evening at a White House Christmas party that he is looking to wage a 2024 comeback campaign, the ...",https://www.politico.com/news/2020/12/01/trump-2024-presidential-run-442083,"data:image/gif;base64,R0lGODlhAQABAIAAAP///////yH5BAEKAAEALAAAAAABAAEAAAICTAEAOw==",0.0,0.0,-0.296
Trump considers 2024 campaign kickoff on Inauguration Day,NBC News,3 weeks ago,2020-12-05 22:26:09.028624,The president is not expected to attend his successor's inauguration or even call him but could hold a campaign event Jan. 20. Donald Trump Holds MAGA ...,https://www.nbcnews.com/politics/2020-election/trump-considers-2024-campaign-kick-inauguration-day-n1249595,"data:image/gif;base64,R0lGODlhAQABAIAAAP///////yH5BAEKAAEALAAAAAABAAEAAAICTAEAOw==",0.0,0.0,0.0
GOP Officials Push Back On Trump's Election Disinformation,NPR,3 weeks ago,2020-12-05 22:26:07.029565,Republicans at the national level have mostly stayed quiet during President Trump's monthlong baseless crusade against November's election results. But at the ...,https://www.npr.org/2020/12/04/941284401/as-trumps-election-pressure-campaign-hits-republican-officials-some-hit-back,"data:image/gif;base64,R0lGODlhAQABAIAAAP///////yH5BAEKAAEALAAAAAABAAEAAAICTAEAOw==",0.0,0.0,0.0
Trump's criticism of GOP Senate candidates has Republicans worried ahead of rally,CNN,3 weeks ago,2020-12-05 22:26:07.026529,"But Trump's impending campaign rally in Georgia has some Republicans on edge, concerned Trump could depress turnout among his base if he continues to rail ...",https://www.cnn.com/2020/12/04/politics/trump-georgia-senate/index.html,"data:image/gif;base64,R0lGODlhAQABAIAAAP///////yH5BAEKAAEALAAAAAABAAEAAAICTAEAOw==",0.0,0.0,-0.6249
Trump’s post-election cash grab floods funds to new PAC,Politico,3 weeks ago,2020-12-05 22:26:07.023560,"Trump's fundraising operation is instead sending it to a new political organization created by the president: a leadership PAC called Save America PAC, a type of ...",https://www.politico.com/news/2020/12/03/trump-pac-fundraising-442775,"data:image/gif;base64,R0lGODlhAQABAIAAAP///////yH5BAEKAAEALAAAAAABAAEAAAICTAEAOw==",0.13636363636363635,0.45454545454545453,0.0
"Trump's attacks on election integrity 'disgust me', says senior Georgia Republican",The Guardian,3 weeks ago,2020-12-05 22:26:03.263068,"Donald Trump's attacks on Republican officials in Georgia and insistence his defeat by Joe Biden must be overturned are disgusting, the Republican lieutenant ...",https://www.theguardian.com/us-news/2020/dec/06/trump-republicans-governor-geoff-duncan-republican,"data:image/gif;base64,R0lGODlhAQABAIAAAP///////yH5BAEKAAEALAAAAAABAAEAAAICTAEAOw==",0.0,0.0,-0.6369
