title,media,date,datetime,desc,link,img,textBlob polarity,textBlob subjectivity,vader polarity
Trump cuts aid to Central American countries as migrant crisis deepens,Reuters,"Mar 30, 2019",2019-03-30,"At a rally on the border in El Paso, Texas, Democratic presidential hopeful Beto O'Rourke denounced Trump's immigration policies as the politics of “fear and ...",https://www.reuters.com/article/us-usa-immigration-trump-idUSKCN1RC013,"data:image/gif;base64,R0lGODlhAQABAIAAAP///////yH5BAEKAAEALAAAAAABAAEAAAICTAEAOw==",0.0,0.125,-0.743
The Golan Heights: What's at Stake With Trump's Recognition,Council on Foreign Relations,"Mar 28, 2019",2019-03-28,"President Trump's reversal of half-century-old U.S. policy will in practice change little in the strategic territory occupied by Israel, but it could have far-reaching ...",https://www.cfr.org/backgrounder/golan-heights-whats-stake-trumps-recognition,"data:image/gif;base64,R0lGODlhAQABAIAAAP///////yH5BAEKAAEALAAAAAABAAEAAAICTAEAOw==",0.0,0.0,0.0
"Trump says FBI, DOJ will review 'outrageous' Jussie Smollett case",NBC News,"Mar 28, 2019",2019-03-28,"""It is an embarrassment to our Nation!"" Trump said of prosecutors' dropping charges against the ""Empire"" actor.",https://www.nbcnews.com/politics/donald-trump/trump-says-fbi-doj-will-review-outrageous-jussie-smollett-case-n988281,"data:image/gif;base64,R0lGODlhAQABAIAAAP///////yH5BAEKAAEALAAAAAABAAEAAAICTAEAOw==",-1.0,1.0,-0.4588
Trump’s Call for Russian Hacking Makes Even Less Sense After Mueller,The Atlantic,"Mar 27, 2019",2019-03-27,"For the first year of his presidential campaign, Donald Trump was a devoted exponent of the press conference. He seemed to revel in the format: the jousts with ...",https://www.theatlantic.com/politics/archive/2019/03/reviewing-trumps-call-russian-hacking-after-mueller/585838/,"data:image/gif;base64,R0lGODlhAQABAIAAAP///////yH5BAEKAAEALAAAAAABAAEAAAICTAEAOw==",-0.08333333333333333,0.03333333333333333,0.0
Mueller report: Why Trump’s “no collusion” victory lap is premature,Vox,"Mar 27, 2019",2019-03-27,Why Trump's “no collusion” victory lap is premature. Foreign intelligence operations are not meant to leave traces behind that could be used in a courtroom. By ...,https://www.vox.com/policy-and-politics/2019/3/27/18284306/trump-no-collusion-mueller-report-bill-barr-russia-intelligence-operations,"data:image/gif;base64,R0lGODlhAQABAIAAAP///////yH5BAEKAAEALAAAAAABAAEAAAICTAEAOw==",0.0,0.0,0.0
Trump tells Russia to get its troops out of Venezuela,Reuters,"Mar 27, 2019",2019-03-27,WASHINGTON (Reuters) - U.S. President Donald Trump on Wednesday called on Russia to pull its troops from Venezuela and said that “all options” were open ...,https://www.reuters.com/article/us-venezuelan-politics-usa-idUSKCN1R81OQ,"data:image/gif;base64,R0lGODlhAQABAIAAAP///////yH5BAEKAAEALAAAAAABAAEAAAICTAEAOw==",0.0,0.0,0.0
"Trump administration doubles down on opposition to Puerto Rico funding, drawing criticism",NBC News,"Mar 27, 2019",2019-03-27,"The White House doubled down Wednesday on President Donald Trump's comments opposing disaster funding for Puerto Rico, drawing outrage from ...",https://www.nbcnews.com/news/latino/trump-administration-doubles-down-opposition-puerto-rico-funding-drawing-criticism-n988181,"data:image/gif;base64,R0lGODlhAQABAIAAAP///////yH5BAEKAAEALAAAAAABAAEAAAICTAEAOw==",-0.15555555555555559,0.2888888888888889,-0.4404
Trump hints at payback for 'evil' enemies over Mueller report,BBC News,"Mar 26, 2019",2019-03-26,"President Donald Trump says his enemies who did ""evil"" and ""treasonous things"" will be under scrutiny after he was absolved of colluding with Russia. Speaking ...",https://www.bbc.com/news/world-us-canada-47699611,"data:image/gif;base64,R0lGODlhAQABAIAAAP///////yH5BAEKAAEALAAAAAABAAEAAAICTAEAOw==",-1.0,1.0,-0.8225
Conway's Spin on Trump's 'Obstructive Conduct',FactCheck.org,"Mar 26, 2019",2019-03-26,White House counselor Kellyanne Conway falsely claimed that special counsel Robert Mueller's report concluded that President Donald Trump engaged in “no ...,https://www.factcheck.org/2019/03/conways-spin-on-trumps-obstructive-conduct/,"data:image/gif;base64,R0lGODlhAQABAIAAAP///////yH5BAEKAAEALAAAAAABAAEAAAICTAEAOw==",0.0,0.0,0.0
Trump Administration Says Entire Affordable Care Act Should ...,NPR,"Mar 26, 2019",2019-03-26,"Updated at 1:30 p.m. ET. In a significant shift, the Trump administration says the entirety of the Affordable Care Act should be struck down in the courts.",https://www.npr.org/2019/03/26/706869835/trump-administration-now-says-entire-affordable-care-act-should-be-repealed,"data:image/gif;base64,R0lGODlhAQABAIAAAP///////yH5BAEKAAEALAAAAAABAAEAAAICTAEAOw==",0.0,0.625,0.4939
President Donald J. Trump Stands by America's Cherished ...,Whitehouse.gov,"Mar 25, 2019",2019-03-25,Trump is welcoming Israeli Prime Minister Benjamin Netanyahu to the White House and furthering our countries' friendship. President Trump is welcoming Prime ...,https://www.whitehouse.gov/briefings-statements/president-donald-j-trump-stands-americas-cherished-ally-israel/,"data:image/gif;base64,R0lGODlhAQABAIAAAP///////yH5BAEKAAEALAAAAAABAAEAAAICTAEAOw==",0.0,0.0,0.5106
Trump says Mueller acted honorably in Russia probe,Politico,"Mar 25, 2019",2019-03-25,President Donald Trump said Monday that he believes Robert Mueller acted ... his investigation into whether Russia colluded with Trump's presidential ...,https://www.politico.com/story/2019/03/25/trump-mueller-acted-honorably-1235226,"data:image/gif;base64,R0lGODlhAQABAIAAAP///////yH5BAEKAAEALAAAAAABAAEAAAICTAEAOw==",0.0,0.0,0.5267
A Cloud Over Trump’s Presidency Is Lifted,New York Times,"Mar 24, 2019",2019-03-24,Trump's family members or even uncover a smoking gun that would prove that his campaign collaborated with the Russian government to elect him in 2016. The ...,https://www.nytimes.com/2019/03/24/us/politics/trump-robert-mueller.html,"data:image/gif;base64,R0lGODlhAQABAIAAAP///////yH5BAEKAAEALAAAAAABAAEAAAICTAEAOw==",0.0,0.0,0.0
Explainer: Why Trump's legal woes go beyond the Mueller report,Reuters,"Mar 24, 2019",2019-03-24,On Sunday Barr released a summary of Mueller's findings that said the investigation did not find that President Donald Trump committed a crime but also does ...,https://www.reuters.com/article/us-usa-trump-russia-investigations-expla-idUSKCN1R50S3,"data:image/gif;base64,R0lGODlhAQABAIAAAP///////yH5BAEKAAEALAAAAAABAAEAAAICTAEAOw==",0.2,0.2,-0.34
Here Are the Other Investigations President Trump Still Faces,TIME,"Mar 23, 2019",2019-03-23,This case is located in the Southern District of New York and focused on payments Trump's former lawyer Michael Cohen made on his behalf to women who ...,https://time.com/5557644/donald-trump-other-investigations-mueller/,"data:image/gif;base64,R0lGODlhAQABAIAAAP///////yH5BAEKAAEALAAAAAABAAEAAAICTAEAOw==",-0.125,0.375,0.0
Trump’s legal troubles are far from over even as Mueller probe ends,Washington Post,"Mar 23, 2019",2019-03-23,"For 22 months, Donald Trump's presidency has been haunted largely by one legal foe, a Washington prosecutor with seemingly unlimited power but who was ...",https://www.washingtonpost.com/politics/trumps-legal-troubles-are-far-from-over-even-as-mueller-probe-ends/2019/03/23/397fd1e8-4d68-11e9-93d0-64dbcf38ba41_story.html,"data:image/gif;base64,R0lGODlhAQABAIAAAP///////yH5BAEKAAEALAAAAAABAAEAAAICTAEAOw==",0.15000000000000002,0.6,-0.3612
"Donald Trump's new, confusing closing argument against the Mueller report",CNN,"Mar 22, 2019",2019-03-22,It's also in keeping with Trump's broader lack of knowledge – or concern – about the traditional separation between a president and his Justice Department. Trump ...,https://www.cnn.com/2019/03/22/politics/donald-trump-robert-mueller-unelected/index.html,"data:image/gif;base64,R0lGODlhAQABAIAAAP///////yH5BAEKAAEALAAAAAABAAEAAAICTAEAOw==",-0.08181818181818182,0.42727272727272725,-0.5267
Trump's Numerous Declarations of Victory Over IS,Voice of America,"Mar 21, 2019",2019-03-21,"In late 2018, President Donald Trump announced the U.S. would withdraw almost all of its troops from Syria, saying the Islamic State terror group had been ...",https://www.voanews.com/usa/us-politics/trumps-numerous-declarations-victory-over,"data:image/gif;base64,R0lGODlhAQABAIAAAP///////yH5BAEKAAEALAAAAAABAAEAAAICTAEAOw==",0.0,0.5,0.0
President Donald J. Trump is Improving Transparency and ...,,"Mar 21, 2019",2019-03-21,"Trump is committed to promoting free speech on college campuses. Today, the President is signing an Executive Order that promotes free speech on college ...",https://www.whitehouse.gov/briefings-statements/president-donald-j-trump-is-improving-transparency-and-promoting-free-speech-in-higher-education/,"data:image/gif;base64,R0lGODlhAQABAIAAAP///////yH5BAEKAAEALAAAAAABAAEAAAICTAEAOw==",0.0,0.0,0.4215
Here's What Trump's Executive Order on Free Speech Says,The Chronicle of Higher Education,"Mar 21, 2019",2019-03-21,"Here's What Trump's Executive Order on Free Speech Says. By Andy Thomason. March 21, 2019.",https://www.chronicle.com/article/Here-s-What-Trump-s/245943?cid=wcontentgrid_hp_1b,"data:image/gif;base64,R0lGODlhAQABAIAAAP///////yH5BAEKAAEALAAAAAABAAEAAAICTAEAOw==",0.4,0.8,0.5106
Trump signs executive order on campus free speech,CNN,"Mar 21, 2019",2019-03-21,"Donald Trump signed an executive order Thursday afternoon aimed at improving transparency and promoting free speech on college campuses, part of a ...",https://www.cnn.com/2019/03/21/politics/campus-free-speech-executive-order-donald-trump/index.html,"data:image/gif;base64,R0lGODlhAQABAIAAAP///////yH5BAEKAAEALAAAAAABAAEAAAICTAEAOw==",0.4,0.8,0.5106
"Trump Supporter Sobs as He Describes Mailing Bombs to Obama, Clinton and Other Democrats",New York Times,"Mar 21, 2019",2019-03-21,"Sayoc Jr., sat in a Manhattan federal courtroom on Thursday and described how he painstakingly assembled homemade pipe bombs that he sent to prominent ...",https://www.nytimes.com/2019/03/21/nyregion/cesar-sayoc-trump-mail-bomber.html,"data:image/gif;base64,R0lGODlhAQABAIAAAP///////yH5BAEKAAEALAAAAAABAAEAAAICTAEAOw==",-0.125,0.375,-0.34
But their emails: Seven members of Trump’s team have used unofficial communication tools,Washington Post,"Mar 21, 2019",2019-03-21,President Trump's objections to Hillary Clinton's use of a private email server when she was secretary of state were never terribly convincing. He didn't always ...,https://www.washingtonpost.com/politics/2019/03/21/their-emails-seven-members-trumps-team-have-used-unofficial-communications-tools/,"data:image/gif;base64,R0lGODlhAQABAIAAAP///////yH5BAEKAAEALAAAAAABAAEAAAICTAEAOw==",0.0,0.0,0.0
Trump: I didn't get a thank you for McCain funeral,BBC News,"Mar 20, 2019",2019-03-20,"Mr Trump has repeatedly assailed the late Arizona senator in recent days, reigniting a feud that dates back to before his presidency. The Vietnam War veteran died ...",https://www.bbc.com/news/world-us-canada-47642335,"data:image/gif;base64,R0lGODlhAQABAIAAAP///////yH5BAEKAAEALAAAAAABAAEAAAICTAEAOw==",0.0,0.0,-0.5588
Trump Backs Public Release Of Mueller Report,NPR,"Mar 20, 2019",2019-03-20,"Amid signs that special counsel Robert Mueller will soon complete his investigation into Russian interference in the 2016 presidential election, President Trump ...",https://www.npr.org/2019/03/20/705162788/trump-backs-public-release-of-mueller-report,"data:image/gif;base64,R0lGODlhAQABAIAAAP///////yH5BAEKAAEALAAAAAABAAEAAAICTAEAOw==",0.0,0.06666666666666667,-0.0516
Trump forges bond with Brazil's Bolsonaro in White House visit,Reuters,"Mar 19, 2019",2019-03-19,WASHINGTON (Reuters) - U.S. President Donald Trump and Brazil's new far-right leader Jair Bolsonaro forged a bond over their shared brand of conservative ...,https://www.reuters.com/article/us-usa-brazil-idUSKCN1R01VV,"data:image/gif;base64,R0lGODlhAQABAIAAAP///////yH5BAEKAAEALAAAAAABAAEAAAICTAEAOw==",0.0,0.0,0.0
Trump Has Two Words for Kellyanne Conway’s Husband: ‘Total Loser’,New York Times,"Mar 19, 2019",2019-03-19,"The husband in question, George T. Conway III, a prominent conservative lawyer, has been publicly critical of Mr. Trump for months. But in recent days he has ...",https://www.nytimes.com/2019/03/19/us/politics/george-conway-kellyanne-conway.html,"data:image/gif;base64,R0lGODlhAQABAIAAAP///////yH5BAEKAAEALAAAAAABAAEAAAICTAEAOw==",0.0,0.75,0.0
"Trump’s GM tweets: General Motors’ Ohio plant closure, explained",Vox,"Mar 18, 2019",2019-03-18,"Trump's General Motors tweets, explained. Trump is eager to blame everyone but himself for a GM plant closing in Lordstown, Ohio. By Emily Stewart ...",https://www.vox.com/policy-and-politics/2019/3/18/18271028/trump-general-motors-david-green-mary-barra,"data:image/gif;base64,R0lGODlhAQABAIAAAP///////yH5BAEKAAEALAAAAAABAAEAAAICTAEAOw==",0.05000000000000002,0.5,0.0
"Trump issues first veto of his presidency, says resolution 'put countless Americans in danger'",CNN,"Mar 15, 2019",2019-03-15,"Trump said the resolution, which would have reversed the national emergency, ""put countless Americans in danger."" ""There haven't been too many that are bigger ...",https://www.cnn.com/2019/03/15/politics/trump-veto-resolution/index.html,"data:image/gif;base64,R0lGODlhAQABAIAAAP///////yH5BAEKAAEALAAAAAABAAEAAAICTAEAOw==",0.125,0.41666666666666663,-0.5267
Few Americans see savings from Trump's tax reform: Reuters/Ipsos poll,Reuters,"Mar 15, 2019",2019-03-15,Few Americans see savings from Trump's tax reform: Reuters/Ipsos poll ... as strong a 2020 campaign talking point as Republicans and President Donald Trump ...,https://www.reuters.com/article/us-usa-tax-survey-idUSKCN1QW1BY,"data:image/gif;base64,R0lGODlhAQABAIAAAP///////yH5BAEKAAEALAAAAAABAAEAAAICTAEAOw==",-0.2,0.1,0.0
'It's a small group of people': Trump again denies white nationalism is rising threat,The Guardian,"Mar 15, 2019",2019-03-15,"Donald Trump said he did not view white nationalism as a rising threat around the world, as New Zealand is reeling from a white supremacist attack on two ...",https://www.theguardian.com/us-news/2019/mar/15/donald-trump-denies-white-nationalism-threat-new-zealand,"data:image/gif;base64,R0lGODlhAQABAIAAAP///////yH5BAEKAAEALAAAAAABAAEAAAICTAEAOw==",-0.125,0.2,-0.7351
Veto Message to the House of Representatives for HJ Res. 46,,"Mar 15, 2019",2019-03-15,"It is, therefore, my duty to return it to the House of Representatives without my approval. DONALD J. TRUMP. THE WHITE HOUSE, March 15, 2019. WhiteHouse.",https://www.whitehouse.gov/briefings-statements/veto-message-house-representatives-h-j-res-46/,"data:image/gif;base64,R0lGODlhAQABAIAAAP///////yH5BAEKAAEALAAAAAABAAEAAAICTAEAOw==",0.0,0.0,0.0
Congress Passes Resolution To Block Trump's Order To Build The Wall,NPR,"Mar 14, 2019",2019-03-14,"The Republican-controlled Senate approved a resolution to terminate President Trump's national emergency declaration at the U.S.-Mexico border, putting ...",https://www.npr.org/2019/03/14/703379399/congress-overturns-trumps-national-emergency-declaration-to-build-the-wall,"data:image/gif;base64,R0lGODlhAQABAIAAAP///////yH5BAEKAAEALAAAAAABAAEAAAICTAEAOw==",0.0,0.0,-0.4404
President Donald Trump issues order to ground Boeing 737 Max 8 after crashes,USA TODAY,"Mar 13, 2019",2019-03-13,"In a statement issued after Trump's remarks, the FAA said the administration was reversing course based on ""the data gathering process and new evidence ...",https://www.usatoday.com/story/news/politics/2019/03/13/donald-trump-says-he-signed-order-ground-boeing-737-max-8/3152157002/,"data:image/gif;base64,R0lGODlhAQABAIAAAP///////yH5BAEKAAEALAAAAAABAAEAAAICTAEAOw==",0.0,0.0,0.0
"Trump’s cuts to Medicaid, Social Security, and Medicare, explained",Vox,"Mar 12, 2019",2019-03-12,"President Donald Trump's 2020 budget breaks one of his biggest campaign promises to voters: that he would leave Medicaid, Social Security, and Medicare ...",https://www.vox.com/policy-and-politics/2019/3/12/18260271/trump-medicaid-social-security-medicare-budget-cuts,"data:image/gif;base64,R0lGODlhAQABAIAAAP///////yH5BAEKAAEALAAAAAABAAEAAAICTAEAOw==",0.03333333333333333,0.06666666666666667,0.0516
Trump seeks big cuts to science funding — again,Nature.com,"Mar 11, 2019",2019-03-11,Nature's news team reports on what Trump's budget would mean for US government science agencies. National Institutes of Health. The White House plan would ...,https://www.nature.com/articles/d41586-019-00719-4,"data:image/gif;base64,R0lGODlhAQABAIAAAP///////yH5BAEKAAEALAAAAAABAAEAAAICTAEAOw==",0.0,0.1,-0.296
Trump once again requests deep cuts in U.S. science spending,Science Magazine,"Mar 11, 2019",2019-03-11,"For the third year in a row, President Donald Trump's administration has unveiled a budget request to Congress that calls for deep spending cuts at many federal ...",https://www.sciencemag.org/news/2019/03/trump-once-again-requests-deep-cuts-us-science-spending,"data:image/gif;base64,R0lGODlhAQABAIAAAP///////yH5BAEKAAEALAAAAAABAAEAAAICTAEAOw==",0.0,0.4,-0.296
Administration Presents President Trump's Fiscal Year 2020 ...,,"Mar 11, 2019",2019-03-11,"President Trump's Budget for 2020 will balance in 15 years, end runaway spending, and secure prosperity for future generations.” ***. A Budget for a Better ...",https://www.whitehouse.gov/briefings-statements/administration-presents-president-trumps-fiscal-year-2020-budget-request/,"data:image/gif;base64,R0lGODlhAQABAIAAAP///////yH5BAEKAAEALAAAAAABAAEAAAICTAEAOw==",0.0,0.0,0.0
Nancy Pelosi on impeaching President Trump: 'He's just not ...,Washington Post,"Mar 11, 2019",2019-03-11,"In a wide-ranging interview, the country's most powerful Democrat says Trump is unfit to be president — “ethically,” “intellectually” and “curiosity-wise” — but ...",https://www.washingtonpost.com/news/magazine/wp/2019/03/11/feature/nancy-pelosi-on-impeaching-president-trump-hes-just-not-worth-it/,"data:image/gif;base64,R0lGODlhAQABAIAAAP///////yH5BAEKAAEALAAAAAABAAEAAAICTAEAOw==",0.0,0.0,0.0
President Trump autographed Bibles for survivors of the Alabama tornado outbreak,Washington Post,"Mar 8, 2019",2019-03-08,"Residents of a small Alabama city, still reeling after deadly tornadoes devastated their corner of the state, said President Trump's visit Thursday was “a godsend.”.",https://www.washingtonpost.com/religion/2019/03/08/president-trump-autographed-bibles-survivors-alabama-tornado-outbreak/,"data:image/gif;base64,R0lGODlhAQABAIAAAP///////yH5BAEKAAEALAAAAAABAAEAAAICTAEAOw==",0.0,0.0,0.0
"Paul Manafort, Trump's ex-campaign chair, sentenced to 47 months",The Guardian,"Mar 7, 2019",2019-03-07,"Paul Manafort, Trump's ex-campaign chair, sentenced to 47 months · Term announced in Virginia is falls far short of federal guidelines · Sentencing for other crimes ...",https://www.theguardian.com/us-news/2019/mar/07/paul-manafort-sentencing-trump-campaign-chief,"data:image/gif;base64,R0lGODlhAQABAIAAAP///////yH5BAEKAAEALAAAAAABAAEAAAICTAEAOw==",0.0,0.0,-0.0258
Trump Seeks Huge Premium From Allies Hosting U.S. Troops,Bloomberg,"Mar 7, 2019",2019-03-07,"For years, President Donald Trump has complained that countries hosting American troops aren't paying enough. Now he wants to get even, and then some.",https://www.bloomberg.com/news/articles/2019-03-08/trump-said-to-seek-huge-premium-from-allies-hosting-u-s-troops,"data:image/gif;base64,R0lGODlhAQABAIAAAP///////yH5BAEKAAEALAAAAAABAAEAAAICTAEAOw==",0.4000000000000001,0.9,0.3182
What does Ivanka Trump do?,CNN,"Mar 6, 2019",2019-03-06,"While it's unusual for a President's child to serve an administration, it's a familiar role for Trump -- she had been her father's trusted adviser through her young ...",https://www.cnn.com/2019/03/06/politics/ivanka-trump-security-clearance-white-house/index.html,"data:image/gif;base64,R0lGODlhAQABAIAAAP///////yH5BAEKAAEALAAAAAABAAEAAAICTAEAOw==",0.0,0.0,0.0
President Donald J. Trump Issues a National Call to Action to ...,Whitehouse.gov,"Mar 5, 2019",2019-03-05,Quote · President Trump is signing an Executive Order on the “President's Roadmap to Empower Veterans and End a National Tragedy of Suicide”—the ...,https://www.whitehouse.gov/briefings-statements/president-donald-j-trump-issues-national-call-action-empower-veterans-end-national-tragedy-veteran-suicide/,"data:image/gif;base64,R0lGODlhAQABAIAAAP///////yH5BAEKAAEALAAAAAABAAEAAAICTAEAOw==",0.1,0.1,0.0
Democratic investigations now target Trump's entire world,CNN,"Mar 5, 2019",2019-03-05,Nearly everyone in Donald Trump's world just became a potential witness. House Democrats are laying down a vast net as they ramp up their investigation into ...,https://www.cnn.com/2019/03/05/politics/democratic-investigations-trump-entire-world/index.html,"data:image/gif;base64,R0lGODlhAQABAIAAAP///////yH5BAEKAAEALAAAAAABAAEAAAICTAEAOw==",0.0,0.625,0.0
Trump lets loose at CPAC in longest speech of his presidency,NBC News,"Mar 3, 2019",2019-03-03,"According to an indictment from special counsel Robert Mueller, Russians made their first attempt to hack Clinton's personal servers that same day. Trump's ...",https://www.nbcnews.com/politics/donald-trump/trump-lets-loose-cpac-longest-speech-his-presidency-n978556,"data:image/gif;base64,R0lGODlhAQABAIAAAP///////yH5BAEKAAEALAAAAAABAAEAAAICTAEAOw==",-0.07692307692307693,0.2692307692307692,-0.3182
"How the Trump-Kim Summit Failed: Big Threats, Big Egos, Bad Bets",New York Times,"Mar 2, 2019",2019-03-02,"North Korea itself had said repeatedly that it would only move gradually. Several of Mr. Trump's own aides, led by national security adviser John R. Bolton and ...",https://www.nytimes.com/2019/03/02/world/asia/trump-kim-jong-un-summit.html,"data:image/gif;base64,R0lGODlhAQABAIAAAP///////yH5BAEKAAEALAAAAAABAAEAAAICTAEAOw==",-0.29999999999999993,0.29166666666666663,-0.8625
Otto Warmbier's Parents Dispute Trump's Seeming Absolution ...,NPR,"Mar 1, 2019",2019-03-01,"After President Trump seemingly absolved North Korean leader Kim Jong Un in the death of American college student Otto Warmbier, the Ohio man's parents say ...",https://www.npr.org/2019/03/01/699387735/otto-warmbiers-parents-dispute-trump-s-seeming-absolution-of-kim-jong-un,"data:image/gif;base64,R0lGODlhAQABAIAAAP///////yH5BAEKAAEALAAAAAABAAEAAAICTAEAOw==",0.0,0.0,-0.4019
Otto Warmbier parents blame Kim for son's death and reject Trump's 'excuses',The Guardian,"Mar 1, 2019",2019-03-01,Otto Warmbier parents blame Kim for son's death and reject Trump's 'excuses'. This article is more than 1 year old. Parents of American who died after Pyongyang ...,https://www.theguardian.com/us-news/2019/mar/01/otto-warmbier-north-korea-kim-trump-parents-response,"data:image/gif;base64,R0lGODlhAQABAIAAAP///////yH5BAEKAAEALAAAAAABAAEAAAICTAEAOw==",0.0,0.0,-0.8402
House Democrats prepare case to request Trump tax returns,NBC News,"Mar 1, 2019",2019-03-01,WASHINGTON — The top tax-writing committee in the House is readying a request for years of President Donald Trump's personal tax returns that is expected to ...,https://www.nbcnews.com/politics/congress/house-democrats-prepare-effort-request-trump-tax-returns-n978246,"data:image/gif;base64,R0lGODlhAQABAIAAAP///////yH5BAEKAAEALAAAAAABAAEAAAICTAEAOw==",0.0,0.0,0.0
