title,media,date,datetime,desc,link,img,textBlob polarity,textBlob subjectivity,vader polarity
Lucy Flores Discusses Her Allegations Against Joe Biden,,"Mar 31, 2019",2019-03-31,"Former Vice President Biden responded with a statement that said, quote, ""in my many years on the campaign trail and in public life, I have offered countless ...",https://www.npr.org/2019/03/31/708599304/lucy-flores-discusses-her-allegations-against-joe-biden,"data:image/gif;base64,R0lGODlhAQABAIAAAP///////yH5BAEKAAEALAAAAAABAAEAAAICTAEAOw==",0.0,0.0,0.0
Joe Biden Offered 'Expressions Of Affection' But Denies ...,NPR,"Mar 31, 2019",2019-03-31,"Biden's remarks come two days after Lucy Flores, who was running for lieutenant governor at the time of the alleged incident, published an essay about it in New ...",https://www.npr.org/2019/03/31/708537421/joe-biden-offered-expressions-of-affection-but-denies-inappropriate-behavior,"data:image/gif;base64,R0lGODlhAQABAIAAAP///////yH5BAEKAAEALAAAAAABAAEAAAICTAEAOw==",0.0,0.0,-0.3612
Biden on 'awkward kiss' allegation: 'Not once — never — did I believe I acted inappropriately',NBC News,"Mar 31, 2019",2019-03-31,"Former Vice President Joe Biden on Sunday addressed an allegation that he inappropriately kissed a Nevada candidate for statewide office in 2014, saying in a ...",https://www.nbcnews.com/politics/2020-election/biden-awkward-kiss-allegation-not-once-never-did-i-believe-n989306,"data:image/gif;base64,R0lGODlhAQABAIAAAP///////yH5BAEKAAEALAAAAAABAAEAAAICTAEAOw==",-0.6,1.0,0.296
Ex-lawmaker says likely Democratic presidential contender ...,The Straits Times,"Mar 30, 2019",2019-03-30,"Biden's overly familiar approach with women has been a subject of discussion for years. He has had a reputation for awkwardly touching the wives, mothers or ...",https://www.straitstimes.com/world/united-states/ex-lawmaker-says-likely-democratic-presidential-contender-joe-biden,"data:image/gif;base64,R0lGODlhAQABAIAAAP///////yH5BAEKAAEALAAAAAABAAEAAAICTAEAOw==",0.0,1.0,0.128
Joe Biden Isn’t the Answer,The Cut,"Mar 29, 2019",2019-03-29,"For his whole career, Biden's role has been to comfort the lost, prized, and most fondly imagined Democratic voter, the one who's like him: that guy in the diner, ...",https://www.thecut.com/2019/03/joe-biden-isnt-the-answer-for-president-in-2020.html,"data:image/gif;base64,R0lGODlhAQABAIAAAP///////yH5BAEKAAEALAAAAAABAAEAAAICTAEAOw==",0.0,0.0,0.0
When Joe Biden Voted to Let States Overturn Roe v. Wade,The New York Times,"Mar 29, 2019",2019-03-29,Biden's more moderate-to-conservative stances in his legislative record are raising questions in the party about whether he could win over an ascendant liberal ...,https://www.nytimes.com/2019/03/29/us/politics/biden-abortion-rights.html,"data:image/gif;base64,R0lGODlhAQABAIAAAP///////yH5BAEKAAEALAAAAAABAAEAAAICTAEAOw==",0.0,0.0,0.0
"Joe Biden leads Bernie Sanders, Beto O'Rourke, Kamala Harris in latest Quinnipiac poll",USA TODAY,"Mar 28, 2019",2019-03-28,The poll found 29 percent of Democrats and voters leaning Democratic would favor Biden if the Democratic primary were held today. Biden has not yet announced ...,https://www.usatoday.com/story/news/politics/2019/03/28/biden-leads-sanders-orourke-harris-latest-2020-quinnipiac-poll/3297371002/,"data:image/gif;base64,R0lGODlhAQABAIAAAP///////yH5BAEKAAEALAAAAAABAAEAAAICTAEAOw==",0.5,0.9,0.0
"Biden criticizes 'white man's culture,' role in Hill hearing",Associated Press,"Mar 27, 2019",2019-03-27,Biden's role in the 1991 Thomas confirmation hearings is among his many political challenges as he considers making a 2020 bid for the presidency. Should he ...,https://apnews.com/73e70d011191490d839683b1fc89363f,"data:image/gif;base64,R0lGODlhAQABAIAAAP///////yH5BAEKAAEALAAAAAABAAEAAAICTAEAOw==",0.0,0.0,-0.34
"Joe Biden will meet with advisors to discuss how he would roll out a 2020 White House run, which he could announce as late as Easter week",CNBC,"Mar 27, 2019",2019-03-27,"Former US Vice President Joe Biden speaks during the First State Democratic Dinner in Dover, Delaware, on March 16, 2019. Saul Loeb | AFP | Getty Images. Joe ...",https://www.cnbc.com/2019/03/27/joe-biden-discusses-2020-presidential-campaign-kickoff.html,"data:image/gif;base64,R0lGODlhAQABAIAAAP///////yH5BAEKAAEALAAAAAABAAEAAAICTAEAOw==",-0.15,0.3,0.0
Stacey Abrams Shoots Down the Biden Rumor: “You Don’t Run for Second Place”,Vanity Fair,"Mar 27, 2019",2019-03-27,"“I actually think this is a sign of Biden's weakness as a candidate that he wants to get a younger, perhaps more dynamic figure running with him,” suggested Perry ...",https://www.vanityfair.com/news/2019/03/stacey-abrams-not-joe-biden-running-mate,"data:image/gif;base64,R0lGODlhAQABAIAAAP///////yH5BAEKAAEALAAAAAABAAEAAAICTAEAOw==",-0.07777777777777779,0.14444444444444446,0.0
Stacey Abrams says the vice presidency 'was not the core issue' discussed with Joe Biden,CNN,"Mar 27, 2019",2019-03-27,"(CNN) Georgia Democrat Stacey Abrams said Wednesday that ""you don't run for second place"" when asked about the possibility of being Joe Biden's running ...",https://www.cnn.com/2019/03/27/politics/stacey-abrams-joe-biden-meeting-vice-president-2020-cbs-interview/index.html,"data:image/gif;base64,R0lGODlhAQABAIAAAP///////yH5BAEKAAEALAAAAAABAAEAAAICTAEAOw==",0.0,0.0,0.0
Democratic A-Team: Can We Expect a Joe Biden-Stacey Abrams 2020 Run?,Observer,"Mar 27, 2019",2019-03-27,Former Vice President Joe Biden (L) and Georgia gubernatorial nominee Stacey Abrams (R). SAUL LOEB/AFP/GettyImages and Paul Zimmerman/Getty Images ...,https://observer.com/2019/03/joe-biden-stacey-abrams-2020-democratic-ticket-chances/,"data:image/gif;base64,R0lGODlhAQABAIAAAP///////yH5BAEKAAEALAAAAAABAAEAAAICTAEAOw==",0.0,0.0,0.0
Why is Joe Biden all over Tinder? How the former vice president became the Internet’s favorite wingman.,Washington Post,"Mar 26, 2019",2019-03-26,But Joe Biden's omnipresence anoints him the hoisted fish of celebrity selfies. At one point I assumed a dating app algorithm had somehow sensed my Irish ...,https://www.washingtonpost.com/lifestyle/2019/03/26/why-is-joe-biden-all-over-tinder-former-vice-president-has-become-internets-favorite-wingman/,"data:image/gif;base64,R0lGODlhAQABAIAAAP///////yH5BAEKAAEALAAAAAABAAEAAAICTAEAOw==",0.25,0.5,0.4588
"Biden leads Trump by 7 percentage points in hypothetical 2020 matchup, poll finds",USA TODAY,"Mar 24, 2019",2019-03-24,Former Vice President Joe Biden remains the front-runner among the 2020 Democratic presidential hopefuls – despite not officially entering the race – and he ...,https://www.usatoday.com/story/news/politics/elections/2019/03/24/joe-biden-leads-donald-trump-2020-election-matchup-poll-finds/3261265002/,"data:image/gif;base64,R0lGODlhAQABAIAAAP///////yH5BAEKAAEALAAAAAABAAEAAAICTAEAOw==",0.0,0.0,0.0
The Challenges and Opportunities Facing Joe Biden,The New Yorker,"Mar 22, 2019",2019-03-22,Only time will tell if this prediction is right. But the events of this week have demonstrated that Biden is also exposing himself to hazards by standing on the edge ...,https://www.newyorker.com/news/our-columnists/the-challenges-and-opportunities-facing-joe-biden,"data:image/gif;base64,R0lGODlhAQABAIAAAP///////yH5BAEKAAEALAAAAAABAAEAAAICTAEAOw==",0.0,0.0,0.4404
Joe Biden Weighing Unique Steps to Reassure Voters Concerned About His Age,New York Times,"Mar 21, 2019",2019-03-21,"Biden's 2020 campaign as a one-time rescue mission for a beleaguered country, according to multiple party officials. Such moves would amount to a big play that ...",https://www.nytimes.com/2019/03/21/us/politics/joe-biden-2020-election.html,"data:image/gif;base64,R0lGODlhAQABAIAAAP///////yH5BAEKAAEALAAAAAABAAEAAAICTAEAOw==",0.375,1.0,0.34
World leaders urge Joe Biden to run,POLITICO.eu,"Mar 20, 2019",2019-03-20,"Citing Biden's long foreign policy track record and longtime commitment to the transatlantic alliance, some of the leaders — echoing views from across the ...",https://www.politico.eu/article/world-leaders-urge-joe-biden-to-run-united-states-2020-democrat-president-foreign-policy-sanders/,"data:image/gif;base64,R0lGODlhAQABAIAAAP///////yH5BAEKAAEALAAAAAABAAEAAAICTAEAOw==",0.0,0.0,0.0
Joe Biden vote for Iraq War could hurt 2020 presidential election chances - Business Insider,Business Insider,"Mar 20, 2019",2019-03-20,"Biden is expected to run for president in 2020, and could face questions about his foreign policy record on the campaign trail. Former Vice President Joe Biden's ...",https://www.businessinsider.com/joe-biden-iraq-war-vote-anniversary-2020-election-problem-2019-3,"data:image/gif;base64,R0lGODlhAQABAIAAAP///////yH5BAEKAAEALAAAAAABAAEAAAICTAEAOw==",0.0,0.0,-0.7579
Biden privately tells supporters he's planning a 2020 White House run: WSJ,CNBC,"Mar 19, 2019",2019-03-19,"Biden, 76, has been contemplating a White House run for some time and continues to lead in polls among Democrats as a favorite to take on President Donald ...",https://www.cnbc.com/2019/03/20/biden-privately-tells-supporters-hes-planning-2020-run-wsj.html,"data:image/gif;base64,R0lGODlhAQABAIAAAP///////yH5BAEKAAEALAAAAAABAAEAAAICTAEAOw==",0.0,0.1875,0.4404
Why Joe Biden's 'inevitability' campaign may be a mistake,CNN,"Mar 19, 2019",2019-03-19,"Why Joe Biden's 'inevitability' campaign may be a mistake. Analysis by Chris Cillizza, CNN Editor-at-large. Published 7:35 PM EDT, Tue March ...",https://www.cnn.com/2019/03/19/politics/joe-biden-presidential-run-2020-inevitability/index.html,"data:image/gif;base64,R0lGODlhAQABAIAAAP///////yH5BAEKAAEALAAAAAABAAEAAAICTAEAOw==",0.0,0.0,-0.34
The burden of a 40-year career: Some of Joe Biden’s record doesn’t age well,Los Angeles Times,"Mar 18, 2019",2019-03-18,"A review of Biden's record — which spans 36 years as a U.S. senator and eight as vice president — is, in part, a reminder of how much the Democratic Party ...",https://www.latimes.com/politics/la-na-pol-biden-senate-record-controversies-20190318-story.html,"data:image/gif;base64,R0lGODlhAQABAIAAAP///////yH5BAEKAAEALAAAAAABAAEAAAICTAEAOw==",0.0,0.0,-0.2023
What Joe Biden learned from his life-threatening brain aneurysms,The News Journal,"Mar 18, 2019",2019-03-18,"In early 1988, Joe Biden was devastated. The then-Delaware senator had bowed out of the 1988 presidential race after questions were raised about the lack of ...",https://www.delawareonline.com/story/news/politics/joe-biden/2019/03/18/joe-biden-2020-how-then-senator-overcame-life-threatening-brain-aneurysms/3002961002/,"data:image/gif;base64,R0lGODlhAQABAIAAAP///////yH5BAEKAAEALAAAAAABAAEAAAICTAEAOw==",0.0,0.0,0.0
Joe Biden: can a veteran centrist win in the polarised age of Trump?,The Guardian,"Mar 16, 2019",2019-03-16,"His name was Joe Biden. The year was 1972 and Biden's astounding win would make him the second youngest senator in American history. A few weeks later, he ...",https://www.theguardian.com/us-news/2019/mar/15/joe-biden-democrats-trump-2020-president,"data:image/gif;base64,R0lGODlhAQABAIAAAP///////yH5BAEKAAEALAAAAAABAAEAAAICTAEAOw==",0.4,0.2,0.5859
"Biden will be a bust, Trump aides assure their boss",Politico,"Mar 15, 2019",2019-03-15,"President Donald Trump has publicly expressed confidence that he could easily best Joe Biden in a 2020 battle. But behind closed doors, the president has ...",https://www.politico.com/story/2019/03/15/trump-joe-biden-2020-1222398,"data:image/gif;base64,R0lGODlhAQABAIAAAP///////yH5BAEKAAEALAAAAAABAAEAAAICTAEAOw==",0.0,0.0,0.34
Trump Aides Are Desperately Betting on the Left to Cancel Biden,Vanity Fair,"Mar 15, 2019",2019-03-15,"Biden, however, is another matter. ... and has recently “peppered” aides with questions about Biden's polling and what it would mean for a general election.",https://www.vanityfair.com/news/2019/03/donald-trump-joe-biden-2020-election,"data:image/gif;base64,R0lGODlhAQABAIAAAP///////yH5BAEKAAEALAAAAAABAAEAAAICTAEAOw==",-0.3,0.5,-0.5574
"Stacey Abrams, Joe Biden meet as both weigh 2020 decisions",CNBC,"Mar 14, 2019",2019-03-14,A person close to Abrams confirmed the meeting and says it was at Biden's request. The person was not authorized to speak publicly.,https://www.cnbc.com/2019/03/14/stacey-abrams-joe-biden-meet-as-both-weigh-2020-decisions.html,"data:image/gif;base64,R0lGODlhAQABAIAAAP///////yH5BAEKAAEALAAAAAABAAEAAAICTAEAOw==",0.0,0.0,0.0
"Abrams, Biden huddle together as both look to 2020 elections",Associated Press,"Mar 14, 2019",2019-03-14,"ATLANTA (AP) — Former Vice President Joe Biden and Georgia Democrat Stacey Abrams met privately Thursday in Washington, bringing together two starkly ...",https://apnews.com/0f2e21e505ea4eb8bbcd1b2ded9c2b76,"data:image/gif;base64,R0lGODlhAQABAIAAAP///////yH5BAEKAAEALAAAAAABAAEAAAICTAEAOw==",0.0,0.0,0.0
Florida Insider Poll: Joe Biden gives Democrats best chance to beat Trump,Tampa Bay Times,"Mar 14, 2019",2019-03-14,Former Vice President Joe Biden has yet to declare he's running for president but Florida politicos think he'll eventually be the party's nominee. Florida's ...,https://www.tampabay.com/florida-politics/buzz/2019/03/14/florida-insider-poll-joe-biden-gives-democrats-best-chance-to-beat-trump/,"data:image/gif;base64,R0lGODlhAQABAIAAAP///////yH5BAEKAAEALAAAAAABAAEAAAICTAEAOw==",1.0,0.3,0.7351
"Warren breaks with Biden, says Pence is 'not an honorable person'",Politico,"Mar 13, 2019",2019-03-13,"Warren breaks with Biden, says Pence is 'not an honorable person'. By REBECCA MORIN. 03/13/2019 10:38 AM EDT.",https://www.politico.com/story/2019/03/13/warren-pence-not-honorable-person-1219649,"data:image/gif;base64,R0lGODlhAQABAIAAAP///////yH5BAEKAAEALAAAAAABAAEAAAICTAEAOw==",0.0,0.0,-0.431
Joe Biden’s And Bernie Sanders’s Support Isn’t Just About Name Recognition,FiveThirtyEight,"Mar 13, 2019",2019-03-13,"At least, I haven't heard anyone saying it about the Democrats leading in the polls — Joe Biden and Bernie Sanders — so far this year. It certainly is worthwhile to ...",https://fivethirtyeight.com/features/biden-and-bernies-support-isnt-just-name-recognition/,"data:image/gif;base64,R0lGODlhAQABAIAAAP///////yH5BAEKAAEALAAAAAABAAEAAAICTAEAOw==",0.0,0.0,0.4019
Will Black Voters Still Love Biden When They Remember Who He Was?,New York Magazine,"Mar 12, 2019",2019-03-12,"Joe Biden was for desegregating America's schools, until his constituents were against it. When the Delaware Democrat launched his first campaign for the Senate ...",https://nymag.com/intelligencer/2019/03/joe-biden-record-on-busing-incarceration-racial-justice-democratic-primary-2020-explained.html,"data:image/gif;base64,R0lGODlhAQABAIAAAP///////yH5BAEKAAEALAAAAAABAAEAAAICTAEAOw==",0.16666666666666669,0.5166666666666666,0.6369
Inside Biden and Warren's Yearslong Feud - POLITICO ...,POLITICO Magazine,"Mar 12, 2019",2019-03-12,"Biden, then a senator from Delaware, was one of the strongest backers of a bill meant to address the skyrocketing rate at which Americans were filing for ...",https://www.politico.com/magazine/story/2019/03/12/biden-vs-warren-2020-democratic-primaries-bankruptcy-bill-225728,"data:image/gif;base64,R0lGODlhAQABAIAAAP///////yH5BAEKAAEALAAAAAABAAEAAAICTAEAOw==",0.0,0.0,-0.34
Opinion | The Trouble With Biden,New York Times,"Mar 11, 2019",2019-03-11,The possibility of defeating Trump without defeating Trumpism looms over Joe Biden's possible run for the 2020 Democratic nomination. The former vice ...,https://www.nytimes.com/2019/03/11/opinion/biden-busing-integration.html,"data:image/gif;base64,R0lGODlhAQABAIAAAP///////yH5BAEKAAEALAAAAAABAAEAAAICTAEAOw==",-0.2,0.2,-0.4019
Joe Biden tops 2020 Iowa Democratic presidential poll ahead of Sanders,The Guardian,"Mar 9, 2019",2019-03-09,"Biden, who has not announced whether he is running in the 2020 election, is the first choice for president of likely Iowa Democratic caucus-goers with 27% in the ...",https://www.theguardian.com/us-news/2019/mar/10/joe-biden-tops-2020-iowa-democratic-presidential-poll-ahead-of-sanders,"data:image/gif;base64,R0lGODlhAQABAIAAAP///////yH5BAEKAAEALAAAAAABAAEAAAICTAEAOw==",0.0,0.0,0.5106
Joe Biden and his advisors are talking about possible infrastructure plans as a potential 2020 White House run takes shape,CNBC,"Mar 8, 2019",2019-03-08,"Former Vice President Joe Biden has been actively meeting with his closest advisors about his preferred economic policies, including crafting an infrastructure ...",https://www.cnbc.com/2019/03/08/joe-biden-and-his-team-talk-about-infrastructure-as-he-weighs-2020-bid.html,"data:image/gif;base64,R0lGODlhAQABAIAAAP///////yH5BAEKAAEALAAAAAABAAEAAAICTAEAOw==",0.0,0.6666666666666666,0.0
Biden in 1993 speech pushing crime bill warned of 'predators on our streets' who were 'beyond the pale',CNN,"Mar 7, 2019",2019-03-07,Biden's word choice could also pose a problem with a new generation of Democrats who view the rhetoric at the time as perpetuating harmful myths about the ...,https://www.cnn.com/2019/03/07/politics/biden-1993-speech-predators/index.html,"data:image/gif;base64,R0lGODlhAQABAIAAAP///////yH5BAEKAAEALAAAAAABAAEAAAICTAEAOw==",-0.21,0.18,-0.6808
Biden’s tough talk on 1970s school desegregation plan could get new scrutiny in today’s Democratic Party,Washington Post,"Mar 7, 2019",2019-03-07,Biden's tough talk on 1970s school desegregation plan could get new scrutiny in today's Democratic Party. Sen.,https://www.washingtonpost.com/politics/bidens-tough-talk-on-1970s-school-desegregation-plan-could-get-new-scrutiny-in-todays-democratic-party/2019/03/07/9115583e-3eb2-11e9-a0d3-1210e58a94cf_story.html,"data:image/gif;base64,R0lGODlhAQABAIAAAP///////yH5BAEKAAEALAAAAAABAAEAAAICTAEAOw==",-0.12626262626262627,0.6439393939393939,0.296
Joe Biden's 1975 rhetoric on race,Washington Post,"Mar 7, 2019",2019-03-07,Joe Biden's 1975 rhetoric on race. Matt Viser on what we can learn from an interview with Joe Biden from the 1970s. Cat Zakrzewski on Facebook's privacy ...,https://www.washingtonpost.com/podcasts/post-reports/joe-bidens-1975-rhetoric-on-race/,"data:image/gif;base64,R0lGODlhAQABAIAAAP///////yH5BAEKAAEALAAAAAABAAEAAAICTAEAOw==",0.0,0.0,0.0
Trump asked top political advisors whether he should worry about running against Joe Biden,CNBC,"Mar 6, 2019",2019-03-06,"They also told the president they believe Biden's opponents will say he's out of touch with the base of his own party. Biden, who leads in several primary polls of ...",https://www.cnbc.com/2019/03/06/trump-asked-advisors-whether-he-should-worry-about-facing-joe-biden-in-2020.html,"data:image/gif;base64,R0lGODlhAQABAIAAAP///////yH5BAEKAAEALAAAAAABAAEAAAICTAEAOw==",0.25,0.3,-0.2732
Joe Biden 2020: Where does he stand on the big issues for Democrats?,The News Journal,"Mar 6, 2019",2019-03-06,"Joe Biden hasn't launched a campaign for president yet, so he doesn't have an official policy platform. But we can still get a good sense of where the former vice ...",https://www.delawareonline.com/story/opinion/contributors/2019/03/06/joe-biden-2020-where-does-he-stand-issues/3027174002/,"data:image/gif;base64,R0lGODlhAQABAIAAAP///////yH5BAEKAAEALAAAAAABAAEAAAICTAEAOw==",0.0,0.1,0.0
"Who Calls Joe Biden 'Middle-Class Joe'? Joe Biden Does, That's Who.",HuffPost,"Mar 6, 2019",2019-03-06,"Joe Biden Does, That's Who. “I know I'm always referred to as 'Middle-Class Joe,'” the former vice president has said like 500 times.",https://www.huffpost.com/entry/joe-biden-middle-class_n_5c8032d8e4b06ff26ba55799,"data:image/gif;base64,R0lGODlhAQABAIAAAP///////yH5BAEKAAEALAAAAAABAAEAAAICTAEAOw==",0.0,0.0,0.0
Joe Biden's Biggest 2020 Problem Is Joe Biden,HuffPost,"Mar 5, 2019",2019-03-05,"Joe Biden's Biggest 2020 Problem Is Joe Biden. Despite cultivating a populist image, the former vice president has spent his career championing policies favored ...",https://www.huffpost.com/entry/joe-biden-2020_n_5c796502e4b087c2f295ba31,"data:image/gif;base64,R0lGODlhAQABAIAAAP///////yH5BAEKAAEALAAAAAABAAEAAAICTAEAOw==",0.0,0.0,-0.4019
These Democratic voters were asked if they want Biden to run for president. Not one raised their hands.,CNN,"Mar 5, 2019",2019-03-05,"“How many of you would like to see Joe Biden get in? Show of hands,” CNN's Alisyn Camerota asked the panel of six Democrats, selected from Ohio, New York, ...",https://www.cnn.com/2019/03/05/politics/biden-should-stay-out-of-race-democrats-cnntv/index.html,"data:image/gif;base64,R0lGODlhAQABAIAAAP///////yH5BAEKAAEALAAAAAABAAEAAAICTAEAOw==",0.0,0.0,0.0772
How old is Joe Biden compared to 2020 presidential election candidates? We break it down.,The News Journal,"Mar 5, 2019",2019-03-05,"If Joe Biden, currently 76, were elected commander in chief, he'd be 78 years old by the time he was sworn in, displacing Donald Trump as the oldest person ...",https://www.delawareonline.com/story/news/2019/03/05/how-old-joe-biden-2020-presidential-election-candidates-age/3003401002/,"data:image/gif;base64,R0lGODlhAQABAIAAAP///////yH5BAEKAAEALAAAAAABAAEAAAICTAEAOw==",-0.02777777777777779,0.24444444444444446,0.0
Biden In 1974: Women Don't Have Sole Right To Say What Should Happen To Their Bodies,HuffPost,"Mar 5, 2019",2019-03-05,"Biden In 1974: Women Don't Have Sole Right To Say What Should Happen To Their Bodies. If the former vice president decides to run in 2020, he'll need to ...",https://www.huffpost.com/entry/biden-in-74-women-dont-have-sole-right-to-say-what-should-happen-to-their-bodies_n_5c78409ae4b0de0c3fbf2b70,"data:image/gif;base64,R0lGODlhAQABAIAAAP///////yH5BAEKAAEALAAAAAABAAEAAAICTAEAOw==",0.14285714285714285,0.39285714285714285,0.0
Joe Biden’s a decent guy. The left should treat him decently,The Boston Globe,"Mar 4, 2019",2019-03-04,"Biden's strength lies in his potential appeal as a general election candidate. But first he has to get through a Democratic primary, which is shifting more sharply to ...",https://www.bostonglobe.com/opinion/columns/2019/03/04/joe-biden-decent-guy-the-left-should-treat-him-decently/Eq829xmx6pctKErHzVWGeL/story.html,"data:image/gif;base64,R0lGODlhAQABAIAAAP///////yH5BAEKAAEALAAAAAABAAEAAAICTAEAOw==",0.1111111111111111,0.4444444444444444,0.4019
The benefits of Joe Biden,Washington Post,"Mar 3, 2019",2019-03-03,"This is why Biden is leaning strongly toward running.” This is not mere boosterism but rather, I think, an acknowledgment that Biden brings qualities to the race ...",https://www.washingtonpost.com/opinions/2019/03/03/benefits-biden/,"data:image/gif;base64,R0lGODlhAQABAIAAAP///////yH5BAEKAAEALAAAAAABAAEAAAICTAEAOw==",0.0,0.0,0.3818
Joe Biden said something nice about Mike Pence. Big mistake.,CNN,"Mar 1, 2019",2019-03-01,Biden was referencing the rocky reception Pence received last month at a security conference in Munich as a way to illustrate the damage President Donald Trump ...,https://www.cnn.com/2019/03/01/politics/joe-biden-mike-pence-2020/index.html,"data:image/gif;base64,R0lGODlhAQABAIAAAP///////yH5BAEKAAEALAAAAAABAAEAAAICTAEAOw==",0.3,0.55,0.1027
Joe Biden in hot water for calling Mike Pence a 'decent guy' - Business Insider,Business Insider,"Mar 1, 2019",2019-03-01,"Actress and activist Cynthia Nixon in a tweet went after Biden for complimenting ""America's most anti-LGBT elected leader."" Responding directly to Nixon, Biden ...",https://www.businessinsider.com/joe-biden-in-hot-water-for-calling-mike-pence-a-decent-guy-2019-3,"data:image/gif;base64,R0lGODlhAQABAIAAAP///////yH5BAEKAAEALAAAAAABAAEAAAICTAEAOw==",0.20833333333333331,0.7583333333333333,0.0
"After criticism from the LGBT community, Joe Biden walked back his praise of Mike Pence",Washington Post,"on · Mar 1, 2019",2019-03-01,"But on Thursday, Biden's mild praise of one Trump administration official became a political liability. At a speech in Omaha, Biden called Vice President Pence “a ...",https://www.washingtonpost.com/politics/2019/03/01/after-criticism-lgbt-community-joe-biden-walked-back-his-praise-mike-pence/,"data:image/gif;base64,R0lGODlhAQABAIAAAP///////yH5BAEKAAEALAAAAAABAAEAAAICTAEAOw==",0.0,0.0,0.1779
