title,media,date,datetime,desc,link,img,textBlob polarity,textBlob subjectivity,vader polarity
Trump fled to bunker as protests over George Floyd raged outside White House,The Guardian,"May 31, 2020",2020-05-31,"Donald Trump was taken to the secure White House bunker, usually reserved for times of war or terrorist attacks, in the midst of noisy protests on Friday about ...",https://www.theguardian.com/us-news/2020/may/31/trump-flees-to-bunker-as-protests-over-george-floyd-rage-outside-white-house,"data:image/gif;base64,R0lGODlhAQABAIAAAP///////yH5BAEKAAEALAAAAAABAAEAAAICTAEAOw==",0.0,0.025,-0.5994
Trump and Zuckerberg spoke on the phone Friday,CNN,"May 31, 2020",2020-05-31,"New York (CNN) President Donald Trump and Facebook CEO Mark Zuckerberg spoke on the phone Friday, a source familiar with the call told CNN Sunday.",https://www.cnn.com/2020/05/31/media/trump-zuckerberg-phone-call/index.html,"data:image/gif;base64,R0lGODlhAQABAIAAAP///////yH5BAEKAAEALAAAAAABAAEAAAICTAEAOw==",0.0,0.0,0.0
Remarks by President Trump on Actions Against China,Whitehouse.gov,"May 30, 2020",2020-05-30,"Rose Garden. May 29, 2020 2:48 P.M. EDT. THE PRESIDENT: Thank you very much. Good afternoon. Thank you. I'm here today to talk about our relationship ...",https://www.whitehouse.gov/briefings-statements/remarks-president-trump-actions-china/,"data:image/gif;base64,R0lGODlhAQABAIAAAP///////yH5BAEKAAEALAAAAAABAAEAAAICTAEAOw==",0.0,0.0,0.0
Trump targets China over Hong Kong security law,BBC News,"May 30, 2020",2020-05-30,"President Donald Trump has announced that he will start to end preferential treatment for Hong Kong in trade and travel, in response to a new security law pushed ...",https://www.bbc.com/news/world-us-canada-52856876,"data:image/gif;base64,R0lGODlhAQABAIAAAP///////yH5BAEKAAEALAAAAAABAAEAAAICTAEAOw==",0.0,0.0,0.34
Trump taking action to eliminate special treatment for Hong Kong,CNBC,"May 29, 2020",2020-05-29,President Donald Trump announced he would begin taking steps to revoke Hong Kong's favored trade status with the United States. “My announcement today ...,https://www.cnbc.com/2020/05/29/trump-taking-action-to-eliminate-special-treatment-for-hong-kong.html,"data:image/gif;base64,R0lGODlhAQABAIAAAP///////yH5BAEKAAEALAAAAAABAAEAAAICTAEAOw==",0.2285714285714286,0.3357142857142857,0.4019
Trump says U.S. to withdraw from World Health Organization and announces new broadsides against Beijing,Washington Post,"th · May 29, 2020",2020-05-29,"President Trump on Friday leveled an extraordinary broadside at the Chinese government, accusing it of a comprehensive “pattern of misconduct” and ordering ...",https://www.washingtonpost.com/business/2020/05/29/trump-china-hong-kong-who/,"data:image/gif;base64,R0lGODlhAQABAIAAAP///////yH5BAEKAAEALAAAAAABAAEAAAICTAEAOw==",0.13636363636363635,0.45454545454545453,0.0
"Defying Trump, Twitter Doubles Down on Labeling Tweets",The New York Times,"May 28, 2020",2020-05-28,"Trump's tweets about mail-in ballots, rebutting their accuracy. In response, Mr. Trump accused Twitter of stifling speech and declared that he would put a stop to the ...",https://www.nytimes.com/2020/05/28/technology/trump-twitter-fact-check.html,"data:image/gif;base64,R0lGODlhAQABAIAAAP///////yH5BAEKAAEALAAAAAABAAEAAAICTAEAOw==",-0.15555555555555559,0.2888888888888889,0.0
Twitter labels Trump’s tweets with a fact check for the first time,Washington Post,"May 26, 2020",2020-05-26,"Twitter's label says, “Get the facts about mail-in ballots,” and redirects users to news articles about Trump's unsubstantiated claim. There is NO WAY (ZERO!) that ...",https://www.washingtonpost.com/technology/2020/05/26/trump-twitter-label-fact-check/,"data:image/gif;base64,R0lGODlhAQABAIAAAP///////yH5BAEKAAEALAAAAAABAAEAAAICTAEAOw==",0.25,0.3333333333333333,0.0
Donald Trump's anti-mask campaign picks up steam,CNN,"May 26, 2020",2020-05-26,"(CNN) President Donald Trump has never been a big fan of wearing a mask to protect himself -- and others -- from the spread of the coronavirus. ""I don't think I'm ...",https://www.cnn.com/2020/05/26/politics/donald-trump-mask-joe-biden/index.html,"data:image/gif;base64,R0lGODlhAQABAIAAAP///////yH5BAEKAAEALAAAAAABAAEAAAICTAEAOw==",0.0,0.0,0.0
"More Americans are souring on Trump's coronavirus handling, new polling shows",NBC News,"May 22, 2020",2020-05-22,A Fox News poll shows Trump's overall approval rating now at 44 percent — down from 49 percent in April and 48 percent in March.,https://www.nbcnews.com/politics/meet-the-press/more-americans-are-souring-trump-s-coronavirus-handling-new-polling-n1212796,"data:image/gif;base64,R0lGODlhAQABAIAAAP///////yH5BAEKAAEALAAAAAABAAEAAAICTAEAOw==",0.3181818181818182,0.4772727272727273,0.0
"Firing a Salvo in Culture Wars, Trump Pushes for Churches to Reopen",The New York Times,"May 22, 2020",2020-05-22,"President Trump threatened to overrule states that refuse to open places of worship. The White House could not explain how he has that power, and legal experts ...",https://www.nytimes.com/2020/05/22/us/politics/trump-churches-coronavirus.html,"data:image/gif;base64,R0lGODlhAQABAIAAAP///////yH5BAEKAAEALAAAAAABAAEAAAICTAEAOw==",0.0,0.0,-0.7184
Donald Trump press secretary inadvertently reveals president's bank details,The Guardian,"May 22, 2020",2020-05-22,Donald Trump press secretary inadvertently reveals president's bank details. This article is more than 6 months old. Kayleigh McEnany appears to accidentally ...,https://www.theguardian.com/us-news/2020/may/23/donald-trump-press-secretary-inadvertently-reveals-presidents-bank-details,"data:image/gif;base64,R0lGODlhAQABAIAAAP///////yH5BAEKAAEALAAAAAABAAEAAAICTAEAOw==",0.0,0.0,0.0
"6 months on, Trump hasn't completed his physical. The White House won't say why.",NBC News,"May 22, 2020",2020-05-22,"Trump's 2019 exam was conducted in February, and his 2018 physical was conducted in January. It is uncommon for a president to complete a routine physical ...",https://www.nbcnews.com/politics/white-house/white-house-remains-mum-questions-about-trump-s-annual-physical-n1213266,"data:image/gif;base64,R0lGODlhAQABAIAAAP///////yH5BAEKAAEALAAAAAABAAEAAAICTAEAOw==",0.0,0.07142857142857142,0.0
Trump says he won't close the country if second wave of coronavirus hits,CNBC,"May 21, 2020",2020-05-21,President Donald Trump said “we are not closing our country” if the U.S. is hit by a second wave of coronavirus infections. “People say that's a very distinct ...,https://www.cnbc.com/2020/05/21/trump-says-he-wont-close-the-country-if-second-wave-of-coronavirus-hits.html,"data:image/gif;base64,R0lGODlhAQABAIAAAP///////yH5BAEKAAEALAAAAAABAAEAAAICTAEAOw==",0.0,0.0,0.0
Trump administration prepares to leave Open Skies Treaty,DefenseNews.com,"May 21, 2020",2020-05-21,"The news was confirmed by U.S. President Donald Trump midday, followed by a formal announcement by Secretary of State Mike Pompeo that the administration ...",https://www.defensenews.com/global/europe/2020/05/21/trump-admin-to-withdraw-from-open-skies-treaty/,"data:image/gif;base64,R0lGODlhAQABAIAAAP///////yH5BAEKAAEALAAAAAABAAEAAAICTAEAOw==",0.0,0.5,-0.0516
W.H.O. Members Reject Trump’s Demands but Agree to Study Its Virus Response,The New York Times,"May 20, 2020",2020-05-20,performed as the virus spread from China to the rest of the world. Public health experts noted that Mr. Trump's threats to withdraw from the organization and halt ...,https://www.nytimes.com/2020/05/19/us/politics/trump-who-coronavirus.html,"data:image/gif;base64,R0lGODlhAQABAIAAAP///////yH5BAEKAAEALAAAAAABAAEAAAICTAEAOw==",0.0,0.0,0.34
Trump Makes False Claim About Michigan Secretary of State and Mail Voting,The New York Times,"May 20, 2020",2020-05-20,"Trump's first tweet Wednesday targeted Michigan, a critical swing state that he won narrowly in 2016. “Michigan sends absentee ballots to 7.7 million people ...",https://www.nytimes.com/2020/05/20/us/politics/trump-michigan-vote-by-mail.html,"data:image/gif;base64,R0lGODlhAQABAIAAAP///////yH5BAEKAAEALAAAAAABAAEAAAICTAEAOw==",-0.4000000000000001,0.6,0.0
"Trump’s bogus attacks on mail-in voting could hurt his supporters, too",Washington Post,"on · May 20, 2020",2020-05-20,"But Michigan is not sending absentee ballots to all 7.7 million registered voters in the state, as Trump's claim suggests. Instead, as Michigan Secretary of State ...",https://www.washingtonpost.com/outlook/2020/05/20/trump-mail-vote-fraud/,"data:image/gif;base64,R0lGODlhAQABAIAAAP///////yH5BAEKAAEALAAAAAABAAEAAAICTAEAOw==",0.0,0.0,-0.5267
Trump vents as more states move to expand vote-by-mail ahead of November election,CNN,"May 20, 2020",2020-05-20,"(CNN) President Donald Trump on Wednesday lashed out at officials in two swing states, Michigan and Nevada, over their moves to make it easier for more ...",https://www.cnn.com/2020/05/20/politics/vote-by-mail-trump/index.html,"data:image/gif;base64,R0lGODlhAQABAIAAAP///////yH5BAEKAAEALAAAAAABAAEAAAICTAEAOw==",0.5,0.5,0.3182
Trump Ousted State Dept. Watchdog at Pompeo’s Urging; Democrats Open Inquiry,The New York Times,"May 19, 2020",2020-05-19,Trump's decision to remove Mr. Linick is the latest in a series of ousters aimed at inspectors general who the president and his allies believe are opposed to his ...,https://www.nytimes.com/2020/05/16/us/politics/linick-investigation-pompeo.html,"data:image/gif;base64,R0lGODlhAQABAIAAAP///////yH5BAEKAAEALAAAAAABAAEAAAICTAEAOw==",0.0,0.5,0.0
Trump says he takes hydroxychloroquine to prevent coronavirus infection even though it's an unproven treatment,CNBC,"May 18, 2020",2020-05-18,President Donald Trump said Monday that he has been taking anti-malaria drug hydroxychloroquine for over a week to prevent coronavirus infection even ...,https://www.cnbc.com/2020/05/18/trump-says-he-takes-hydroxychloroquine-to-prevent-coronavirus-infection.html,"data:image/gif;base64,R0lGODlhAQABAIAAAP///////yH5BAEKAAEALAAAAAABAAEAAAICTAEAOw==",0.0,0.0,0.0258
Trump’s purge just got much more corrupt. Here’s what’s coming next.,Washington Post,"May 18, 2020",2020-05-18,"But in the case of Trump's termination of Steve Linick, the State Department IG, this could end up looking far worse than we know. There's a backstory here that has ...",https://www.washingtonpost.com/opinions/2020/05/18/trumps-purge-just-got-much-more-corrupt-heres-whats-coming-next/,"data:image/gif;base64,R0lGODlhAQABAIAAAP///////yH5BAEKAAEALAAAAAABAAEAAAICTAEAOw==",0.0,0.5,0.0
The pre-shutdown Donald Trump is back,CNN,"May 17, 2020",2020-05-17,"(CNN) On February 28, President Donald Trump told rallygoers at the North Charleston Coliseum in South Carolina that ""the Democrats are politicizing the ...",https://www.cnn.com/2020/05/17/opinions/pre-shutdown-trump-is-back-opinion-weekly-column-galant/index.html,"data:image/gif;base64,R0lGODlhAQABAIAAAP///////yH5BAEKAAEALAAAAAABAAEAAAICTAEAOw==",0.0,0.0,0.0
'It eats him alive inside': Trump's latest attack shows endless ...,The Guardian,"May 16, 2020",2020-05-16,"President Barack Obama and President-elect Donald Trump once sat together in the Oval Office. “I was immediately struck by Trump's body language,” wrote ...",https://www.theguardian.com/us-news/2020/may/16/trump-obama-obsession-coronavirus-president,"data:image/gif;base64,R0lGODlhAQABAIAAAP///////yH5BAEKAAEALAAAAAABAAEAAAICTAEAOw==",0.15833333333333333,0.6833333333333332,-0.128
Trump is appealing to Americans who have lost jobs not lives. And it may work.,CNN,"May 15, 2020",2020-05-15,But economic blight is everywhere and may brew a political storm that could punish Democrats if Trump can paint them as stubborn enemies of a return to work or ...,https://www.cnn.com/2020/05/15/politics/trump-2016-instincts-pandemic-second-term/index.html,"data:image/gif;base64,R0lGODlhAQABAIAAAP///////yH5BAEKAAEALAAAAAABAAEAAAICTAEAOw==",0.5,0.5,-0.3182
Remarks by President Trump on Vaccine Development,Whitehouse.gov,"May 15, 2020",2020-05-15,"For example, today Secretary Perdue, together with Ivanka Trump, launched the Farmers and [to] Families Food Box Program, which will provide $3 billion to ...",https://www.whitehouse.gov/briefings-statements/remarks-president-trump-vaccine-development/,"data:image/gif;base64,R0lGODlhAQABAIAAAP///////yH5BAEKAAEALAAAAAABAAEAAAICTAEAOw==",0.0,0.0,0.0
Global report: Trump threat to cut trade ties over Covid-19 branded 'lunacy' by Chinese media,The Guardian,"May 14, 2020",2020-05-14,Global report: Trump threat to cut trade ties over Covid-19 branded 'lunacy' by Chinese media. President says he doesn't want to speak to counterpart Xi; Brazil ...,https://www.theguardian.com/world/2020/may/15/global-report-trade-deal-fears-after-trump-threat-to-cut-china-ties-over-covid-19,"data:image/gif;base64,R0lGODlhAQABAIAAAP///////yH5BAEKAAEALAAAAAABAAEAAAICTAEAOw==",0.0,0.0,-0.6705
'Obamagate': Trump seeks to draw Biden into conspiracy theory,The Guardian,"May 13, 2020",2020-05-13,"Trump's aggressive tactic looks set to deepen fears that he will stop at nothing to damage Obama and his vice-president, Joe Biden, the presumptive Democratic ...",https://www.theguardian.com/us-news/2020/may/13/donald-trump-obamagate-conspiracy-theory-biden-flynn-unmasking,"data:image/gif;base64,R0lGODlhAQABAIAAAP///////yH5BAEKAAEALAAAAAABAAEAAAICTAEAOw==",0.0,0.0,-0.5267
Donald Trump extends Huawei ban through May 2021,The Verge,"May 13, 2020",2020-05-13,President Donald Trump has extended his executive order banning US companies from working with or buying telecommunications equipment from companies ...,https://www.theverge.com/2020/5/13/21257675/trump-extends-huawei-ban-may-2021-china-us-android-google-telecom,"data:image/gif;base64,R0lGODlhAQABAIAAAP///////yH5BAEKAAEALAAAAAABAAEAAAICTAEAOw==",0.0,0.0,-0.4767
Trump abruptly ends press conference after reporters challenge him on coronavirus testing,CNBC,"May 11, 2020",2020-05-11,"Trump accused a CBS reporter of asking “a nasty question,” and then refused to answer questions from another reporter he had called upon. The exchanges ...",https://www.cnbc.com/2020/05/11/coronavirus-trump-ends-press-conference-after-reporters-challenge-him-on-testing.html,"data:image/gif;base64,R0lGODlhAQABAIAAAP///////yH5BAEKAAEALAAAAAABAAEAAAICTAEAOw==",-0.125,1.0,0.0772
Trump’s latest Twitter meltdown featured QAnon and a lot of “OBAMAGATE”,Vox,"th · May 11, 2020",2020-05-11,"Trump's latest Twitter meltdown features QAnon, accidental self-owns, and a lot of “OBAMAGATE”. In any previous era, the tweets would be a major national ...",https://www.vox.com/2020/5/11/21254398/trump-tweets-mothers-day-obamagate-coronavirus,"data:image/gif;base64,R0lGODlhAQABAIAAAP///////yH5BAEKAAEALAAAAAABAAEAAAICTAEAOw==",0.5,0.9,0.0
"Attorney General Barr's intervention for Trump allies Michael Flynn and Roger Stone was 'egregious,' says prosecutor who quit DOJ",CNBC,"on · May 11, 2020",2020-05-11,"Attorney General Barr's intervention for Trump allies Michael Flynn and Roger Stone was 'egregious,' says prosecutor who quit DOJ. Published Mon, May 11 2020 ...",https://www.cnbc.com/2020/05/11/trump-allies-michael-flynn-roger-stone-got-help-from-william-barr.html,"data:image/gif;base64,R0lGODlhAQABAIAAAP///////yH5BAEKAAEALAAAAAABAAEAAAICTAEAOw==",0.05000000000000002,0.5,0.0
"'Chaotic disaster': Obama hits Trump's coronavirus response, warns of disinformation ahead of election",NBC News,"May 9, 2020",2020-05-09,"'Chaotic disaster': Obama hits Trump's coronavirus response, warns of disinformation ahead of election. The former president was also critical of the Justice ...",https://www.nbcnews.com/politics/2020-election/chaotic-disaster-obama-hits-trump-s-coronavirus-response-warns-disinformation-n1203806,"data:image/gif;base64,R0lGODlhAQABAIAAAP///////yH5BAEKAAEALAAAAAABAAEAAAICTAEAOw==",0.0,0.0,-0.8271
Obama Criticizes Trump Administration in Private Call With Allies,The New York Times,"May 9, 2020",2020-05-09,"Trump's small-donor fund-raising machine. David Axelrod, who served as Mr. Obama's senior adviser in the White House and now runs the University of Chicago ...",https://www.nytimes.com/2020/05/09/us/politics/obama-flynn-coronavirus-trump.html,"data:image/gif;base64,R0lGODlhAQABAIAAAP///////yH5BAEKAAEALAAAAAABAAEAAAICTAEAOw==",0.0,0.375,-0.34
Flynn dismissal a surprise? AG Barr in sync with Trump,Associated Press,"May 8, 2020",2020-05-08,WASHINGTON (AP) — President Donald Trump says he didn't know the Justice Department was planning to drop its case against his former national security ...,https://apnews.com/article/ae1ad252bb13490db2ceffc5d17b6d92,"data:image/gif;base64,R0lGODlhAQABAIAAAP///////yH5BAEKAAEALAAAAAABAAEAAAICTAEAOw==",0.0,0.0,0.2732
"Donald Trump's cold, hard political calculation",CNN,"May 8, 2020",2020-05-08,"Donald Trump's cold, hard political calculation. By David Axelrod, CNN Senior Political Commentator. Updated 3:51 PM ET, Fri May 8, 2020. Trump ...",https://www.cnn.com/2020/05/07/opinions/donald-trumps-cold-hard-political-calculation-axelrod/index.html,"data:image/gif;base64,R0lGODlhAQABAIAAAP///////yH5BAEKAAEALAAAAAABAAEAAAICTAEAOw==",-0.2972222222222222,0.5472222222222222,-0.1027
"Trump tells allies his wearing a mask would 'send the wrong message,' make him look ridiculous",NBC News,"May 7, 2020",2020-05-07,WASHINGTON — President Donald Trump has been mask averse for weeks. Within minutes of the CDC announcing its updated mask recommendations last ...,https://www.nbcnews.com/politics/donald-trump/trump-tells-allies-his-wearing-mask-would-send-wrong-message-n1202001,"data:image/gif;base64,R0lGODlhAQABAIAAAP///////yH5BAEKAAEALAAAAAABAAEAAAICTAEAOw==",-0.41666666666666663,0.95,-0.6808
White House ramps up internal coronavirus measures after Trump valet tests positive,Washington Post,"May 7, 2020",2020-05-07,CNN identified the military member as one of Trump's personal valets. “We were recently notified by the White House Medical Unit that a member of the United ...,https://www.washingtonpost.com/nation/2020/05/07/coronavirus-update-us/,"data:image/gif;base64,R0lGODlhAQABAIAAAP///////yH5BAEKAAEALAAAAAABAAEAAAICTAEAOw==",0.07575757575757576,0.1818181818181818,0.5574
Trump's anti-China theory implodes,CNN,"May 6, 2020",2020-05-06,"Trump's anti-China theory implodes. By Jeffrey D. Sachs. Updated 7:55 AM ET, Wed May 6, 2020.",https://www.cnn.com/2020/05/05/opinions/trumps-anti-china-theory-implodes-sachs/index.html,"data:image/gif;base64,R0lGODlhAQABAIAAAP///////yH5BAEKAAEALAAAAAABAAEAAAICTAEAOw==",0.0,0.0,0.0
Trump does not wear coronavirus mask at Honeywell factory that makes masks,CNBC,"May 5, 2020",2020-05-05,"President Donald Trump did not wear a mask as a coronavirus precaution during a visit Tuesday to a Honeywell factory in Phoenix, which is making N95 masks ...",https://www.cnbc.com/2020/05/05/coronavirus-trump-does-not-wear-covid-19-mask-at-honeywell-tour.html,"data:image/gif;base64,R0lGODlhAQABAIAAAP///////yH5BAEKAAEALAAAAAABAAEAAAICTAEAOw==",0.0,0.0,0.0
Anthony Fauci just crushed Donald Trump's theory on the origins of the coronavirus,CNN,"on · May 5, 2020",2020-05-05,"And it's not Donald Trump. In short, Fauci's view on the origins of the disease matters a whole lot more than Trump's opinion about where it came from. Especially ...",https://www.cnn.com/2020/05/05/politics/fauci-trump-coronavirus-wuhan-lab/index.html,"data:image/gif;base64,R0lGODlhAQABAIAAAP///////yH5BAEKAAEALAAAAAABAAEAAAICTAEAOw==",-0.1,0.1,-0.4215
Trump says coronavirus 'bailouts' for blue states are unfair to Republicans,CNBC,"May 5, 2020",2020-05-05,"President Trump said increased federal funding to help states recover from coronavirus is unfair to Republicans, “because all the states that need help — they're ...",https://www.cnbc.com/2020/05/05/coronavirus-trump-says-blue-state-bailouts-unfair-to-republicans.html,"data:image/gif;base64,R0lGODlhAQABAIAAAP///////yH5BAEKAAEALAAAAAABAAEAAAICTAEAOw==",-0.25,0.55,-0.4767
It's an insane time for Trump to pick (another) fight with China,CNN,"th · May 4, 2020",2020-05-04,New York (CNN Business) President Donald Trump has picked the worst possible time to relaunch his trade battle with China. The coronavirus pandemic is ...,https://www.cnn.com/2020/05/01/business/trump-china-coronavirus-trade-war/index.html,"data:image/gif;base64,R0lGODlhAQABAIAAAP///////yH5BAEKAAEALAAAAAABAAEAAAICTAEAOw==",-1.0,1.0,-0.6486
Allies Doubt Trump's Coronavirus Lab Leak Claims,Foreign Policy,"May 4, 2020",2020-05-04,"Despite claims from the Trump administration of a growing consensus that COVID-19 originated from a Chinese government lab, three members of the Five Eyes ...",https://foreignpolicy.com/2020/05/04/coronavirus-lab-leak-trump-five-eyes/,"data:image/gif;base64,R0lGODlhAQABAIAAAP///////yH5BAEKAAEALAAAAAABAAEAAAICTAEAOw==",0.0,0.0,-0.5994
Remarks by President Trump in a Fox News Virtual Town Hall,Whitehouse.gov,"May 4, 2020",2020-05-04,"Returning to Work.” Here tonight, live from the Lincoln Memorial in Washington, D.C., we are joined now by President Donald Trump. Good to see you, sir. THE ...",https://www.whitehouse.gov/briefings-statements/remarks-president-trump-fox-news-virtual-town-hall/,"data:image/gif;base64,R0lGODlhAQABAIAAAP///////yH5BAEKAAEALAAAAAABAAEAAAICTAEAOw==",0.0,0.0,0.0
Trump claims intelligence officials did not raise coronavirus until late January,CNN,"May 3, 2020",2020-05-03,Trump said Sunday night that he was first briefed about coronavirus on January 23 and indicated the US intelligence agencies would be issuing a statement in the ...,https://www.cnn.com/2020/05/03/politics/trump-coronavirus-us-intelligence/index.html,"data:image/gif;base64,R0lGODlhAQABAIAAAP///////yH5BAEKAAEALAAAAAABAAEAAAICTAEAOw==",-0.3,0.6,0.4767
Trump administration pushing to rip global supply chains from China: officials,Reuters,"th · May 3, 2020",2020-05-03,Trump's China policy has been defined by behind-the-scenes tussles between pro-trade advisers and China hawks; now the latter say their time has come. “This ...,https://www.reuters.com/article/us-health-coronavirus-usa-china-idUSKBN22G0BZ,"data:image/gif;base64,R0lGODlhAQABAIAAAP///////yH5BAEKAAEALAAAAAABAAEAAAICTAEAOw==",0.0,0.0,0.0
Global markets recoil as Trump threatens US-China trade war,The Guardian,"May 1, 2020",2020-05-01,"Donald Trump's threats to reignite the US-China trade war over coronavirus has triggered another sell-off in global financial markets, as the economic costs of ...",https://www.theguardian.com/business/2020/may/01/global-markets-donald-trump-us-china-trade-war-coronavirus-covid-19,"data:image/gif;base64,R0lGODlhAQABAIAAAP///////yH5BAEKAAEALAAAAAABAAEAAAICTAEAOw==",0.0,0.0,-0.7579
Trump's tendency to deny his past statements has become more glaring during coronavirus,CNBC,"May 1, 2020",2020-05-01,"President Donald Trump answers questions at the daily coronavirus task force briefing flanked by Vice President Mike Pence at the White House in Washington, ...",https://www.cnbc.com/2020/05/01/coronavirus-trump-tendency-to-deny-past-statements-becomes-more-glaring.html,"data:image/gif;base64,R0lGODlhAQABAIAAAP///////yH5BAEKAAEALAAAAAABAAEAAAICTAEAOw==",0.125,0.375,-0.34
Trump Gets Coronavirus Tests While Senators Wait,The New York Times,"May 1, 2020",2020-05-01,"Capitol Lacks Tests for Returning Senators While White House Tests Many in Trump's Circle. As senators prepare to return on Monday, Congress's doctor warned ...",https://www.nytimes.com/2020/05/01/us/politics/coronavirus-testing-senate-white-house.html,"data:image/gif;base64,R0lGODlhAQABAIAAAP///////yH5BAEKAAEALAAAAAABAAEAAAICTAEAOw==",0.0,0.0,0.0
