title,media,date,datetime,desc,link,img,textBlob polarity,textBlob subjectivity,vader polarity
'Her ambition got it wrong about Joe': Harris faces debate ...,Politico,"Jun 30, 2019",2019-06-30,But one of Biden's supporters called the attack by Harris “too cute by half” after her campaign tweeted out — and quickly began merchandising — a photo of Harris ...,https://www.politico.com/story/2019/06/30/kamala-harris-joe-biden-2020-1391212,"data:image/gif;base64,R0lGODlhAQABAIAAAP///////yH5BAEKAAEALAAAAAABAAEAAAICTAEAOw==",-0.5,0.9,-0.4767
Biden's 'gay waiter' comment on LGBTQ rights falls flat in Seattle,CNN,"Jun 30, 2019",2019-06-30,Biden's campaign hits some snags. The reaction to Biden's comment in Seattle Saturday comes after a rocky week for his presidential campaign. Other 2020 ...,https://www.cnn.com/2019/06/30/politics/joe-biden-pushback-gay-rights-waiter-comment-seattle/index.html,"data:image/gif;base64,R0lGODlhAQABAIAAAP///////yH5BAEKAAEALAAAAAABAAEAAAICTAEAOw==",0.19583333333333333,0.3541666666666667,0.0
Trump Consultant Is Trolling Democrats With Biden Site That Isn’t Biden’s,The New York Times,"Jun 29, 2019",2019-06-29,"Biden's campaign knew about the fake website for months, but had not been aware of who was behind it, said T.J. Ducklo, a campaign spokesman. “Imagine our ...",https://www.nytimes.com/2019/06/29/us/politics/fake-joe-biden-website.html,"data:image/gif;base64,R0lGODlhAQABAIAAAP///////yH5BAEKAAEALAAAAAABAAEAAAICTAEAOw==",0.0,0.0,0.0
Joe Biden: That kid in a hoodie may be a poet not a gang banger,Quartz,"Jun 28, 2019",2019-06-28,Joe Biden defended his record on civil rights during a speech in Chicago today—and may have further damaged his bid for the Democratic presidential ...,https://qz.com/1655538/joe-biden-that-kid-in-a-hoodie-may-be-a-poet-not-a-gang-banger/,"data:image/gif;base64,R0lGODlhAQABAIAAAP///////yH5BAEKAAEALAAAAAABAAEAAAICTAEAOw==",0.0,0.0,0.0
Joe Biden called busing a ‘liberal train wreck.’ Now his stance on school integration is an issue.,Washington Post,"Jun 28, 2019",2019-06-28,"The assurances worked, and Biden won reelection. AD. Now the issue of busing — one of the most contentious of Biden's long career — ...",https://www.washingtonpost.com/politics/joe-biden-called-busing-a-liberal-train-wreck-now-his-stance-on-school-integration-is-an-issue/2019/06/28/557705dc-99b3-11e9-830a-21b9b36b64ad_story.html,"data:image/gif;base64,R0lGODlhAQABAIAAAP///////yH5BAEKAAEALAAAAAABAAEAAAICTAEAOw==",0.0,0.0,0.0
Biden lands 2020 endorsement from Atlanta Mayor Bottoms,Associated Press,"Jun 28, 2019",2019-06-28,Bottoms says her decision came down to Biden's experience and her belief the former vice president is the candidate best positioned to beat President Donald ...,https://apnews.com/article/5774a8bf4f0944428be1489cfd80a424,"data:image/gif;base64,R0lGODlhAQABAIAAAP///////yH5BAEKAAEALAAAAAABAAEAAAICTAEAOw==",0.0,0.0,0.3182
LISTEN: Biden Supported A Constitutional Amendment To ...,NPR,"Jun 28, 2019",2019-06-28,"Factoring prominently into the debate against busing, however, was a young, liberal, 32-year-old Delaware senator by the name of Joe Biden. Asked in an ...",https://www.npr.org/2019/06/28/736995314/listen-biden-supported-a-constitutional-amendment-to-end-mandated-busing-in-1975,"data:image/gif;base64,R0lGODlhAQABAIAAAP///////yH5BAEKAAEALAAAAAABAAEAAAICTAEAOw==",0.0,0.0,0.3182
Joe Biden loses support of top campaign fundraiser in Bay Area after comments on segregationists and Hyde amendment,CNBC,"Jun 28, 2019",2019-06-28,"Tom McInerney informed Biden's team last week he can no longer back his campaign. “I would imagine I'm not alone,” he tells CNBC.",https://www.cnbc.com/2019/06/28/biden-loses-support-of-top-financier-after-segregationist-comments.html,"data:image/gif;base64,R0lGODlhAQABAIAAAP///////yH5BAEKAAEALAAAAAABAAEAAAICTAEAOw==",0.1,0.3,0.296
Kamala Harris attacks Joe Biden's record on busing and working with segregationists in vicious exchange at Democratic debate,CNBC,"Jun 27, 2019",2019-06-27,"Kamala Harris attacks Joe Biden's record on busing and working with segregationists in vicious exchange at Democratic debate. Published Thu, Jun 27 201910: ...",https://www.cnbc.com/2019/06/27/harris-attacks-bidens-record-on-busing-and-working-with-segregationists.html,"data:image/gif;base64,R0lGODlhAQABAIAAAP///////yH5BAEKAAEALAAAAAABAAEAAAICTAEAOw==",-1.0,1.0,-0.6597
"Kamala Harris, Joe Biden in tense exchange on busing at Democratic debate",NBC News,"Jun 27, 2019",2019-06-27,MIAMI — Former Vice President Joe Biden was forced to defend his record on desegregation in the 1970s under grilling from Sen. Kamala Harris of California ...,https://www.nbcnews.com/politics/2020-election/biden-harris-busing-integration-became-flashpoint-debate-stage-n1024216,"data:image/gif;base64,R0lGODlhAQABAIAAAP///////yH5BAEKAAEALAAAAAABAAEAAAICTAEAOw==",-0.3333333333333333,0.5,-0.34
Kamala Harris and Joe Biden Clash on Race and Busing,The New York Times,"g · Jun 27, 2019",2019-06-27,"Senator Kamala Harris of California sharply criticized former Vice President Joseph R. Biden Jr. at the Democratic presidential primary debate on Thursday, ...",https://www.nytimes.com/2019/06/27/us/politics/kamala-harris-joe-biden-busing.html,"data:image/gif;base64,R0lGODlhAQABAIAAAP///////yH5BAEKAAEALAAAAAABAAEAAAICTAEAOw==",0.0,0.0,0.0
Biden pushes smart guns as solution for gun violence during primary debate,The Verge,"Jun 27, 2019",2019-06-27,"“We should have smart guns,” Biden said. “No gun should be able to be sold unless your biometric measure could pull that trigger. It's within our right to do that. We ...",https://www.theverge.com/2019/6/27/18952042/joe-biden-smart-gun-control-democratic-debate-2020-regulation-biometric-trigger,"data:image/gif;base64,R0lGODlhAQABAIAAAP///////yH5BAEKAAEALAAAAAABAAEAAAICTAEAOw==",0.30714285714285716,0.5714285714285714,-0.3612
Joe Biden's record on women's issues could take center stage at the Democratic debate this week,CNBC,"Jun 25, 2019",2019-06-25,Joe Biden could face some uncomfortable questions about his record on women this week at the first Democratic presidential debates in Miami. The two-night ...,https://www.cnbc.com/2019/06/25/joe-biden-will-have-to-defend-record-on-womens-rights-in-dem-debate.html,"data:image/gif;base64,R0lGODlhAQABAIAAAP///////yH5BAEKAAEALAAAAAABAAEAAAICTAEAOw==",-0.1,0.1,0.0
Attack Biden in the debate? Dem rivals might think twice,Politico,"Jun 25, 2019",2019-06-25,"As the front-runner in the Democratic primary, Joe Biden is likely to be dodging arrows in Thursday's debate. But rival Democrats trying to distinguish themselves ...",https://www.politico.com/story/2019/06/25/joe-biden-democratic-debate-1382340,"data:image/gif;base64,R0lGODlhAQABAIAAAP///////yH5BAEKAAEALAAAAAABAAEAAAICTAEAOw==",0.0,0.0,-0.4767
Joe Biden keeps stepping in it – and voters couldn’t care less,Politico,"Jun 25, 2019",2019-06-25,Joe Biden's all-too-friendly touching of women in the MeToo era was supposed to be toxic to his presidential campaign. Critics thought his flip flop on subsidized ...,https://www.politico.com/story/2019/06/25/joe-biden-2020-democrats-1380317,"data:image/gif;base64,R0lGODlhAQABAIAAAP///////yH5BAEKAAEALAAAAAABAAEAAAICTAEAOw==",-0.16666666666666666,0.06666666666666667,0.4939
'Dreamers' should immediately be made citizens in immigration plan: Biden,ABC News,"Jun 24, 2019",2019-06-24,"Biden's op-ed does not speak specifically about citizenship for others illegally in the U.S., but does calls for improvements to the asylum process, as the U.S. has ...",https://abcnews.go.com/Politics/biden-dreamers-made-citizens-immigration-plan/story?id=63908038,"data:image/gif;base64,R0lGODlhAQABAIAAAP///////yH5BAEKAAEALAAAAAABAAEAAAICTAEAOw==",0.0,0.0,0.0
Biden: Congress should immediately make 'Dreamers' citizens,Associated Press,"Jun 24, 2019",2019-06-24,"Ahead of the first Democratic debates, Joe Biden is proposing that Congress grant immediate citizenship to more than 800,000 U.S. residents who were brought ...",https://apnews.com/2c2876df5db44c8fbdb9c4fb2c8d3d7d,"data:image/gif;base64,R0lGODlhAQABAIAAAP///////yH5BAEKAAEALAAAAAABAAEAAAICTAEAOw==",0.0,0.0,0.0
Trump says Clinton was tougher opponent than Biden would be,NBC News,"Jun 23, 2019",2019-06-23,"WASHINGTON — President Donald Trump says he'd rather run for re-election against former Vice President Joe Biden than his 2016 foe, Democrat Hillary ...",https://www.nbcnews.com/politics/meet-the-press/trump-says-clinton-was-tougher-opponent-biden-would-be-n1020736,"data:image/gif;base64,R0lGODlhAQABAIAAAP///////yH5BAEKAAEALAAAAAABAAEAAAICTAEAOw==",0.0,0.0,0.1779
Biden defends record on abortion at Planned Parenthood forum,Washington Post,"Jun 22, 2019",2019-06-22,"A military veteran from West Virginia rose from the audience, her voice quivering as she relayed to former vice president Joe Biden that she'd been sexually ...",https://www.washingtonpost.com/politics/biden-defends-record-on-abortion-at-planned-parenthood-forum/2019/06/22/8888f33e-9528-11e9-aadb-74e6b2b46f6a_story.html,"data:image/gif;base64,R0lGODlhAQABAIAAAP///////yH5BAEKAAEALAAAAAABAAEAAAICTAEAOw==",0.0,0.0,0.0
Planned Parenthood forum: Joe Biden explains why he flipped on the Hyde Amendment,Vox,"Jun 22, 2019",2019-06-22,"By Biden's logic, because his plan would cover more people, the Hyde Amendment has to go. But the Hyde Amendment already affects Americans on Medicaid, ...",https://www.vox.com/2019/6/22/18713603/joe-biden-hyde-amendment,"data:image/gif;base64,R0lGODlhAQABAIAAAP///////yH5BAEKAAEALAAAAAABAAEAAAICTAEAOw==",0.0,0.0,0.0
Joe Biden's segregationist comments loom large as 2020 Democrats gather in South Carolina,CNN,"Jun 21, 2019",2019-06-21,"In an interview Friday, Clyburn dismissed the criticism from Biden's Democratic rivals that he was celebrating a racist. Read More.",https://www.cnn.com/2019/06/21/politics/joe-biden-south-carolina-2020-democrats/index.html,"data:image/gif;base64,R0lGODlhAQABAIAAAP///////yH5BAEKAAEALAAAAAABAAEAAAICTAEAOw==",0.21428571428571427,0.42857142857142855,-0.2263
Biden sidesteps questions about his son's foreign business dealings but promises ethics pledge,ABC News,"Jun 20, 2019",2019-06-20,"Biden's campaign did provide ABC News with a statement saying the former vice president has always adhered to ""well-established executive branch ethics ...",https://abcnews.go.com/Politics/biden-sidesteps-questions-sons-foreign-business-dealings-promises/story?id=63820806,"data:image/gif;base64,R0lGODlhAQABAIAAAP///////yH5BAEKAAEALAAAAAABAAEAAAICTAEAOw==",-0.125,0.125,0.5267
Fact-checking Trump Jr.'s claims about Biden's cancer initiative,CNN,"Jun 20, 2019",2019-06-20,"Facts First: Biden's efforts toward cancer research didn't formally begin until 2016, well into his tenure as vice president. Additionally, many of the cancer efforts ...",https://www.cnn.com/2019/06/19/politics/joe-biden-donald-trump-jr-cancer-fact-check/index.html,"data:image/gif;base64,R0lGODlhAQABAIAAAP///////yH5BAEKAAEALAAAAAABAAEAAAICTAEAOw==",0.0,0.0,-0.6597
"Cory Booker, Democrats Slam Joe Biden For Segregationists Remarks",NPR,"Jun 19, 2019",2019-06-19,"The day after former Vice President Joe Biden recalled his ""civil"" and productive working relationships decades ago with two longtime segregationist and racist ...",https://www.npr.org/2019/06/19/734103488/democrats-blast-biden-for-recalling-civil-relationship-with-segregationists,"data:image/gif;base64,R0lGODlhAQABAIAAAP///////yH5BAEKAAEALAAAAAABAAEAAAICTAEAOw==",0.0,0.0,-0.3818
Joe Biden visits historic Stonewall Inn gay bar,NBC News,"Jun 19, 2019",2019-06-19,"Biden's visit came as a surprise to many, including Mark Segal, the founder of Philadelphia Gay News and a longtime LGBTQ activist who was present at the 1969 ...",https://www.nbcnews.com/feature/nbc-out/joe-biden-visits-historic-stonewall-inn-gay-bar-n1019071,"data:image/gif;base64,R0lGODlhAQABAIAAAP///////yH5BAEKAAEALAAAAAABAAEAAAICTAEAOw==",0.20833333333333334,0.2916666666666667,0.0
Biden anti-cancer groups could pose influence concerns,Associated Press,"Jun 19, 2019",2019-06-19,WASHINGTON (AP) — Joe Biden was on friendly turf when he appeared in January 2018 at a San Francisco health care conference to call for urgency in the ...,https://apnews.com/article/1b5f2f9c901b44a0971d02d1a2c3a23b,"data:image/gif;base64,R0lGODlhAQABAIAAAP///////yH5BAEKAAEALAAAAAABAAEAAAICTAEAOw==",0.0,0.0,0.0
"Joe Biden Visits Stonewall, Saying the Fight for L.G.B.T. Rights Must Continue",The New York Times,"g · Jun 18, 2019",2019-06-18,"Joseph R. Biden Jr. doesn't drink alcohol, but on Tuesday afternoon he stood behind the bar at the Stonewall Inn in New York City, buying a round of beers.",https://www.nytimes.com/2019/06/18/us/politics/stonewall-joe-biden.html,"data:image/gif;base64,R0lGODlhAQABAIAAAP///////yH5BAEKAAEALAAAAAABAAEAAAICTAEAOw==",0.0,0.0,-0.3818
Biden visits Stonewall ahead of 50th anniversary of uprising,Associated Press,"Jun 18, 2019",2019-06-18,NEW YORK (AP) — Joe Biden paid a visit Tuesday to the Stonewall Inn ahead of the 50th anniversary of an uprising that helped spark the gay rights movement.,https://apnews.com/article/6e428b41e8b6469bbd1968150c0c8d53,"data:image/gif;base64,R0lGODlhAQABAIAAAP///////yH5BAEKAAEALAAAAAABAAEAAAICTAEAOw==",0.0,0.0,0.0
Joe Biden suggests his campaign raised $20 million this quarter — would be highest among any 2020 Democrat,MarketWatch,"Jun 18, 2019",2019-06-18,"If the numbers Biden touted are accurate, it would mean he beat Bernie Sanders's mark of $18 million last quarter, which led all 2020 Democratic candidates ...",https://www.marketwatch.com/story/joe-biden-suggests-his-campaign-raised-20-million-this-quarter-would-be-highest-among-any-2020-democrat-2019-06-18,"data:image/gif;base64,R0lGODlhAQABAIAAAP///////yH5BAEKAAEALAAAAAABAAEAAAICTAEAOw==",0.0,0.0,0.0
Biden suggests he has raised nearly $20 million for his White House bid,Washington Post,"Jun 18, 2019",2019-06-18,"Joe Biden suggested at a Manhattan fundraiser Monday night that his presidential campaign has taken in close to $20 million, offering a glimpse of his ...",https://www.washingtonpost.com/politics/biden-suggests-he-has-raised-nearly-20-million-for-his-white-house-bid/2019/06/18/51b80646-91b9-11e9-aadb-74e6b2b46f6a_story.html,"data:image/gif;base64,R0lGODlhAQABAIAAAP///////yH5BAEKAAEALAAAAAABAAEAAAICTAEAOw==",0.05,0.2,0.0
Trump 2020 rally: Biden and Sanders had 2 different answers to Trump’s campaign launch,Vox,"Jun 18, 2019",2019-06-18,"Sanders's and Biden's differing views of how to beat Trump, briefly explained. Democratic frontrunner and former Vice President Joe Biden has been clear: He ...",https://www.vox.com/policy-and-politics/2019/6/18/18684456/joe-biden-bernie-sanders-trump-2020-campaign,"data:image/gif;base64,R0lGODlhAQABAIAAAP///////yH5BAEKAAEALAAAAAABAAEAAAICTAEAOw==",0.0,0.6,0.0
Joe Biden Says His Campaign Has Raised Nearly $20 Million,The New York Times,"g · Jun 17, 2019",2019-06-17,"Former Vice President Joseph R. Biden Jr. said at a fund-raiser in New York on Monday night that he had already amassed 360,000 donors with an average ...",https://www.nytimes.com/2019/06/17/us/politics/biden-2020-fundraising-.html,"data:image/gif;base64,R0lGODlhAQABAIAAAP///////yH5BAEKAAEALAAAAAABAAEAAAICTAEAOw==",0.1,0.4,0.0
Biden’s divergence from other candidates on display at poverty-fighting event,Washington Post,"Jun 17, 2019",2019-06-17,Biden's divergence from other candidates on display at poverty-fighting event. Former vice president Joe Biden ...,https://www.washingtonpost.com/politics/biden-gets-muted-reception-at-poverty-fighting-event/2019/06/17/c2f275ba-9116-11e9-aadb-74e6b2b46f6a_story.html,"data:image/gif;base64,R0lGODlhAQABAIAAAP///////yH5BAEKAAEALAAAAAABAAEAAAICTAEAOw==",-0.125,0.375,0.0
Joe Biden's Twitter fight with Amazon perfectly sums up the battle over America's new tax code,CNBC,"Jun 14, 2019",2019-06-14,"“Assume VP Biden's complaint is w/ the tax code, not Amazon,” the company responds.",https://www.cnbc.com/2019/06/14/joe-biden-fight-with-amazon-sums-up-battle-over-corporate-taxes.html,"data:image/gif;base64,R0lGODlhAQABAIAAAP///////yH5BAEKAAEALAAAAAABAAEAAAICTAEAOw==",0.5681818181818181,0.7272727272727273,0.1779
Former Twitter executive and Obama financiers will host Joe Biden during Bay Area fundraising blitz,CNBC,"Jun 13, 2019",2019-06-13,"Biden's Bay Area fundraising blitz comes as he crisscrosses the country, vying for campaign cash as he and his 22 rivals in the Democratic primary field look to ...",https://www.cnbc.com/2019/06/13/biden-bay-area-fundraising-tour-includes-ex-twitter-executive.html,"data:image/gif;base64,R0lGODlhAQABAIAAAP///////yH5BAEKAAEALAAAAAABAAEAAAICTAEAOw==",0.0,0.0,0.0
Beto O'Rourke: U.S. can do 'far better' than Biden,NBC News,"Jun 13, 2019",2019-06-13,"Former Texas Rep. Beto O'Rourke slammed Joe Biden on Thursday, saying the front-runner for the Democratic presidential nomination would just be a “return to ...",https://www.nbcnews.com/politics/2020-election/beto-o-rourke-u-s-can-do-far-better-biden-n1017116,"data:image/gif;base64,R0lGODlhAQABAIAAAP///////yH5BAEKAAEALAAAAAABAAEAAAICTAEAOw==",0.3,0.75,0.4404
Joe Biden described being an 'odd man out' with Democrats on abortion in 2006 interview,CNN,"Jun 13, 2019",2019-06-13,Biden's views on abortion rights faced scrutiny last week from advocacy groups and his Democratic rivals when his campaign announced he still supported the ...,https://www.cnn.com/2019/06/13/politics/joe-biden-abortion/index.html,"data:image/gif;base64,R0lGODlhAQABAIAAAP///////yH5BAEKAAEALAAAAAABAAEAAAICTAEAOw==",-0.16666666666666666,0.25,-0.3182
Anita Hill says she could see herself voting for Biden,Politico,"Jun 13, 2019",2019-06-13,"“I'm not sure that anything I said has hurt Joe Biden's campaign,” Hill said. “He is still leading in the polls against Donald Trump, and all the other candidates on the ...",https://www.politico.com/story/2019/06/13/anita-hill-says-that-she-could-vote-for-biden-1364590,"data:image/gif;base64,R0lGODlhAQABAIAAAP///////yH5BAEKAAEALAAAAAABAAEAAAICTAEAOw==",0.0,0.0,0.0
Joe Biden says 'we're gonna cure cancer' if he's elected president,USA TODAY,"Jun 12, 2019",2019-06-12,"Biden has taken the lead on cancer issues before. He lost his eldest son, Beau Biden, to brain cancer, in 2015. The former vice president was tasked with leading ...",https://www.usatoday.com/story/news/politics/elections/2019/06/12/joe-biden-says-hell-cure-cancer-campaign-stop-ottumwa-iowa/1429287001/,"data:image/gif;base64,R0lGODlhAQABAIAAAP///////yH5BAEKAAEALAAAAAABAAEAAAICTAEAOw==",0.0,0.0,-0.6597
"Poll: Warren out to an early lead over Sanders in Nevada, but Biden still leads the pack",Reno Gazette-Journal,"Jun 12, 2019",2019-06-12,Such electability concerns have helped buoy Biden's strong showing in national polls of moderate and conservative Democrats. He's doing just as well with those ...,https://www.rgj.com/story/news/politics/2019/06/12/warren-trailing-only-biden-early-nevada-poll/1432371001/,"data:image/gif;base64,R0lGODlhAQABAIAAAP///////yH5BAEKAAEALAAAAAABAAEAAAICTAEAOw==",0.1,0.3,0.0
Hunter Biden’s messy personal life is back in the news. Will it cause political headaches for his dad?,Washington Post,"Jun 12, 2019",2019-06-12,"Presidential candidate Joe Biden's son Hunter recently married a Los Angeles woman, according to the bride's mother. Hunter's surprise marriage to Melissa ...",https://www.washingtonpost.com/arts-entertainment/2019/06/12/hunter-biden-married-los-angeles-woman-after-split-with-his-brothers-widow/,"data:image/gif;base64,R0lGODlhAQABAIAAAP///////yH5BAEKAAEALAAAAAABAAEAAAICTAEAOw==",-0.05,0.19999999999999998,-0.3612
Trump says Biden's a 'failing' 'dummy' who 'looks different than he used to'; Biden calls him an 'existential threat',NBC News,"Jun 11, 2019",2019-06-11,"Trump says Biden's a 'failing' 'dummy' who 'looks different than he used to'; Biden calls him an 'existential threat'. If Trump wins a second term, ""he will forever and ...",https://www.nbcnews.com/politics/2020-election/trump-existential-threat-biden-take-aim-president-they-cross-paths-n1016126,"data:image/gif;base64,R0lGODlhAQABAIAAAP///////yH5BAEKAAEALAAAAAABAAEAAAICTAEAOw==",0.0,0.6,-0.7717
"Joe Biden, Elizabeth Warren Bankruptcy Fight Could Come Back In Debates",NPR,"Jun 11, 2019",2019-06-11,"BIDEN: Maybe should talk about usury rates. That maybe, that's what we should be talking about, not bankruptcy. WARREN: Senator, I'll be the first. Invite me.",https://www.npr.org/2019/06/11/731370440/democratic-presidential-debates-could-reignite-warren-biden-bankruptcy-fight,"data:image/gif;base64,R0lGODlhAQABAIAAAP///////yH5BAEKAAEALAAAAAABAAEAAAICTAEAOw==",0.0,0.0,-0.3818
"Biden Retains Lead in Iowa Poll, but Warren and Buttigieg Gain",The New York Times,"g · Jun 8, 2019",2019-06-08,"CRESCO, Iowa — Former Vice President Joseph R. Biden Jr. retains a lead among likely Iowa caucusgoers, but both he and Senator Bernie Sanders have lost ...",https://www.nytimes.com/2019/06/08/us/politics/iowa-poll-2020-democrats.html,"data:image/gif;base64,R0lGODlhAQABAIAAAP///////yH5BAEKAAEALAAAAAABAAEAAAICTAEAOw==",0.0,0.0,0.6808
"Biden Reverses Stance, Now Opposes Hyde Restriction On Abortion Funding",NPR,"Jun 6, 2019",2019-06-06,"Former Vice President Joseph Biden said in Atlanta on Thursday that he now opposes the Hyde Amendment, which bans most federal funding for abortions ...",https://www.npr.org/2019/06/06/730515910/biden-reverses-position-rejects-hyde-amendment-cites-attacks-on-abortion-access,"data:image/gif;base64,R0lGODlhAQABAIAAAP///////yH5BAEKAAEALAAAAAABAAEAAAICTAEAOw==",0.0,0.0,-0.2732
Did Biden go green enough? Green New Deal advocates split,Associated Press,"Jun 6, 2019",2019-06-06,"Biden's climate plan envisions $1.7 trillion in federal spending to push the nation's emissions to net zero by 2050. The Green New Deal, by contrast, seeks to fully ...",https://apnews.com/article/9adf7f55aca24321b836aff887ba5cbc,"data:image/gif;base64,R0lGODlhAQABAIAAAP///////yH5BAEKAAEALAAAAAABAAEAAAICTAEAOw==",-0.06590909090909092,0.38863636363636367,0.0
Echoes of Biden’s 1987 plagiarism scandal continue to reverberate,Washington Post,"Jun 5, 2019",2019-06-05,"Joe Biden said he used political “themes” in several of his 1988 presidential bid speeches, which he did not qualify as plagiarism. More than three decades later, ...",https://www.washingtonpost.com/investigations/echoes-of-bidens-1987-plagiarism-scandal-continue-to-reverberate/2019/06/05/dbaf3716-7292-11e9-9eb4-0828f5389013_story.html,"data:image/gif;base64,R0lGODlhAQABAIAAAP///////yH5BAEKAAEALAAAAAABAAEAAAICTAEAOw==",0.0,0.0,-0.4404
"Biden unveils $1.7 trillion climate plan, paid for by reversing Trump corporate tax cuts",CNBC,"Jun 4, 2019",2019-06-04,Some of Biden's rivals have already released climate-change plans and criticized Biden for reports that he would take a “middle ground” approach.,https://www.cnbc.com/2019/06/04/joe-biden-unveils-climate-plan-funded-by-reversing-trump-tax-cuts.html,"data:image/gif;base64,R0lGODlhAQABAIAAAP///////yH5BAEKAAEALAAAAAABAAEAAAICTAEAOw==",0.0,0.0,-0.296
Biden faces stiff criticism from Democrats for skipping California convention,USA TODAY,"Jun 2, 2019",2019-06-02,"SAN FRANCISCO – Democratic presidential frontrunner Joe Biden decided to skip this weekend's California Democratic Convention, but he was hardly ...",https://www.usatoday.com/story/news/politics/elections/2019/06/02/joe-biden-criticized-by-california-democrats-for-skipping-convention/1289268001/,"data:image/gif;base64,R0lGODlhAQABAIAAAP///////yH5BAEKAAEALAAAAAABAAEAAAICTAEAOw==",-0.21428571428571427,0.5,-0.4404
Biden declares LGBTQ rights his No. 1 legislative priority,Associated Press,"Jun 1, 2019",2019-06-01,"COLUMBUS, Ohio (AP) — Democratic presidential candidate Joe Biden declared Saturday that the Equality Act would be his top legislative priority, an effort to ...",https://apnews.com/article/ab96c4d9b3a84ef9b10598781ff38e93,"data:image/gif;base64,R0lGODlhAQABAIAAAP///////yH5BAEKAAEALAAAAAABAAEAAAICTAEAOw==",0.0,0.0,0.0
