title,media,date,datetime,desc,link,img,textBlob polarity,textBlob subjectivity,vader polarity
"The best anime movies on Netflix, Amazon Prime, and Hulu",The A.V. Club,1 month ago,2020-11-24 09:43:39.944969,Streaming libraries expand and contract. Algorithms are imperfect. Those damn thumbnail images are always changing. But you know what you can always rely ...,https://film.avclub.com/the-best-anime-movies-on-netflix-amazon-prime-and-hul-1845523704,"data:image/gif;base64,R0lGODlhAQABAIAAAP///////yH5BAEKAAEALAAAAAABAAEAAAICTAEAOw==",1.0,0.3,0.7096
Netflix is doubling-down on Anime in 2021,EsquireMe,1 month ago,2020-11-24 09:43:39.938985,"Netflix just livestreamed its 2020 Anime Festival in Japan, and has said that 2021 will be a big year for the category. The streaming platform said that Anime has ...",https://www.esquireme.com/content/48921-netflix-is-doubling-down-on-anime-in-2021,"data:image/gif;base64,R0lGODlhAQABAIAAAP///////yH5BAEKAAEALAAAAAABAAEAAAICTAEAOw==",0.0,0.0,0.0
America's nuanced and evolving relationship with anime,The State Press,1 month ago,2020-11-24 09:43:38.078643,"But, when America first encountered Japanese anime, most didn't identify the cartoons as distinctly Japanese. “I'm old enough to remember Astro Boy, Gigantor ...",https://www.statepress.com/article/2020/10/specho-americas-nuanced-and-evolving-relationship-with-anime,"data:image/gif;base64,R0lGODlhAQABAIAAAP///////yH5BAEKAAEALAAAAAABAAEAAAICTAEAOw==",0.0,0.0,0.0
Sony in final talks to buy US anime streaming service ...,DealStreetAsia,1 month ago,2020-11-24 09:43:36.173722,"Sony has entered into final negotiations to acquire US anime-streaming service Crunchyroll, Nikkei learned on Friday, a deal that could catapult the Japanese ...",https://www.dealstreetasia.com/stories/sony-anime-streaming-crunchyroll-213564/,"data:image/gif;base64,R0lGODlhAQABAIAAAP///////yH5BAEKAAEALAAAAAABAAEAAAICTAEAOw==",0.0,1.0,0.0
How a demon-slaying film is drawing Japan back to the cinemas,BBC News,1 month ago,2020-11-24 09:43:33.177567,"In doing so, it beat Japanese anime classic Spirited Away, which took 25 days to reach the same milestone. Some cinemas screened it more than 40 times a day ...",https://www.bbc.com/news/world-asia-54730487,"data:image/gif;base64,R0lGODlhAQABAIAAAP///////yH5BAEKAAEALAAAAAABAAEAAAICTAEAOw==",0.0,0.0,0.0
Japan anime 'Demon Slayer' gives Sony and Lawson a profit lift,Nikkei Asian Review,1 month ago,2020-11-24 09:43:33.171584,"The anime is based on the manga comic book series of the same name and is set in Japan about 100 years ago. The story follows Tanjiro Kamado, a young boy ...",https://asia.nikkei.com/Business/Media-Entertainment/Japan-anime-Demon-Slayer-gives-Sony-and-Lawson-a-profit-lift,"data:image/gif;base64,R0lGODlhAQABAIAAAP///////yH5BAEKAAEALAAAAAABAAEAAAICTAEAOw==",0.0,0.0,0.4404
Sony nears acquisition of US anime streaming service ...,Nikkei Asian Review,1 month ago,2020-11-24 09:43:33.169589,"TOKYO -- Sony has entered into final negotiations to acquire U.S. anime-streaming service Crunchyroll, Nikkei learned on Friday, a deal that could catapult the ...",https://asia.nikkei.com/Business/Business-deals/Sony-nears-acquisition-of-US-anime-streaming-service-Crunchyroll,"data:image/gif;base64,R0lGODlhAQABAIAAAP///////yH5BAEKAAEALAAAAAABAAEAAAICTAEAOw==",0.0,0.0,0.0
A Guide to the Exciting New Anime Coming to Netflix,Nerdist,"Oct 28, 2020",2020-10-28 00:00:00.000000,"During their Netflix Anime Festival 2020, the streamer revealed a series of radical anime coming to screens in 2021. We've picked eight of the shows that we're ...",https://nerdist.com/article/netflix-new-anime-guide/,"data:image/gif;base64,R0lGODlhAQABAIAAAP///////yH5BAEKAAEALAAAAAABAAEAAAICTAEAOw==",0.21818181818181817,0.6272727272727273,0.4939
"Netflix announces 16 anime series, aims to be global destination for anime fans",Yahoo Singapore News,"Oct 28, 2020",2020-10-28 00:00:00.000000,"Netflix has revealed their aspirations for anime, announcing on Tuesday (27 Oct) five new anime projects slated to be released in 2021 and beyond. The five ...",https://sg.news.yahoo.com/netflix-announces-16-anime-series-aims-to-be-global-destination-for-anime-fans-080355695.html,"data:image/gif;base64,R0lGODlhAQABAIAAAP///////yH5BAEKAAEALAAAAAABAAEAAAICTAEAOw==",0.0,0.0,0.0
Japanese Anime Is Growing Success Story for Netflix,Variety,"Oct 27, 2020",2020-10-27 00:00:00.000000,Anime titles appeared in top ten lists in almost 100 countries so far this year. Its Seven Deadly Sins became one of the top 10 titles among all series and films in ...,https://variety.com/2020/streaming/asia/japanese-anime-is-growing-success-netflix-1234816488/,"data:image/gif;base64,R0lGODlhAQABAIAAAP///////yH5BAEKAAEALAAAAAABAAEAAAICTAEAOw==",0.15,0.0,0.6597
Netflix Unveils 5 New Japanese Anime Series,Hollywood Reporter,"th · Oct 27, 2020",2020-10-27 00:00:00.000000,The global streamer also shared some data that demonstrates how Japanese anime has become one of the company's most bankable content categories.,https://www.hollywoodreporter.com/news/netflix-unveils-5-new-japanese-anime-series,"data:image/gif;base64,R0lGODlhAQABAIAAAP///////yH5BAEKAAEALAAAAAABAAEAAAICTAEAOw==",0.06818181818181818,0.22727272727272727,0.0
Here Are 16 Netflix Anime Titles To Look Forward To In 2021,Geek Culture,"Oct 27, 2020",2020-10-27 00:00:00.000000,"Over the past few years, Netflix has quickly become the go-to place for anime fans to binge-watch their favourite series or find new interesting Netflix original ...",https://geekculture.co/here-are-16-netflix-anime-titles-to-look-forward-to-in-2021/,"data:image/gif;base64,R0lGODlhAQABAIAAAP///////yH5BAEKAAEALAAAAAABAAEAAAICTAEAOw==",0.0,0.0,0.0
Pacific Rim Anime Netflix Series Gets First Images of Kaiju Mayhem,Collider.com,"Oct 27, 2020",2020-10-27 00:00:00.000000,collider.com · 'Pacific Rim: The Black' First Images Reveal Netflix Anime Take on Robot v. Kaiju Franchise.,https://collider.com/pacific-rim-anime-netflix-images/,"data:image/gif;base64,R0lGODlhAQABAIAAAP///////yH5BAEKAAEALAAAAAABAAEAAAICTAEAOw==",0.25,0.3333333333333333,0.0
Lakeith Stanfield to play first African samurai in Netflix's Yasuke anime,EW.com,"Oct 27, 2020",2020-10-27 00:00:00.000000,"Netflix revealed a slate of upcoming anime releases, including a Pacific Rim anime. By Nick Romano. October 27, 2020 at 10:36 AM EDT. Advertisement.",https://ew.com/tv/lakeith-stanfield-yasuke-anime-netflix/,"data:image/gif;base64,R0lGODlhAQABAIAAAP///////yH5BAEKAAEALAAAAAABAAEAAAICTAEAOw==",0.125,0.16666666666666666,0.34
Godzilla: Singular Point Netflix Anime Series Teaser Trailer ...,That Hashtag Show,"Oct 27, 2020",2020-10-27 00:00:00.000000,"Anyone ever thought Godzilla would be a good horror anime? I didn't. However, from the looks of Netflix's new teaser trailer for Godzilla: Singular Point, it looks ...",https://www.thathashtagshow.com/2020/10/27/godzilla-singular-point-netflix-anime-series-teaser-trailer-unleashes-the-bloody-kaiju/,"data:image/gif;base64,R0lGODlhAQABAIAAAP///////yH5BAEKAAEALAAAAAABAAEAAAICTAEAOw==",0.0,0.0,-0.25
"Netflix Premieres Greek Mythology Anime Series ""Blood of Zeus""",The Pappas Post,"Oct 27, 2020",2020-10-27 00:00:00.000000,Fans of anime throughout the world are raving over the release of a new Netflix animated series called “Blood of Zeus” that is set in the world of Greek mythology ...,https://www.pappaspost.com/netflix-premieres-greek-mythology-anime-series-blood-of-zeus/,"data:image/gif;base64,R0lGODlhAQABAIAAAP///////yH5BAEKAAEALAAAAAABAAEAAAICTAEAOw==",0.0,0.0,0.0
Sweet Tooth: 10 Anime For Lovers Of Baking | CBR,CBR,"Oct 27, 2020",2020-10-27 00:00:00.000000,"Although there is some cooking anime that focus on baking as well, there is less when it comes to whipping up confectionaries such as cookies and cake.",https://www.cbr.com/anime-for-baking-lovers/,"data:image/gif;base64,R0lGODlhAQABAIAAAP///////yH5BAEKAAEALAAAAAABAAEAAAICTAEAOw==",0.35,0.65,0.7506
"Anime ""Demon Slayer"" rakes in 10 bil. yen in 10 days, breaks ...",Kyodo News Plus,"Oct 26, 2020",2020-10-26 00:00:00.000000,"The movie, a sequel to an anime television series that aired in Japan last year, has generated box-office sales of over 10.75 billion yen at 403 theaters across ...",https://english.kyodonews.net/news/2020/10/9e889fec6145-anime-demon-slayer-rakes-in-10-bil-yen-in-10-days-breaks-record.html,"data:image/gif;base64,R0lGODlhAQABAIAAAP///////yH5BAEKAAEALAAAAAABAAEAAAICTAEAOw==",0.0,0.0,0.0
FIRST LOOK: Netflix's upcoming 'Trese' anime,Rappler,"Oct 26, 2020",2020-10-26 00:00:00.000000,"Check out the first images from the anime based on Budjette Tan and Kajo Baldisimo's beloved comic books. Advertisement. Aswangs beware, Alexandra Trese ...",https://www.rappler.com/entertainment/series/netflix-trese-anime-photos,"data:image/gif;base64,R0lGODlhAQABAIAAAP///////yH5BAEKAAEALAAAAAABAAEAAAICTAEAOw==",0.25,0.3333333333333333,0.0
"First Look at Netflix's Anime Series ""Pacific Rim: The Black""!",Bloody Disgusting,"Oct 26, 2020",2020-10-26 00:00:00.000000,"It's titled “Pacific Rim: The Black,” we've learned tonight, and the first two official images have been shared by the official Netflix Japan Anime account on Twitter!",https://bloody-disgusting.com/tv/3638623/first-look-netflixs-anime-series-pacific-rim-black/,"data:image/gif;base64,R0lGODlhAQABAIAAAP///////yH5BAEKAAEALAAAAAABAAEAAAICTAEAOw==",0.020833333333333343,0.3833333333333333,0.0
Breaking News - Netflix Drops Debut Announcements and New Updates on the Future of Its Anime Line-Up,,"Oct 26, 2020",2020-10-26 00:00:00.000000,"Anime has successfully cut through various content categories on Netflix. In the past year, over 100 million households around the world chose to watch at least ...",http://www.thefutoncritic.com/news/2020/10/26/netflix-drops-debut-announcements-and-new-updates-on-the-future-of-its-anime-line-up-684103/20201026netflix09/,"data:image/gif;base64,R0lGODlhAQABAIAAAP///////yH5BAEKAAEALAAAAAABAAEAAAICTAEAOw==",0.06818181818181818,0.2897727272727273,0.0
"First Images and Poster Art for New Anime Series ""Godzilla: Singular Point"" Unleashed",Bloody Disgusting,"Oct 26, 2020",2020-10-26 00:00:00.000000,"Netflix announced Toho's “Godzilla: Singular Point“ earlier this month, an original anime series that's set to feature character designs by Blue Exorcist's Kazue ...",https://bloody-disgusting.com/tv/3638488/first-images-poster-art-new-anime-series-godzilla-singular-point-unleashed/,"data:image/gif;base64,R0lGODlhAQABAIAAAP///////yH5BAEKAAEALAAAAAABAAEAAAICTAEAOw==",0.19318181818181818,0.3939393939393939,0.0
Netflix puts more anime in queue with 4 new studio deals,Nikkei Asian Review,"Oct 24, 2020",2020-10-24 00:00:00.000000,"TOKYO -- Video-streaming service Netflix has announced new deals with four Japanese and South Korean anime studios to bolster its animation production, ...",https://asia.nikkei.com/Business/Media-Entertainment/Netflix-puts-more-anime-in-queue-with-4-new-studio-deals,"data:image/gif;base64,R0lGODlhAQABAIAAAP///////yH5BAEKAAEALAAAAAABAAEAAAICTAEAOw==",0.3181818181818182,0.4772727272727273,0.0
"FEATURE: Anime ""Demon Slayer"" helps Japan cinema ...",Kyodo News Plus,"Oct 23, 2020",2020-10-23 00:00:00.000000,The movie from anime studio Ufotable Inc. drew an audience of 3.4 million in the first three days since its Oct. 16 premiere and box-office sales of 4.62 billion yen ...,https://english.kyodonews.net/news/2020/10/608d2f1be153-feature-anime-demon-slayer-helps-japan-cinema-industry-fight-pandemic-blues.html,"data:image/gif;base64,R0lGODlhAQABAIAAAP///////yH5BAEKAAEALAAAAAABAAEAAAICTAEAOw==",0.0,0.0,0.3818
"Open Mike Eagle: Anime, Trauma and Divorce | Review",Pitchfork,"Oct 23, 2020",2020-10-23 00:00:00.000000,"On his bleakly comic new album, Open Mike Eagle surveys the damage of one terrible year, using anime mythology as a lens for examining real-life pain.",https://pitchfork.com/reviews/albums/open-mike-eagle-anime-trauma-and-divorce/,"data:image/gif;base64,R0lGODlhAQABAIAAAP///////yH5BAEKAAEALAAAAAABAAEAAAICTAEAOw==",0.0,0.5,-0.4215
Story Time: 10 Anime Inspired By Fairytales | CBR,CBR,"Oct 22, 2020",2020-10-22 00:00:00.000000,"From famous books, Japanese folklore, or even children literature, here are ten anime inspired by fairytales. 10 Grimms Note: The Animation (Brothers Grimm).",https://www.cbr.com/anime-inspired-by-fairytales/,"data:image/gif;base64,R0lGODlhAQABAIAAAP///////yH5BAEKAAEALAAAAAABAAEAAAICTAEAOw==",0.0,0.0,0.4939
Anime Movie Tops The Global Box Office,Kotaku,"Oct 20, 2020",2020-10-20 00:00:00.000000,"Demon Slayer debuted as a manga in 2016, selling one hundred million copies and getting a TV anime last year. The Demon Slayer movie will be released in ...",https://kotaku.com/anime-movie-tops-the-global-box-office-1845422486,"data:image/gif;base64,R0lGODlhAQABAIAAAP///////yH5BAEKAAEALAAAAAABAAEAAAICTAEAOw==",0.0,0.0,0.5106
10 Infamous Anime That Were Drastically Different From Their Manga,CBR,"Oct 17, 2020",2020-10-17 00:00:00.000000,"Many anime fans know the classic tale of the manga being better than the anime. FMA, Hellsing, and others on this list are to thank for that. By John Witiw Oct 17, ...",https://www.cbr.com/fullmetal-alchemist-anime-manga-major-differences/,"data:image/gif;base64,R0lGODlhAQABAIAAAP///////yH5BAEKAAEALAAAAAABAAEAAAICTAEAOw==",-0.25,0.8,0.0
10 Fantasy Anime To Watch If You Like Netflix's Dragon's Dogma,CBR,"Oct 16, 2020",2020-10-16 00:00:00.000000,"Dragon's Dogma recently got its first anime in the form of a 3D Netflix series which might be a turnoff for some anime fans. Still, the anime has shown that video ...",https://www.cbr.com/fantasy-anime-like-netflix-dragons-dogma/,"data:image/gif;base64,R0lGODlhAQABAIAAAP///////yH5BAEKAAEALAAAAAABAAEAAAICTAEAOw==",0.0,0.0,0.3612
Best Horror Anime To Watch on Netflix,Den of Geek,"Oct 16, 2020",2020-10-16 00:00:00.000000,Netflix has built up an increasingly impressive library of anime content that includes some moody horror selections that are perfect for the season (or anytime ...,https://www.denofgeek.com/tv/best-horror-anime-netflix/,"data:image/gif;base64,R0lGODlhAQABAIAAAP///////yH5BAEKAAEALAAAAAABAAEAAAICTAEAOw==",1.0,0.3,0.128
Attack On Titan: 10 Things To Expect In Season 4 Based On The Manga,Screen Rant,"Oct 9, 2020",2020-10-09 00:00:00.000000,"So, what can anime fans expect before the show reaches its end? 10 A Time Skip. Reiner and Eren in Attack on Titan.",https://screenrant.com/attack-on-titan-things-to-expect-season-4-based-on-manga/,"data:image/gif;base64,R0lGODlhAQABAIAAAP///////yH5BAEKAAEALAAAAAABAAEAAAICTAEAOw==",0.0,0.0,-0.4767
You can now watch Japanese anime online for free at Virtual ...,Time Out,"Oct 9, 2020",2020-10-09 00:00:00.000000,"Visit the virtual Shibuya Crossing from wherever you are for a special screening of four Netflix original anime. By. Kaila Imada. Posted: Friday 9 October 2020, ...",https://www.timeout.com/tokyo/news/you-can-now-watch-japanese-anime-online-for-free-at-virtual-shibuya-100920,"data:image/gif;base64,R0lGODlhAQABAIAAAP///////yH5BAEKAAEALAAAAAABAAEAAAICTAEAOw==",0.2,0.4,0.5106
10 Fantastic Anime To Check Out For Fall 2020,Forbes,"Oct 9, 2020",2020-10-09 00:00:00.000000,"What an incredible time to be alive, with only good things ahead! That's right, I'm talking about the showstopper 2020 fall anime season. For 30 minutes at a time, ...",https://www.forbes.com/sites/laurenorsini/2020/10/09/10-fantastic-anime-to-check-out-for-fall-2020/,"data:image/gif;base64,R0lGODlhAQABAIAAAP///////yH5BAEKAAEALAAAAAABAAEAAAICTAEAOw==",0.4,0.9,0.5574
The 5 Best (& 5 Worst) Magical Girl Techniques in Anime | CBR,CBR,"Oct 8, 2020",2020-10-08 00:00:00.000000,The 5 Best (& 5 Worst) Magical Girl Techniques in Anime · 10 WORST: Love Sunshine From Fresh Pretty Cure · 9 BEST: Soleil Shoot From Star Twinkle Pretty Cure.,https://www.cbr.com/magical-girl-techniques-attacks-best-worst-anime/,"data:image/gif;base64,R0lGODlhAQABAIAAAP///////yH5BAEKAAEALAAAAAABAAEAAAICTAEAOw==",0.16666666666666666,0.7666666666666666,0.0258
Godzilla Continues To Stay Relevant With A New Netflix Anime Series,Comic Years,"Oct 8, 2020",2020-10-08 00:00:00.000000,The Godzilla Singular Point Netflix anime series is the first series featuring the iconic creature and looks to be an interesting take on the character. Godzilla ...,https://comicyears.com/anime-news/godzilla-continues-to-stay-relevant-with-a-new-netflix-anime-series/,"data:image/gif;base64,R0lGODlhAQABAIAAAP///////yH5BAEKAAEALAAAAAABAAEAAAICTAEAOw==",0.2681818181818182,0.6772727272727272,0.0
"Coming To Netflix In October- Greek Mythology Anime Series “Blood Of Zeus"" - Greek City Times",Greek City Times,"Oct 7, 2020",2020-10-07 00:00:00.000000,"The highly anticipated series will be released on Netflix on October 27th. Originally titled Gods & Heroes, the anime follows a young man known as Heron. After ...",https://greekcitytimes.com/2020/10/07/coming-to-netflix-in-october-greek-mythology-anime-series-blood-of-zeus/,"data:image/gif;base64,R0lGODlhAQABAIAAAP///////yH5BAEKAAEALAAAAAABAAEAAAICTAEAOw==",0.0,0.0,0.0
‘Godzilla: Singular Point’: New Anime Series Set at Netflix,IndieWire,"Oct 6, 2020",2020-10-06 00:00:00.000000,"The project will be directed by Atsushi Takahashi (“Doraemon the Movie 2017: Great Adventure in the Antarctic Kachi Kochi”) and hails from Bones, the anime ...",https://www.indiewire.com/2020/10/godzilla-singular-point-anime-series-netflix-1234591072/,"data:image/gif;base64,R0lGODlhAQABAIAAAP///////yH5BAEKAAEALAAAAAABAAEAAAICTAEAOw==",0.13636363636363635,0.45454545454545453,0.0
This Netflix anime is basically Castlevania in ancient Greece – and it looks amazing,TechRadar,"Oct 6, 2020",2020-10-06 00:00:00.000000,"A trailer has just dropped for Blood of Zeus, a bloody anime series from the studio behind Castlevania, and we're already getting excited. The show appears to ...",https://www.techradar.com/sg/news/this-netflix-anime-is-basically-castlevania-in-ancient-greece-and-it-looks-amazing,"data:image/gif;base64,R0lGODlhAQABAIAAAP///////yH5BAEKAAEALAAAAAABAAEAAAICTAEAOw==",0.6000000000000001,0.9,0.5859
5 Netflix Anime To Watch If You Like One-Punch Man (& 5 You Can Skip),CBR,"Oct 6, 2020",2020-10-06 00:00:00.000000,"For fans new to the anime wishing to binge on similar shows, here is a list that will help them through. 10 Watch: Scissor Seven. Wu Liuqi shounen comedy fight ...",https://www.cbr.com/one-punch-man-best-netflix-anime-recommendations/,"data:image/gif;base64,R0lGODlhAQABAIAAAP///////yH5BAEKAAEALAAAAAABAAEAAAICTAEAOw==",0.0,0.0,0.3612
Akira review – apocalyptic anime's startling message of global annihilation,The Guardian,"Oct 6, 2020",2020-10-06 00:00:00.000000,Akira review – apocalyptic anime's startling message of global annihilation. 4 / 5 stars 4 out of 5 stars. The landmark Japanese cyberpunk animation from 1988 ...,https://www.theguardian.com/film/2020/oct/06/akira-review-1988-japanese-anime-rerelease-katsuhiro-otomo,"data:image/gif;base64,R0lGODlhAQABAIAAAP///////yH5BAEKAAEALAAAAAABAAEAAAICTAEAOw==",-0.25,0.25,-0.6249
Netflix Posts the First Look at the Spriggan Anime Series,Siliconera,"Oct 6, 2020",2020-10-06 00:00:00.000000,"David Production has a number of notable credits to its name, including all five extant seasons of the JoJo's Bizarre Adventure anime. Hyperdimension Neptunia ...",https://www.siliconera.com/netflix-posts-the-first-look-at-the-spriggan-anime-series/,"data:image/gif;base64,R0lGODlhAQABAIAAAP///////yH5BAEKAAEALAAAAAABAAEAAAICTAEAOw==",0.25,0.3333333333333333,0.0
Evangelion Changed Anime Action Heroes | CBR,CBR,"Oct 5, 2020",2020-10-05 00:00:00.000000,"This is to say that, on the surface, it is a mecha anime. But, much like the giant robots from which the series takes its name, the flashy superficial elements disguise ...",https://www.cbr.com/evangelion-25-anniversary-shinji-legacy-action-anime/,"data:image/gif;base64,R0lGODlhAQABAIAAAP///////yH5BAEKAAEALAAAAAABAAEAAAICTAEAOw==",0.1,0.1,0.5106
10 Upcoming Fall 2020 Comedy Anime (& Where You Can Stream Them),CBR,"Oct 3, 2020",2020-10-03 00:00:00.000000,"Following a Summer schedule that boasted some of the year's best anime series so far, the Fall 2020 line-up looks to be just as promising. With a wide variety of ...",https://www.cbr.com/fall-2020-comedy-anime-streaming/,"data:image/gif;base64,R0lGODlhAQABAIAAAP///////yH5BAEKAAEALAAAAAABAAEAAAICTAEAOw==",0.0,0.0,0.3612
"Zack Snyder’s ‘Army of the Dead’ Netflix Anime Series Adds Christian Slater, Joe Manganiello",Variety,"Oct 1, 2020",2020-10-01 00:00:00.000000,"The “Justice League” director has added 11 new cast members to “Army of the Dead: Lost Vegas,” a spinoff anime series which will serve as a prequel to his 2021 ...",https://variety.com/2020/tv/news/zack-snyder-army-of-the-dead-anime-series-christian-slater-joe-manganiello-1234789196/,"data:image/gif;base64,R0lGODlhAQABAIAAAP///////yH5BAEKAAEALAAAAAABAAEAAAICTAEAOw==",-0.1,0.2,0.0
"‘Army Of The Dead: Lost Vegas’: Netflix Anime Series Adds Joe Manganiello, Christian Slater, Vanessa Hudgens & More",Deadline,"Oct 1, 2020",2020-10-01 00:00:00.000000,"Malone, Badaki, Wren, Barbaro and North will play Zeta, Queen Meeru, Nicole, Meagan and Clemenson, respectively. Snyder will direct two episodes of the anime ...",https://deadline.com/2020/10/army-of-the-dead-lost-vegas-anime-joe-manganiello-christian-slater-vanessa-hudgens-cast-netflix-1234589479/,"data:image/gif;base64,R0lGODlhAQABAIAAAP///////yH5BAEKAAEALAAAAAABAAEAAAICTAEAOw==",0.09999999999999999,0.3,-0.765
"Breaking News - Netflix Rounds Out All-Star Cast of the ""Army of the Dead: Lost Vegas"" Anime Series",,"Oct 1, 2020",2020-10-01 00:00:00.000000,"Netflix announces new cast of the upcoming anime series, Army of the Dead: Lost Vegas, a spinoff series that serves as a prequel to Zack Snyder's upcoming ...",http://www.thefutoncritic.com/news/2020/10/01/netflix-rounds-out-all-star-cast-of-the-army-of-the-dead-lost-vegas-anime-series-378414/20201001netflix02/,"data:image/gif;base64,R0lGODlhAQABAIAAAP///////yH5BAEKAAEALAAAAAABAAEAAAICTAEAOw==",-0.2,0.4,-0.765
"Anime has a race problem, here's how black fans are fixing it ...",The Guardian,"Oct 1, 2020",2020-10-01 00:00:00.000000,"Josh Toussaint-Strauss loves anime but too often sees black characters portrayed using racist stereotypes. Even some of the biggest and well-loved shows, like ...",https://www.theguardian.com/culture/video/2020/oct/01/anime-has-a-race-problem-heres-how-black-fans-are-fixing-it-video,"data:image/gif;base64,R0lGODlhAQABAIAAAP///////yH5BAEKAAEALAAAAAABAAEAAAICTAEAOw==",-0.16666666666666666,0.43333333333333335,-0.4019
God of High School season 1 review: a remix of Hunter x Hunter and Demon Slayer,Polygon,"Oct 1, 2020",2020-10-01 00:00:00.000000,Anime. God of High School's overstuffed first season felt like two series in one. It combined the best and worst impulses of Hunter x Hunter ...,https://www.polygon.com/2020/10/1/21497320/god-of-high-school-season-1-review-crunchyroll-anime-finale-spoilers,"data:image/gif;base64,R0lGODlhAQABAIAAAP///////yH5BAEKAAEALAAAAAABAAEAAAICTAEAOw==",0.16,0.5399999999999999,0.2732
Dragon Quest's Anime Will Stream in North America,Comicbook.com,"Oct 1, 2020",2020-10-01 00:00:00.000000,"Since the video game franchise would normally focus on entirely new characters and scenarios, this anime interpretation creates a brand new series of its own ...",https://comicbook.com/anime/news/dragon-quest-adventure-of-dai-anime-will-stream-north-america/,"data:image/gif;base64,R0lGODlhAQABAIAAAP///////yH5BAEKAAEALAAAAAABAAEAAAICTAEAOw==",0.0,0.0,0.0
Virtual YouTubers suspended after calling Taiwan a country,Quartz,"Oct 1, 2020",2020-10-01 00:00:00.000000,Even Japanese anime celebrities can't escape China's campaign over Taiwan. Japanese anime. REUTERS/Jonathan Alcorn. Big brother is watching. From our ...,https://qz.com/1911573/virtual-youtubers-suspended-after-calling-taiwan-a-country/,"data:image/gif;base64,R0lGODlhAQABAIAAAP///////yH5BAEKAAEALAAAAAABAAEAAAICTAEAOw==",0.0,0.0,-0.4767
