title,media,date,datetime,desc,link,img,textBlob polarity,textBlob subjectivity,vader polarity
You Should Be Watching 'SKY Castle',The Nerd Daily,3 weeks ago,2020-12-03 09:45:08.987797,"SKY Castle (SKY 캐슬) is a 2018 drama that aired on JTBC and is currently available on Netflix. It has the second highest ratings in Korean Dramas, with The ...",https://www.thenerddaily.com/you-should-be-watching-sky-castle/,"data:image/gif;base64,R0lGODlhAQABAIAAAP///////yH5BAEKAAEALAAAAAABAAEAAAICTAEAOw==",0.0,0.0,0.0
Which K-drama actor is on course to become the next Lee Min-ho?,South China Morning Post,3 weeks ago,2020-12-03 09:45:08.982781,"' Kim Min-jae – these Korean actors get better with every K-drama they're in. More than Bae Suzy's love interest in Start-Up, Nam Joo-hyuk leads the pack of actors ...",https://www.scmp.com/magazines/style/celebrity/article/3111706/next-lee-min-ho-start-ups-kim-seon-ho-and-nam-joo-hyuk-do,"data:image/gif;base64,R0lGODlhAQABAIAAAP///////yH5BAEKAAEALAAAAAABAAEAAAICTAEAOw==",0.0,0.0,0.0
Netflix becomes major Hallyu medium - The Jakarta Post,Jakarta Post,3 weeks ago,2020-12-03 09:45:08.971839,"Popularity of Korean dramas is not limited to specific regions. For example, tvN drama Start-Up featuring Suzy and Nam Joo-hyuk is currently among the 10 most ...",https://www.thejakartapost.com/life/2020/11/30/netflix-becomes-major-hallyu-medium.html,"data:image/gif;base64,R0lGODlhAQABAIAAAP///////yH5BAEKAAEALAAAAAABAAEAAAICTAEAOw==",0.0625,0.5,0.0
Start-Up episode 14: Release date and time for Netflix’s Korean drama explained,HITC,3 weeks ago,2020-12-03 09:45:07.906666,Start-Up episode 14: Release date and time for Netflix's Korean drama ... We breakdown the international premiere for the streaming platforms hit K-drama.,https://www.hitc.com/en-gb/2020/11/28/start-up-episode-14-release-date-and-time-for-netflixs-korean-drama-explained/,"data:image/gif;base64,R0lGODlhAQABAIAAAP///////yH5BAEKAAEALAAAAAABAAEAAAICTAEAOw==",0.0,0.0,0.0
6 K-Dramas That Had To Be Postponed Filming Due To Covid-19,Hype.MY,3 weeks ago,2020-12-03 09:45:07.904672,"K-drama junkies, we've got some bad news for all of you!. In light of the recent spike in COVID-19 cases in South Korea, a number of Korean dramas have ...",https://hype.my/2020/204293/6-k-dramas-that-had-to-be-postponed-filming-due-to-covid-19/,"data:image/gif;base64,R0lGODlhAQABAIAAAP///////yH5BAEKAAEALAAAAAABAAEAAAICTAEAOw==",-0.125,0.375,-0.2023
KK's beautiful sunsets grab the eyes of Korean drama,Free Malaysia Today,3 weeks ago,2020-12-03 09:45:06.818414,"... Korea will be drawn to the state once Covid-19 travel restrictions are lifted, thanks to mentions in a hit television drama series. Kota Kinabalu and the Greek ...",https://www.freemalaysiatoday.com/category/nation/2020/11/29/kks-beautiful-sunsets-grab-the-eyes-of-korean-drama/,"data:image/gif;base64,R0lGODlhAQABAIAAAP///////yH5BAEKAAEALAAAAAABAAEAAAICTAEAOw==",0.85,1.0,0.5994
"Bae-zillions: how the Korean idol, actress and CF Queen spends her money",South China Morning Post,3 weeks ago,2020-12-03 09:45:05.664319,K-drama and K-pop's Bae Suzy is also a Korean CF queen – but how does the Porsche-driving star of Netflix's Start-Up and Dream High spend all that money?,https://www.scmp.com/magazines/style/celebrity/article/3111878/k-drama-and-k-pops-bae-suzy-also-korean-cf-queen-how-does,"data:image/gif;base64,R0lGODlhAQABAIAAAP///////yH5BAEKAAEALAAAAAABAAEAAAICTAEAOw==",0.0,0.0,0.0
Top 10 Highest-Rated Korean Dramas of All Time on Cable TV,"International Business Times, Singapore Edition",3 weeks ago,2020-12-03 09:45:04.520414,Here are top 10 highest rated Korean dramas aired on Cable TV. The list is based on the statistics by Nielsen Korea. The World of the Married Korean drama ...,https://www.ibtimes.sg/top-10-highest-rated-korean-dramas-all-time-cable-tv-53762,"data:image/gif;base64,R0lGODlhAQABAIAAAP///////yH5BAEKAAEALAAAAAABAAEAAAICTAEAOw==",0.5,0.5,0.2023
The Life List: K-drama Birthcare Center dives into pregnancy ...,The Straits Times,3 weeks ago,2020-12-03 09:45:04.518419,"SINGAPORE - In the South Korean comedy-drama Birthcare Center, actress Uhm Ji-won had to act with infants and practise walking like a pregnant woman.",https://www.straitstimes.com/life/entertainment/the-life-list-k-drama-birthcare-center-dives-into-pregnancy-and-post-partum-care,"data:image/gif;base64,R0lGODlhAQABAIAAAP///////yH5BAEKAAEALAAAAAABAAEAAAICTAEAOw==",-0.1,0.1,0.0
Why do Korean dramas command so much popularity in Bangladesh?,Korea Times,4 weeks ago,2020-11-26 09:45:07.905668,"Korean dramas, popularly known as K-dramas, are taking the world by storm, and audiences here in Bangladesh are not immune to the allure. For years, aside ...",https://www.koreatimes.co.kr/www/nation/2020/11/176_299532.html,"data:image/gif;base64,R0lGODlhAQABAIAAAP///////yH5BAEKAAEALAAAAAABAAEAAAICTAEAOw==",0.2,0.2,0.5233
38 Best Korean Drama Films That Will Keep You Coming Back for More,PureWow,4 weeks ago,2020-11-26 09:45:05.671325,38 Best Korean Drama Films That Will Keep You Coming Back for More · 1. 'Secret Sunshine' (2007) · 2. 'Poetry' (2010) · 3. 'The Beauty Inside' (2015) · 4. 'Burning ...,https://www.purewow.com/entertainment/best-korean-drama-films,"data:image/gif;base64,R0lGODlhAQABAIAAAP///////yH5BAEKAAEALAAAAAABAAEAAAICTAEAOw==",0.5,0.26666666666666666,0.6369
Covid-19 plagues K-drama productions,The Star Online,4 weeks ago,2020-11-26 09:45:04.525430,"So far, 10 dramas across multiple South Korean broadcast stations have halted production when actors and staff tested positive. They are The Penthouse: War ...",https://www.thestar.com.my/lifestyle/entertainment/2020/11/27/covid-19-plagues-k-drama-productions,"data:image/gif;base64,R0lGODlhAQABAIAAAP///////yH5BAEKAAEALAAAAAABAAEAAAICTAEAOw==",0.0,0.0,0.0
"""Live On"", ""Awaken"", ""Hush"" & ""The Royal Secret Agent"" Are ...",hellokpop,1 month ago,2020-11-24 09:45:08.986799,"If you are scheduled to do your K-Drama marathon, consider the currently streaming K-Dramas on iQIYI platform too. Upcoming Korean Dramas To Launch on ...",https://www.hellokpop.com/featured/korean-dramas-on-iqiyi-november-december-2020/,"data:image/gif;base64,R0lGODlhAQABAIAAAP///////yH5BAEKAAEALAAAAAABAAEAAAICTAEAOw==",-0.13181818181818183,0.6,0.0
How K-drama’s Park Seo-joon uses his millions to do good,South China Morning Post,1 month ago,2020-11-24 09:45:08.984805,K-drama made Park Seo-joon a millionaire – why did the Itaewon Class star spend US$9 million on prime Seoul real estate?,https://www.scmp.com/magazines/style/celebrity/article/3109746/k-drama-made-park-seo-joon-millionaire-why-did-itaewon,"data:image/gif;base64,R0lGODlhAQABAIAAAP///////yH5BAEKAAEALAAAAAABAAEAAAICTAEAOw==",0.7,0.6000000000000001,0.4404
Jung Hae In and Blackpinks Jisoo starrer K-dramas filming Snowdrop suspended now,Republic World,1 month ago,2020-11-24 09:45:08.981784,The K-drama Snowdrop was the most awaited Jisoo's show as it would be the first time that the Blackpink singer was acting in a Kdrama. Snowdrop cast included ...,https://www.republicworld.com/entertainment-news/web-series/jung-hae-in-and-blackpinks-jisoo-starrer-k-dramas-filming-snowdrop-suspended-now.html,"data:image/gif;base64,R0lGODlhAQABAIAAAP///////yH5BAEKAAEALAAAAAABAAEAAAICTAEAOw==",0.0,0.0,-0.4767
"Son Ye-jin, melodrama queen – and property investment queen?",South China Morning Post,1 month ago,2020-11-24 09:45:08.979821,How does Crash Landing on You K-drama star Son Ye-jin spend her millions? The Korean Wave pioneer recently bought a US$14.4 million Gangnam property ...,https://www.scmp.com/magazines/style/celebrity/article/3109329/how-does-crash-landing-you-k-drama-star-son-ye-jin-spend,"data:image/gif;base64,R0lGODlhAQABAIAAAP///////yH5BAEKAAEALAAAAAABAAEAAAICTAEAOw==",-0.3,0.2,0.0
Number of K-dramas likely to decrease next year amid ...,The Star Online,1 month ago,2020-11-24 09:45:08.977833,"The number of South Korean TV drama series is expected to decrease next year due to the fallout of the protracted novel coronavirus pandemic, experts said.",https://www.thestar.com.my/lifestyle/entertainment/2020/11/11/number-of-k-dramas-likely-to-decrease-next-year-amid-coronavirus-pandemic,"data:image/gif;base64,R0lGODlhAQABAIAAAP///////yH5BAEKAAEALAAAAAABAAEAAAICTAEAOw==",0.0,0.5,0.0772
How K-dramas are made,BusinessWorld Online,1 month ago,2020-11-24 09:45:08.975828,NO ONE can deny the current popularity of Korean dramas in the Philippines and ... But what does it take to create a Korean drama and what contributes to its ...,https://www.bworldonline.com/how-k-dramas-are-made/,"data:image/gif;base64,R0lGODlhAQABAIAAAP///////yH5BAEKAAEALAAAAAABAAEAAAICTAEAOw==",0.0,0.0,0.0
Number of TV dramas likely to decrease next year amid coronavirus pandemic,The Korea Herald,1 month ago,2020-11-24 09:45:08.973836,"The number of South Korean TV drama series is expected to decrease next year due to the fallout of the protracted novel coronavirus pandemic, experts said ...",http://www.koreaherald.com/view.php?ud=20201109000649,"data:image/gif;base64,R0lGODlhAQABAIAAAP///////yH5BAEKAAEALAAAAAABAAEAAAICTAEAOw==",0.0,0.5,0.0772
Editor's Pick: 2020 Best Korean Drama Original Soundtracks,hellokpop,1 month ago,2020-11-24 09:45:07.903676,"Which 2020 Korean Drama OSTs have left quite an impact this season? Setting up our year-end count down for 2020 K-Drama season, we pick the tracks worthy ...",https://www.hellokpop.com/featured/editors-pick-best-2020-korean-drama-ost/,"data:image/gif;base64,R0lGODlhAQABAIAAAP///////yH5BAEKAAEALAAAAAABAAEAAAICTAEAOw==",0.6875,0.525,0.7579
Which K-drama actors almost debuted as K-pop idols?,South China Morning Post,1 month ago,2020-11-24 09:45:07.901678,Fresh-faced would-be stars entering the South Korean entertainment industry generally get cast or audition for a certain role – either as a future K-pop idol or ...,https://www.scmp.com/magazines/style/celebrity/article/3109128/park-bo-gum-and-4-other-k-drama-actors-who-first-trained,"data:image/gif;base64,R0lGODlhAQABAIAAAP///////yH5BAEKAAEALAAAAAABAAEAAAICTAEAOw==",0.0,0.0,0.0
"The tale of a Korean empress of China, an imperial K-drama",South China Morning Post,1 month ago,2020-11-24 09:45:07.899684,"The tale of Empress Gi, a Korean in China whose imperial scheming was worthy of a K-drama. Presented to Mongol emperor Toghon Temur as a tea maid, Gi ...",https://www.scmp.com/magazines/post-magazine/short-reads/article/3108600/tale-empress-gi-korean-china-whose-imperial,"data:image/gif;base64,R0lGODlhAQABAIAAAP///////yH5BAEKAAEALAAAAAABAAEAAAICTAEAOw==",0.0,0.0,0.0
Start-Up episode 8: Release date and time for Netflix’s Korean drama explained,HITC,1 month ago,2020-11-24 09:45:07.897694,"Start-Up is Netflix's latest hit Korean drama, but what date and time do we ... there are some fantastic Korean dramas to look forward every week on Netflix.",https://www.hitc.com/en-gb/2020/11/07/start-up-episode-8-release-date-and-time-for-netflixs-korean-drama-explained/,"data:image/gif;base64,R0lGODlhAQABAIAAAP///////yH5BAEKAAEALAAAAAABAAEAAAICTAEAOw==",0.0,0.0,0.0
"Foxy leads, urban fantasy: why Tale of the Nine Tailed is the next K-drama hit",South China Morning Post,1 month ago,2020-11-24 09:45:07.896692,"My Girl star Lee Dong-wook leads new K-drama Tale of the Nine Tailed – why is TVN's urban fantasy series already trending in Korea, and will it be on Netflix ...",https://www.scmp.com/magazines/style/k-pop/k-drama/article/3110340/my-girl-star-lee-dong-wook-leads-new-k-drama-tale,"data:image/gif;base64,R0lGODlhAQABAIAAAP///////yH5BAEKAAEALAAAAAABAAEAAAICTAEAOw==",0.0,0.0,0.0
Interview: Kim Hee-sun on playing Joo Won’s mum and love interest in Alice,South China Morning Post,1 month ago,2020-11-24 09:45:07.894668,"Faith and My Fair Lady K-drama star Kim Hee-sun's career spans almost 30 years, but how has marriage and motherhood inspired her latest roles in Alice? – ...",https://www.scmp.com/magazines/style/celebrity/article/3108244/faith-and-my-fair-lady-k-drama-star-kim-hee-suns-career,"data:image/gif;base64,R0lGODlhAQABAIAAAP///////yH5BAEKAAEALAAAAAABAAEAAAICTAEAOw==",0.5,0.6,0.8402
Start-Up episode 7: Release date and time for Netflix’s Korean drama explained,HITC,1 month ago,2020-11-24 09:45:07.892703,"Start-Up is Netflix's latest hit Korean drama, but what date and time do we ... there are some fantastic Korean dramas to look forward every week on Netflix.",https://www.hitc.com/en-gb/2020/11/02/start-up-episode-7-release-date-and-time-for-netflixs-korean-drama-explained/,"data:image/gif;base64,R0lGODlhAQABAIAAAP///////yH5BAEKAAEALAAAAAABAAEAAAICTAEAOw==",0.0,0.0,0.0
"K-Drama Premiere: ""Penthouse"" Launches With A Wicked ...",hellokpop,1 month ago,2020-11-24 09:45:06.831379,K-Drama Premiere: “Penthouse” Launches With A Wicked View On The War Of Life · Penthouse preludes with a soapy narrative on the lives of the unattainably ...,https://www.hellokpop.com/featured/k-drama-premiere-penthouse/,"data:image/gif;base64,R0lGODlhAQABAIAAAP///////yH5BAEKAAEALAAAAAABAAEAAAICTAEAOw==",0.0,0.0,-0.5267
K-Drama Thriller ‘The Call’ is Coming to Netflix in November 2020,What's on Netflix,1 month ago,2020-11-24 09:45:06.829385,"Netflix has seen plenty of K-Drama series on Netflix in 2020, but we've seen dramatically fewer movies from South Korea. The Call will be the fourth South ...",https://www.whats-on-netflix.com/news/k-drama-thriller-the-call-is-coming-to-netflix-in-november-2020/,"data:image/gif;base64,R0lGODlhAQABAIAAAP///////yH5BAEKAAEALAAAAAABAAEAAAICTAEAOw==",0.0,0.0,0.1027
K-Drama ‘The Good Detective’ Asks What It Takes To Be A Good Detective,Forbes,1 month ago,2020-11-24 09:45:06.828389,"Lee recently had roles in the dramas The Last Empress, Chief of Staff and Chief of Staff 2, plus the 2019 film My Bossy Girl. The drama aired in Korea from July 6 ...",https://www.forbes.com/sites/joanmacdonald/2020/11/17/k-drama-the-good-detective-asks-what-it-takes-to-be-a-good-detective/,"data:image/gif;base64,R0lGODlhAQABAIAAAP///////yH5BAEKAAEALAAAAAABAAEAAAICTAEAOw==",0.7,0.6000000000000001,0.7003
Netflix confirms special episode for zombie K-drama Kingdom ...,AsiaOne,1 month ago,2020-11-24 09:45:06.826393,"If the appearance of Gianna Jun at the end of the Korean zombie series Kingdom sparked joy for you, it's time to rejoice. Netflix has announced the production of ...",https://www.asiaone.com/entertainment/netflix-confirms-special-episode-zombie-k-drama-kingdom-starring-gianna-jun,"data:image/gif;base64,R0lGODlhAQABAIAAAP///////yH5BAEKAAEALAAAAAABAAEAAAICTAEAOw==",0.35714285714285715,0.5714285714285714,0.4019
#Showbiz: K-Drama actor Choi Sung-won undergoes ...,New Straits Times Online,1 month ago,2020-11-24 09:45:06.824398,"#Showbiz: K-Drama actor Choi Sung-won undergoes treatment for acute leukaemia. By Tahir Alhamzah. November 25, 2020 @ 12:39am.",https://www.nst.com.my/lifestyle/groove/2020/11/644227/showbiz-k-drama-actor-choi-sung-won-undergoes-treatment-acute,"data:image/gif;base64,R0lGODlhAQABAIAAAP///////yH5BAEKAAEALAAAAAABAAEAAAICTAEAOw==",0.0,0.0,0.0
Chinese netizens respond to allegations that Chinese TV drama has 'copied' Korean culture,Global Times,1 month ago,2020-11-24 09:45:06.822404,Chinese netizens respond to allegations that Chinese TV drama has 'copied' Korean culture. Source: Global Times Published: 2020/11/22 13:08:38 ...,https://www.globaltimes.cn/content/1207610.shtml,"data:image/gif;base64,R0lGODlhAQABAIAAAP///////yH5BAEKAAEALAAAAAABAAEAAAICTAEAOw==",0.0,0.0,0.0
"Lee Do-hyun’s pig hat, and 4 more shocking ways Korean idols angered their fans",South China Morning Post,1 month ago,2020-11-24 09:45:06.820415,Korean idols are nothing without their fans. ... K-drama star Lee Do-hyun discovered as much this week when he became the subject of criticism over a fan gift.,https://www.scmp.com/magazines/style/k-pop/artists-celebrities/article/3108538/when-k-pop-and-k-drama-fans-turn-sour,"data:image/gif;base64,R0lGODlhAQABAIAAAP///////yH5BAEKAAEALAAAAAABAAEAAAICTAEAOw==",-0.4166666666666667,0.7833333333333333,-0.7425
Weekender | Hallyu that bundled us together,Daily Californian,1 month ago,2020-11-24 09:45:06.817420,"Korean dramas aren't just big in Japan, but in other countries in Asia as well, and, ... When “Kingdom,” which was Netflix's first original Korean drama, made its ...",https://www.dailycal.org/2020/11/20/hallyu-that-bundled-us-together/,"data:image/gif;base64,R0lGODlhAQABAIAAAP///////yH5BAEKAAEALAAAAAABAAEAAAICTAEAOw==",0.0,0.0,0.0
Music Director Nam Hye Seung on creating soundtracks for K ...,Bandwagon,1 month ago,2020-11-24 09:45:06.815423,"While we plunge headfirst into one K-drama after another, time rarely stops for a passing thought about how the original soundtrack ties the twists and turns of ...",https://www.bandwagon.asia/articles/music-director-nam-hye-seung-kdrama-korean-drama-record-of-youth-its-okay-to-not-be-okay-soundtrack-ost-bgm-interview-2020,"data:image/gif;base64,R0lGODlhAQABAIAAAP///////yH5BAEKAAEALAAAAAABAAEAAAICTAEAOw==",0.0,0.0,0.296
Start-Up’s Nam Da-reum and 8 times he stole the show as a younger lead,South China Morning Post,1 month ago,2020-11-24 09:45:05.677314,"has only been out for a month, but it's already made its own mark amid the bubbling K-drama crossover craze. One of the most-anticipated Korean series of the ...",https://www.scmp.com/magazines/style/k-pop/k-drama/article/3109161/bae-suzy-and-nam-joo-hyuk-may-lead-netflixs-start-nam,"data:image/gif;base64,R0lGODlhAQABAIAAAP///////yH5BAEKAAEALAAAAAABAAEAAAICTAEAOw==",0.0,0.0,0.0
2021 Outlook: New Korean Wave to Emerge amid Transition to Online Arena,BusinessKorea,1 month ago,2020-11-24 09:45:05.675316,"In the media sector, the presence of Korean dramas ('K-drama') is to expand further, and the scope of ad sector businesses is to widen rapidly. Media: iQIYI (rather ...",http://www.businesskorea.co.kr/news/articleView.html?idxno=55561,"data:image/gif;base64,R0lGODlhAQABAIAAAP///////yH5BAEKAAEALAAAAAABAAEAAAICTAEAOw==",0.13636363636363635,0.45454545454545453,0.0
13 Music K-Dramas That Will Have Your Heart Singing,soompi,1 month ago,2020-11-24 09:45:05.673324,13 Music K-Dramas That Will Have Your Heart Singing · 1. “Do You Like Brahms?” · 2. “The Liar and His Lover” · 3. “Dream High” · 4. “You're Beautiful” · 5. “Page ...,https://www.soompi.com/article/1431271wpp/13-music-k-dramas-that-will-have-your-heart-singing,"data:image/gif;base64,R0lGODlhAQABAIAAAP///////yH5BAEKAAEALAAAAAABAAEAAAICTAEAOw==",0.0,0.0,0.6369
"'VIP': This K-drama serves so much tea, our cup runneth over",The Star Online,1 month ago,2020-11-24 09:45:05.670328,"Being a newbie to K-dramas, where the running time is usually longer than most US series, even popular titles like Crash Landing On You felt draggy at times.",https://www.thestar.com.my/lifestyle/entertainment/2020/11/03/039vip039-this-k-drama-serves-so-much-tea-our-cup-runneth-over,"data:image/gif;base64,R0lGODlhAQABAIAAAP///////yH5BAEKAAEALAAAAAABAAEAAAICTAEAOw==",0.2,0.2,0.6166
Pocong goes international: Indonesian netizens spooked by ...,Coconuts Jakarta,1 month ago,2020-11-24 09:45:05.668308,"Many Indonesians have taken to binge watching K-drama to pass the time at home, with the new series Start-Up being one of the most popular dramas right now ...",https://coconuts.co/jakarta/lifestyle/pocong-goes-international-indonesian-netizens-spooked-by-ghost-sighting-in-hit-k-drama-series-start-up/,"data:image/gif;base64,R0lGODlhAQABAIAAAP///////yH5BAEKAAEALAAAAAABAAEAAAICTAEAOw==",0.0,0.0,0.0
7 November K-Drama Premieres To Look Forward To,soompi,1 month ago,2020-11-24 09:45:05.666313,"November welcomes another round of new and exciting K-dramas! As the ... “2020 KBS Drama Special” will feature 10 diverse projects, with six of them airing in ...",https://www.soompi.com/article/1434184wpp/7-november-k-drama-premieres-to-look-forward-to,"data:image/gif;base64,R0lGODlhAQABAIAAAP///////yH5BAEKAAEALAAAAAABAAEAAAICTAEAOw==",0.0,0.0,0.0
"2020 K-Drama Trends: Strong Women, Serial Killers And Social Issues",Forbes,1 month ago,2020-11-24 09:45:05.663321,2020 was an unusual year and with the end in sight it seems like the right time to see if any unusual trends shaped Korean dramas. A few trends stand out ...,https://www.forbes.com/sites/joanmacdonald/2020/11/22/2020-k-drama-trends-strong-women-serial-killers-and-social-issues/,"data:image/gif;base64,R0lGODlhAQABAIAAAP///////yH5BAEKAAEALAAAAAABAAEAAAICTAEAOw==",0.2333333333333333,0.39999999999999997,-0.25
How a TV drama is helping address South Korea's mental ...,Nikkei Asian Review,1 month ago,2020-11-24 09:45:05.661356,"A good example is this year's hit K-drama It's Okay to Not Be Okay aired by South Korean channel TVN and Netflix, which approaches difficult conversations about ...",https://asia.nikkei.com/Opinion/How-a-TV-drama-is-helping-address-South-Korea-s-mental-health-crisis,"data:image/gif;base64,R0lGODlhAQABAIAAAP///////yH5BAEKAAEALAAAAAABAAEAAAICTAEAOw==",-0.1,0.2,0.296
Start-Up episode 13: Release date and time for Netflix’s Korean drama explained,HITC,1 month ago,2020-11-24 09:45:04.527395,"Start-Up is Netflix's latest hit Korean drama, but what date and time do we expect ... Private Lives and Start-Up, there are some fantastic Korean dramas to look ...",https://www.hitc.com/en-gb/2020/11/25/start-up-episode-13-release-date-and-time-for-netflixs-korean-drama-explained/,"data:image/gif;base64,R0lGODlhAQABAIAAAP///////yH5BAEKAAEALAAAAAABAAEAAAICTAEAOw==",0.0,0.0,0.0
How K-pop and Korean drama had their biggest breakthrough in India amid the pandemic,Economic Times,1 month ago,2020-11-24 09:45:04.524433,"K-pop, as well as Korean dramas, have been a prominent subculture among India's GenZ and millennials for the last couple of years now. Along with other cultural ...",https://economictimes.indiatimes.com/tech/tech-bytes/how-k-pop-and-korean-drama-had-their-breakthrough-moment-in-india-amid-the-pandemic/articleshow/78954150.cms,"data:image/gif;base64,R0lGODlhAQABAIAAAP///////yH5BAEKAAEALAAAAAABAAEAAAICTAEAOw==",0.0,0.0,0.0
First-generation K-drama producer Kim Jong-hak Production ...,Pulse News,1 month ago,2020-11-24 09:45:04.522438,South Korea's first-generation and major drama producer Kim Jong-hak Production is put on the market on hopes that it would draw many investors and content ...,https://pulsenews.co.kr/view.php?year=2020&no=1196225,"data:image/gif;base64,R0lGODlhAQABAIAAAP///////yH5BAEKAAEALAAAAAABAAEAAAICTAEAOw==",0.0,0.0,0.0
"November 2020 Korean Drama Releases: ""Birthcare Center ...",hellokpop,1 month ago,2020-11-24 09:45:04.517421,"Marking the last month of K-Drama season this year are distinctively varying stories to be featured in November 2020 Korean Dramas. For him, for her, for the ...",https://www.hellokpop.com/featured/november-2020-korean-dramas/,"data:image/gif;base64,R0lGODlhAQABAIAAAP///////yH5BAEKAAEALAAAAAABAAEAAAICTAEAOw==",-0.1,0.1,0.0
"Who is Kim Seon-ho, the Start-Up star giving us serious second lead syndrome?",South China Morning Post,1 month ago,2020-11-24 09:45:04.515427,"Netflix's Start-Up: who is Kim Seon-ho, the hot Korean actor giving us serious second lead syndrome in the K-drama hit? Seasoned stars Bae Suzy and Nam Joo- ...",https://www.scmp.com/magazines/style/celebrity/article/3110176/netflixs-start-who-kim-seon-ho-hot-korean-actor-giving-us,"data:image/gif;base64,R0lGODlhAQABAIAAAP///////yH5BAEKAAEALAAAAAABAAEAAAICTAEAOw==",-0.16666666666666666,0.3333333333333333,0.2732
"TXT share new song, 'Your Light,' theme song of K-drama, Live On –",Bandwagon,1 month ago,2020-11-24 09:45:04.512435,"Translations were also shared by fans, along with their thoughts on the song. 'Your Light' Lyrics - Live On Drama OST by TOMORROW X TOGETHER (TXT) [ ...",https://www.bandwagon.asia/articles/txt-tomorrow-x-together-drop-your-light-as-theme-soundtrack-ost-song-of-jtbc-korean-k-drama-live-on-2020,"data:image/gif;base64,R0lGODlhAQABAIAAAP///////yH5BAEKAAEALAAAAAABAAEAAAICTAEAOw==",0.22424242424242424,0.5515151515151515,0.296
"Hyun Bin, Star of Hit K-Drama Crash Landing on You, is ...",Singapore Tatler,1 month ago,2020-11-24 09:45:04.510469,"The South Korean star gained global praise for his performance in the hit drama Crash Landing On You. ""Omega's pioneering spirit and quest for innovation has ...",https://sg.asiatatler.com/style/crash-landing-on-you-star-hyun-bin-is-the-new-omega-ambassador,"data:image/gif;base64,R0lGODlhAQABAIAAAP///////yH5BAEKAAEALAAAAAABAAEAAAICTAEAOw==",0.0,0.0,-0.4019
