title,media,date,datetime,desc,link,img,textBlob polarity,textBlob subjectivity,vader polarity
"10 Most ""Cottagecore"" Anime Series, Ranked | ScreenRant",Screen Rant,3 weeks ago,2020-12-03 09:43:45.278504,There are a lot of anime movies and shows with cottagecore aesthetics. These animations really reflect a love of rural life and the whimsy behind such a way of ...,https://screenrant.com/cottagecore-anime-series-ranked/,"data:image/gif;base64,R0lGODlhAQABAIAAAP///////yH5BAEKAAEALAAAAAABAAEAAAICTAEAOw==",0.5,0.5,0.0
Jujutsu Kaisen Introduces Nanami to the Anime,Comicbook.com,3 weeks ago,2020-12-03 09:43:45.271555,"But with Nanami's debut in the anime, the series has taken its first real steps into the major battle of the season. What did you think of Nanami's debut? Let us know ...",https://comicbook.com/anime/news/jujutsu-kaisen-kento-nanami-fight-anime-debut-watch/,"data:image/gif;base64,R0lGODlhAQABAIAAAP///////yH5BAEKAAEALAAAAAABAAEAAAICTAEAOw==",0.0,0.0,0.0
"Demon Slayer tops manga year-end chart, outsells Kingdom ...",Mothership.sg,3 weeks ago,2020-12-03 09:43:45.266565,Here's a table from Anime News Network. Screenshot from Anime News Network. Much closer. One Piece's dip in numbers this year is partly because only three ...,https://mothership.sg/2020/11/demon-slayer-2020-sales/,"data:image/gif;base64,R0lGODlhAQABAIAAAP///////yH5BAEKAAEALAAAAAABAAEAAAICTAEAOw==",0.0,0.0,0.5106
5 Anime That Failed to Live Up to Their Hype in 2020 | CBR,CBR,3 weeks ago,2020-12-03 09:43:45.263576,"Some anime just fail to meet the high expectations placed on them by fans, and in 2020, these five series might be the most disappointing of the year's releases.",https://www.cbr.com/2020-anime-failed-live-up-to-hype/,"data:image/gif;base64,R0lGODlhAQABAIAAAP///////yH5BAEKAAEALAAAAAABAAEAAAICTAEAOw==",-0.18181818181818182,0.4,-0.5106
Anime fan Naomi Osaka inspires new manga character,TimesLIVE,3 weeks ago,2020-12-03 09:43:44.828836,"Osaka, who is the world's highest paid female athlete, is a fan of both manga and anime and took to social media to welcome the character. Her sister Mari Osaka ...",https://www.timeslive.co.za/sport/2020-11-30-anime-fan-naomi-osaka-inspires-new-manga-character/,"data:image/gif;base64,R0lGODlhAQABAIAAAP///////yH5BAEKAAEALAAAAAABAAEAAAICTAEAOw==",0.13636363636363635,0.45454545454545453,0.6369
Is 'Demon Slayer' too violent for children?,,3 weeks ago,2020-12-03 09:43:41.029999,"Latest box-office figures show that “Demon Slayer,” an anime based on a popular manga by Koyoharu Gotoge of the same name, is single-handedly propping ...",https://www.japantimes.co.jp/news/2020/11/28/national/media-national/demon-slayer-violent-for-kids/,"data:image/gif;base64,R0lGODlhAQABAIAAAP///////yH5BAEKAAEALAAAAAABAAEAAAICTAEAOw==",-0.8,1.0,-0.5994
'Demon Slayer' anime franchise continues to roll,Nikkei Asia,3 weeks ago,2020-12-03 09:43:41.027976,"'Demon Slayer' anime franchise continues to roll. Companies cash in on marketing tie-ups with blockbuster brand. The animated film ""Demon ...",https://asia.nikkei.com/Business/Media-Entertainment/Demon-Slayer-anime-franchise-continues-to-roll,"data:image/gif;base64,R0lGODlhAQABAIAAAP///////yH5BAEKAAEALAAAAAABAAEAAAICTAEAOw==",0.0,0.0,0.0
Conversations with Dr. Thomas Lamarre,The Chicago Maroon,4 weeks ago,2020-11-26 09:43:44.824815,"""One of the things I noticed when I started doing more research on anime is that Japanese series never pass through giant cinemaâ€”they go through television, ...",https://www.chicagomaroon.com/article/2020/11/28/conversations-dr-thomas-lamarre/,"data:image/gif;base64,R0lGODlhAQABAIAAAP///////yH5BAEKAAEALAAAAAABAAEAAAICTAEAOw==",0.0,0.0,0.0
Fans In Japan Don't Want These Anime Turned Into Live-Action Movies,Kotaku,4 weeks ago,2020-11-26 09:43:41.028998,"In the past few years, there have been a handful of popular anime turned into live-action films. A few have been good, but many have not. Advertisement.",https://kotaku.com/fans-in-japan-dont-want-these-anime-turned-into-live-ac-1845763883,"data:image/gif;base64,R0lGODlhAQABAIAAAP///////yH5BAEKAAEALAAAAAABAAEAAAICTAEAOw==",0.0,0.0,-0.0572
Jujutsu Kaisen Gave Us The Best Anime Fight Of 2020,Comicbook.com,1 month ago,2020-11-24 09:43:47.571655,"With the fourth episode of the anime series, we saw Itadori relying on the demon that is currently attempting to take control, saving Yuji's life by unleashing the ...",https://comicbook.com/anime/news/jujutsu-kaisen-the-best-anime-fight-of-2020/,"data:image/gif;base64,R0lGODlhAQABAIAAAP///////yH5BAEKAAEALAAAAAABAAEAAAICTAEAOw==",1.0,0.3,0.3818
Sword Art Online: 10 Differences Between The Anime & Light Novel,CBR,1 month ago,2020-11-24 09:43:47.569661,"Although the anime adaption of Sword Art Online does a great job, there a few glaring differences between the light novel and its many adaptions. By Brianna ...",https://www.cbr.com/sao-anime-vs-light-novel/,"data:image/gif;base64,R0lGODlhAQABAIAAAP///////yH5BAEKAAEALAAAAAABAAEAAAICTAEAOw==",0.4,0.7,0.3182
New Boruto Promo Refocuses Anime on Kara Arc,Comicbook.com,1 month ago,2020-11-24 09:43:47.567666,"Though we are still quite a ways away from seeing these recent events take place in the anime, it's clear that Boruto and the other members of Team 7 are going ...",https://comicbook.com/anime/news/boruto-naruto-new-anime-promo-return-of-kara-arc/,"data:image/gif;base64,R0lGODlhAQABAIAAAP///////yH5BAEKAAEALAAAAAABAAEAAAICTAEAOw==",0.13636363636363635,0.45454545454545453,0.0
The 10 Most Popular Action Anime (According to MyAnimeList) | CBR,CBR,1 month ago,2020-11-24 09:43:47.565672,"Anime and action go together like peanut butter and jelly. They're the lethal combination that made the community what it is today, and the modern generation is ...",https://www.cbr.com/myanimelist-most-popular-action-anime/,"data:image/gif;base64,R0lGODlhAQABAIAAAP///////yH5BAEKAAEALAAAAAABAAEAAAICTAEAOw==",0.4000000000000001,0.5,0.4754
"Japanese university to offer degree in anime, Manga",Philstar.com,1 month ago,2020-11-24 09:43:47.564674,"MANILA, Philippines â€” A university in Japan is set to offer a degree in anime and Manga. According to a Crunchyroll report, the Kaisihi Professional University ...",https://www.philstar.com/lifestyle/arts-and-culture/2020/11/24/2059129/japanese-university-offer-degree-anime-manga,"data:image/gif;base64,R0lGODlhAQABAIAAAP///////yH5BAEKAAEALAAAAAABAAEAAAICTAEAOw==",0.0,0.0,0.0
"Jujutsu Kaisen References Dragon Ball, Naruto and More in Hilarious Scene",Comicbook.com,1 month ago,2020-11-24 09:43:47.562680,One of the most intriguing elements of Gege Akutami's series getting a full anime adaptation going in was whether or not the anime would be able to keep up many ...,https://comicbook.com/anime/news/jujutsu-kaisen-dragon-ball-naruto-bleach-easter-egg-anime/,"data:image/gif;base64,R0lGODlhAQABAIAAAP///////yH5BAEKAAEALAAAAAABAAEAAAICTAEAOw==",0.5,0.75,0.4549
Naruto: Every Filler Arc In The Anime (In Chronological Order),CBR,1 month ago,2020-11-24 09:43:47.560685,"Naruto: Every Filler Arc In The Anime (In Chronological Order). The filler in the first half of Naruto was very hit or miss, most feeling incredibly pointless, not to ...",https://www.cbr.com/naruto-every-filler-arc-in-anime-chronological-order/,"data:image/gif;base64,R0lGODlhAQABAIAAAP///////yH5BAEKAAEALAAAAAABAAEAAAICTAEAOw==",0.0,0.0,0.0
"United States Of Smash: 10 Most Powerful Signature Moves In Anime, Ranked",Screen Rant,1 month ago,2020-11-24 09:43:47.558690,Most anime action characters (particularly of the battle shonen variety) have that one signature move that they're synonymous with. The question just remains: ...,https://screenrant.com/powerful-signature-moves-anime/,"data:image/gif;base64,R0lGODlhAQABAIAAAP///////yH5BAEKAAEALAAAAAABAAEAAAICTAEAOw==",0.4,0.75,0.7089
The Seven Deadly Sins Season 4 Debuts First Poster,Comicbook.com,1 month ago,2020-11-24 09:43:47.557693,"Much like anime franchises such as Demon Slayer and The Promised Neverland, The Seven Deadly Sins' manga story has come to an end, but even with the ...",https://comicbook.com/anime/news/the-seven-deadly-sins-season-4-anime-first-poster/,"data:image/gif;base64,R0lGODlhAQABAIAAAP///////yH5BAEKAAEALAAAAAABAAEAAAICTAEAOw==",0.024999999999999994,0.3666666666666667,-0.4588
Mobile Suit Gundam Announces New Anime for Early 2021,Comicbook.com,1 month ago,2020-11-24 09:43:47.555698,"Feel free to let us know in the comments or hit me up directly on Twitter @EVComedy to talk all things comics, anime, and the world of anime mech suits! Start the ...",https://comicbook.com/anime/news/mobile-suit-gundam-new-anime-early-2021/,"data:image/gif;base64,R0lGODlhAQABAIAAAP///////yH5BAEKAAEALAAAAAABAAEAAAICTAEAOw==",0.11818181818181818,0.37727272727272726,0.0
5 Amazing Anime Coming To Netflix In 2021 (& 5 Netflix Is Missing Out On),CBR,1 month ago,2020-11-24 09:43:45.277507,Netflix has been trying to get their hands in the anime pie for a few years now. They've taken to exclusively adapting specific series like Dorohedoro and ...,https://www.cbr.com/anime-coming-netflix-2021-missing-out/,"data:image/gif;base64,R0lGODlhAQABAIAAAP///////yH5BAEKAAEALAAAAAABAAEAAAICTAEAOw==",0.20000000000000004,0.47500000000000003,0.3818
"10 Best Anime Movies, Ranked According To MyAnimeList | CBR",CBR,1 month ago,2020-11-24 09:43:45.275544,The ultimate anime and manga database MyAnimeList allows users to rate every show and collectively determine the top-rated anime movies on this list.,https://www.cbr.com/myanimelist-best-anime-movies/,"data:image/gif;base64,R0lGODlhAQABAIAAAP///////yH5BAEKAAEALAAAAAABAAEAAAICTAEAOw==",1.0,0.3,0.6369
Jujutsu Kaisen: 10 Things You Should Know Before Watching The Anime,CBR,1 month ago,2020-11-24 09:43:45.273550,"The anime's stellar reception helped boost sales even more. By industry standards, these figures are unprecedented for a mangaka's first major work and a title ...",https://www.cbr.com/jujutsu-kaisen-information-before-watching-anime/,"data:image/gif;base64,R0lGODlhAQABAIAAAP///////yH5BAEKAAEALAAAAAABAAEAAAICTAEAOw==",0.0,0.0,0.0
Anime Festival Asia S'pore to be held online in Dec. 2020 due ...,Mothership.sg,1 month ago,2020-11-24 09:43:45.270557,The C3AFA (Anime Festival Asia) Singapore 2020 physical event has been cancelled for the first time in 12 years due to the current Covid-19 situation.,https://mothership.sg/2020/11/afa-2020-online-covid-19/,"data:image/gif;base64,R0lGODlhAQABAIAAAP///////yH5BAEKAAEALAAAAAABAAEAAAICTAEAOw==",-0.125,0.375,0.4939
Netflix getting bullish on surging global popularity of anime titles | NewsBytes,NewsBytes,1 month ago,2020-11-24 09:43:45.268560,"Anime, otherwise considered to be a niche favorite for discerning animation lovers, has bagged the top 10 spot for Netflix in over 100 countries. In this article.",https://www.newsbytesapp.com/news/entertainment/2021-will-be-the-anime-era-for-netflix/story,"data:image/gif;base64,R0lGODlhAQABAIAAAP///////yH5BAEKAAEALAAAAAABAAEAAAICTAEAOw==",0.0,0.0,0.4767
This 'The Mandalorian' And 'Cowboy Bebop' Mash-Up Is The Anime Space Western Crossover We Need,Mashable India,1 month ago,2020-11-24 09:43:45.265572,The Japanese anime that's about space cowboys and intergalactic bounty hunters is an unmissable classic. And that's why when French artist Malec created a ...,https://in.mashable.com/culture/18091/this-the-mandalorian-and-cowboy-bebop-mash-up-is-the-anime-space-western-crossover-we-need,"data:image/gif;base64,R0lGODlhAQABAIAAAP///////yH5BAEKAAEALAAAAAABAAEAAAICTAEAOw==",0.0,0.0,0.0
"Train inspired by anime ""Demon Slayer"" begins limited time run",Kyodo News Plus,1 month ago,2020-11-24 09:43:44.841770,"and Toho Co. The manga was also made into an anime television series that aired in Japan last year. Nov 1, 2020 | KYODO NEWS ...",https://english.kyodonews.net/news/2020/11/5eec6e94b0ff-train-inspired-by-anime-demon-slayer-begins-limited-time-run.html,"data:image/gif;base64,R0lGODlhAQABAIAAAP///////yH5BAEKAAEALAAAAAABAAEAAAICTAEAOw==",-0.07142857142857142,0.14285714285714285,0.3182
Hayao Miyazaki Asked About Anime When Picking Up Trash,Kotaku Australia,1 month ago,2020-11-24 09:43:44.839804,"Spirited Away is the highest-grossing anime in Japanese movie history, and Demon Slayer is on track to beat it. The newly released animated feature already ...",https://www.kotaku.com.au/2020/11/hayao-miyazaki-asked-about-anime-when-picking-up-trash/,"data:image/gif;base64,R0lGODlhAQABAIAAAP///////yH5BAEKAAEALAAAAAABAAEAAAICTAEAOw==",0.0,0.0,0.0
Man's Girlfriend Throws Away Demon Slayer Figurines Worth Thousands; Is Now His Ex,Geek Culture,1 month ago,2020-11-24 09:43:44.837809,"Such was the case with a (ex-)couple in Taiwan, where a man's then-girlfriend's disrespectful treatment of his beloved anime figurine collection initiated a messy ...",https://geekculture.co/mans-girlfriend-throws-away-demon-slayer-figurines-worth-thousands-is-now-his-ex/,"data:image/gif;base64,R0lGODlhAQABAIAAAP///////yH5BAEKAAEALAAAAAABAAEAAAICTAEAOw==",0.3,0.1,0.2263
Pokemon Journeys Introduces Eternatus to the Anime,Comicbook.com,1 month ago,2020-11-24 09:43:44.836815,The latest few episodes of the anime have been tackling the Darkest Day arc of the Sword and Shield games that has seen mysterious Dynamax energy spikes ...,https://comicbook.com/anime/news/pokemon-journeys-eternatus-anime-debut-watch/,"data:image/gif;base64,R0lGODlhAQABAIAAAP///////yH5BAEKAAEALAAAAAABAAEAAAICTAEAOw==",0.0,0.0,0.0
Japan's Prime Minister Delivers Demon Slayer Quote During Budget Meeting,Comicbook.com,1 month ago,2020-11-24 09:43:44.834814,"Anime and manga fans are inundated by the hit series regularly while the debut of ... After all, the politician quoted the anime in a recent committee meeting, and ...",https://comicbook.com/anime/news/demon-slayer-anime-manga-japan-prime-minister/,"data:image/gif;base64,R0lGODlhAQABAIAAAP///////yH5BAEKAAEALAAAAAABAAEAAAICTAEAOw==",0.0,0.0,0.0
"How Onyx Equinox pulls characters, gods & settings from Mesoamerican myth",Polygon,1 month ago,2020-11-24 09:43:44.832818,"Onyx Equinox, the third Original production by anime-distributor Crunchyroll, is a blood-spilling animated fantasy series steeped into the temples, gods, and ...",https://www.polygon.com/animation-cartoons/2020/11/21/21588450/onyx-equinox-izel-characters-gods-setting-mesoamerican-mayan-aztec-culture,"data:image/gif;base64,R0lGODlhAQABAIAAAP///////yH5BAEKAAEALAAAAAABAAEAAAICTAEAOw==",0.0,0.0,0.0
How 'Blood of Zeus' became a Netflix anime hit for two Greek brothers from New Jersey,Inverse,1 month ago,2020-11-24 09:43:44.830823,"Years after learning about the gods from their grandmother, the Parlapanides Brothers have taken their people's myths to Netflix in the new anime Blood of Zeus, ...",https://www.inverse.com/entertainment/blood-of-zeus-showrunners-interview-charley-vlas-parlapanides-anime-netflix,"data:image/gif;base64,R0lGODlhAQABAIAAAP///////yH5BAEKAAEALAAAAAABAAEAAAICTAEAOw==",0.06818181818181818,0.22727272727272727,0.0
10 Anime That Are Way Further Behind The Manga Than Fans Would Expect,CBR,1 month ago,2020-11-24 09:43:44.826810,"Most anime that come out these days tend to be adaptations of manga series. That isn't to say that there's never been an anime purely made as a new IP, ...",https://www.cbr.com/anime-behind-the-manga/,"data:image/gif;base64,R0lGODlhAQABAIAAAP///////yH5BAEKAAEALAAAAAABAAEAAAICTAEAOw==",-0.2,0.6,0.0
Square Enix's The World Ends With You Anime To Premiere In ...,Geek Culture,1 month ago,2020-11-24 09:43:42.179902,"The release date was announced in a new trailer for the anime, in which we see series protagonist Neku Sakuraba fight various monsters around him using the ...",https://geekculture.co/square-enixs-the-world-ends-with-you-anime-to-premiere-in-april-2021/,"data:image/gif;base64,R0lGODlhAQABAIAAAP///////yH5BAEKAAEALAAAAAABAAEAAAICTAEAOw==",0.0,0.0,0.0
'Demon Slayer' becomes Japan's third-highest grossing film ever,,1 month ago,2020-11-24 09:43:42.177943,The sequel to an anime television series that aired in Japan last year had racked up ¥25.91 billion ($248 million) and drawn more than 19 million viewers across ...,https://www.japantimes.co.jp/culture/2020/11/24/entertainment-news/anime-demon-slayer-movie-box-office/,"data:image/gif;base64,R0lGODlhAQABAIAAAP///////yH5BAEKAAEALAAAAAABAAEAAAICTAEAOw==",0.0,0.0,-0.0772
Attack On Titan: 10 Anime To Watch After The Final Season | CBR,CBR,1 month ago,2020-11-24 09:43:42.175942,"While it may be impossible to replace such a fantastic show, there are a few anime to check out after Attack on Titan's epic finale. 10 One Punch Man. One Punch ...",https://www.cbr.com/attack-on-titan-anime-watch-after-last-season/,"data:image/gif;base64,R0lGODlhAQABAIAAAP///////yH5BAEKAAEALAAAAAABAAEAAAICTAEAOw==",0.0,1.0,-0.4767
10 Anime Characters Who Are A Better Match For Naruto Than Hinata,CBR,1 month ago,2020-11-24 09:43:42.173987,"9 Izuku Midoriya (My Hero Academia). Like many shonen anime protagonists, Naruto and Deku are ...",https://www.cbr.com/naruto-anime-character-better-match-than-hinata/,"data:image/gif;base64,R0lGODlhAQABAIAAAP///////yH5BAEKAAEALAAAAAABAAEAAAICTAEAOw==",0.5,0.5,0.4404
Dubbed Anime Fans Can Now Enjoy Fall's Hottest Shows | Game Rant,Game Rant,1 month ago,2020-11-24 09:43:42.172418,Soon fans of dubbed anime can now enjoy the fall season exactly the way they want it. Crunchyroll announced that some of the hottest shows this season will ...,https://gamerant.com/dubbed-anime-fans-can-now-enjoy-falls-hottest-shows/,"data:image/gif;base64,R0lGODlhAQABAIAAAP///////yH5BAEKAAEALAAAAAABAAEAAAICTAEAOw==",0.0,0.45,0.2023
"Time-travel, cute bear in new anime offerings",The Straits Times,1 month ago,2020-11-24 09:43:42.170420,"With five new anime titles announced and a strong slate of anime films and series coming out next year, streaming giant Netflix is positioning itself as the new ...",https://www.straitstimes.com/life/entertainment/time-travel-cute-bear-in-new-anime-offerings,"data:image/gif;base64,R0lGODlhAQABAIAAAP///////yH5BAEKAAEALAAAAAABAAEAAAICTAEAOw==",0.3181818181818182,0.7272727272727273,0.4588
‘Demon Slayer’ Now Biggest IMAX Title Ever In Japan As Anime Smash Trains Sights On More Records; ‘Freaky’ Shows Strong In Australia – International Box Office,Deadline,1 month ago,2020-11-24 09:43:42.168396,"5 all-time biggest movie in Japan, the anime adaptation is expected to keep climbing in the next weeks, overtaking Your Name, Frozen and Titanic. Demon Slayer ...",https://deadline.com/2020/11/demon-slayer-imax-japan-all-time-record-freaky-opening-weekend-tenet-china-global-international-box-office-1234615988/,"data:image/gif;base64,R0lGODlhAQABAIAAAP///////yH5BAEKAAEALAAAAAABAAEAAAICTAEAOw==",0.3111111111111111,0.41111111111111115,0.5106
Cowboy Bebop live-action series officially makes anime character Gren nonbinary,EW.com,1 month ago,2020-11-24 09:43:42.166401,"In the original anime, Grencia Mars Elijah Guo Eckener, nicknamed Gren, was a veteran of the Titan War who played saxophone at the club known as the Rooster ...",https://ew.com/tv/cowboy-bebop-gren-nonbinary-mason-alexander-park/,"data:image/gif;base64,R0lGODlhAQABAIAAAP///////yH5BAEKAAEALAAAAAABAAEAAAICTAEAOw==",0.0,0.0,0.0
Man breaks up with girlfriend after she throws away his ...,Mothership.sg,1 month ago,2020-11-24 09:43:42.165404,"Man's girlfriend throws away his anime figurines. Posting in a Taiwanese Facebook group where users can anonymously rant about their girlfriends, the user ...",https://mothership.sg/2020/11/taiwan-girlfriend-throw-away-nezuko/,"data:image/gif;base64,R0lGODlhAQABAIAAAP///////yH5BAEKAAEALAAAAAABAAEAAAICTAEAOw==",0.0,0.0,0.0
IMRAN: Anime holds important qualities less prevalent in ...,RU Daily Targum,1 month ago,2020-11-24 09:43:42.163409,Anime is a Japanese-style animation that “is characterized by stark colorful graphics depicting vibrant characters in action-filled plots often with fantastic or ...,https://dailytargum.com/article/2020/11/imran-anime-holds-important-qualities-less-prevalent-in-western-media,"data:image/gif;base64,R0lGODlhAQABAIAAAP///////yH5BAEKAAEALAAAAAABAAEAAAICTAEAOw==",0.11666666666666668,0.5333333333333333,0.2023
There’s Something Super Weird About Netflix Anime,WIRED,1 month ago,2020-11-24 09:43:41.045965,"Anime is a Japanese product, definitionally. The manga that inspires it is made in Japan. The storyboarders, writers, and producers are in Japan. (Although now, ...",https://www.wired.com/story/theres-something-super-weird-about-netflix-anime/,"data:image/gif;base64,R0lGODlhAQABAIAAAP///////yH5BAEKAAEALAAAAAABAAEAAAICTAEAOw==",-0.08333333333333334,0.8333333333333333,0.4939
"“Getter Robot Arc"" Finally Becomes an Anime!",Business Wire,1 month ago,2020-11-24 09:43:41.043958,"“Getter Robot Arc"" Finally Becomes an Anime! The last ""Getter Robot"" by Ken Ishikawa is going through an era of stagnation and chaos!",https://www.businesswire.com/news/home/20201101005061/en/%E2%80%9CGetter-Robot-Arc-Finally-Becomes-an-Anime%21,"data:image/gif;base64,R0lGODlhAQABAIAAAP///////yH5BAEKAAEALAAAAAABAAEAAAICTAEAOw==",0.0,1.0,0.0
The World Is Watching More Anime—and Streaming Services Are Buying,Wall Street Journal,1 month ago,2020-11-24 09:43:41.041937,"Amazon Prime also features a wealth of anime titles. The financial reports of Tokyo-based Toei Animation Co., the studio responsible for anime such as the “ ...",https://www.wsj.com/articles/the-world-is-watching-more-animeand-streaming-services-are-buying-11605365629,"data:image/gif;base64,R0lGODlhAQABAIAAAP///////yH5BAEKAAEALAAAAAABAAEAAAICTAEAOw==",0.5,0.5,0.0
New anime titles from Netflix include one with popular ...,The Straits Times,1 month ago,2020-11-24 09:43:41.038978,"SINGAPORE - With five new anime titles announced and a strong slate of anime films and series coming out next year, streaming giant Netflix is positioning itself ...",https://www.straitstimes.com/life/entertainment/new-anime-titles-from-netflix-include-one-with-popular-character-rilakkuma,"data:image/gif;base64,R0lGODlhAQABAIAAAP///////yH5BAEKAAEALAAAAAABAAEAAAICTAEAOw==",0.36818181818181817,0.6772727272727272,0.4215
Sony Wants a Bite of Anime Streamer Crunchyroll (Report),Variety,1 month ago,2020-11-24 09:43:41.036952,"It would also increase rivalry with streaming platforms Netflix and Hulu, which both compete for anime content. Netflix in particular has aggressively pursued ...",https://variety.com/2020/biz/asia/sonys-potential-takeover-of-anime-streaming-service-crunchyroll-1234821398/,"data:image/gif;base64,R0lGODlhAQABAIAAAP///////yH5BAEKAAEALAAAAAABAAEAAAICTAEAOw==",0.2,0.1,0.0
"Anime ""Demon Slayer"" hits 3rd highest box-office sales in Japan",Kyodo News Plus,1 month ago,2020-11-24 09:43:41.033959,The sequel to an anime television series aired in Japan last year had racked up 25.91 billion yen ($248 million) and drawn more than 19 million viewers across ...,https://english.kyodonews.net/news/2020/11/a71e44e71d1d-anime-demon-slayer-hits-3rd-highest-box-office-sales-in-japan.html,"data:image/gif;base64,R0lGODlhAQABAIAAAP///////yH5BAEKAAEALAAAAAABAAEAAAICTAEAOw==",0.0,0.0,0.0
Sony finalizing acquisition of anime streaming site Crunchyroll ...,Rappler,1 month ago,2020-11-24 09:43:41.031964,"The Japanese giant may reportedly pay up to $957 million for the acquisition of the site, the streaming rights to over 1,000 anime titles, and its 70 million ...",https://www.rappler.com/technology/sony-finalizing-acquisition-crunchyroll-anime-streaming-site-crunchyroll,"data:image/gif;base64,R0lGODlhAQABAIAAAP///////yH5BAEKAAEALAAAAAABAAEAAAICTAEAOw==",0.0,0.0,0.0
