title,media,date,datetime,desc,link,img,textBlob polarity,textBlob subjectivity,vader polarity
Attack On Titan: 5 Things We Want The Anime To Copy From The Manga Ending (& 5 Things We Don't),CBR,5 hours ago,2020-12-24 04:43:50.921862,"This could mean the anime creators will need to improvise to wrap up the story. So, what should they keep from the manga, and what might be worth cutting? 10 ...",https://www.cbr.com/attack-on-titan-anime-copy-from-manga/,"data:image/gif;base64,R0lGODlhAQABAIAAAP///////yH5BAEKAAEALAAAAAABAAEAAAICTAEAOw==",0.0,0.0,-0.4215
Six animes for people who don't watch anime,Oregon Daily Emerald,1 day ago,2020-12-23 09:43:53.324471,"“Great Pretender” is the newest show on this list, debuting on Netflix in June of 2020. The anime follows Makoto Edamura, a teenager who takes care of his mom ...",https://www.dailyemerald.com/arts-culture/six-animes-for-people-who-don-t-watch-anime/article_edb3393c-4408-11eb-bcc1-5f49bd9918c6.html,"data:image/gif;base64,R0lGODlhAQABAIAAAP///////yH5BAEKAAEALAAAAAABAAEAAAICTAEAOw==",0.0,0.0,0.0
Case Closed: 5 Anime Characters Smarter Than Detective Conan (& 5 He Could Outsmart),CBR,1 day ago,2020-12-23 09:43:53.321511,Being one of anime's most skilled detectives makes Conan one of its smartest characters by default. But there are a few with superior intellect. By Yadhu Krishna ...,https://www.cbr.com/case-closed-anime-characters-smarter-not-smarter-than-detective-conan/,"data:image/gif;base64,R0lGODlhAQABAIAAAP///////yH5BAEKAAEALAAAAAABAAEAAAICTAEAOw==",-0.1,0.1,0.4588
6 must-watch new anime series arriving in the 2021 winter season,Polygon,1 day ago,2020-12-23 09:43:48.783075,"Every three months we get a fresh anime season, and with each one comes a flood of new shows. This winter 2021 season is no different, with 43 series set to ...",https://www.polygon.com/2020/12/22/22177037/new-anime-2021-winter-season,"data:image/gif;base64,R0lGODlhAQABAIAAAP///////yH5BAEKAAEALAAAAAABAAEAAAICTAEAOw==",0.13636363636363635,0.45454545454545453,0.0
Sony's Acquisition Of Crunchyroll Primes It For Dominance Over Anime,Seeking Alpha,2 days ago,2020-12-22 09:43:53.325469,"This comes as some anime watchers fret over the possible abuse of monopolistic power reducing the quality of product offerings. Overall, Crunchyroll represents a ...",https://seekingalpha.com/article/4395587-sonys-acquisition-of-crunchyroll-primes-for-dominance-over-anime,"data:image/gif;base64,R0lGODlhAQABAIAAAP///////yH5BAEKAAEALAAAAAABAAEAAAICTAEAOw==",0.0,0.0,0.2023
Anohana: The Flower We Saw That Day Is the BEST Anime on Netflix,CBR,3 days ago,2020-12-21 09:43:54.513029,Anime that are impossible to watch without a separate paid subscription service is now available to watch anytime on Netflix. Continue scrolling to keep reading ...,https://www.cbr.com/anohana-the-flower-we-saw-that-day-best-netflix-anime-for-2020/,"data:image/gif;base64,R0lGODlhAQABAIAAAP///////yH5BAEKAAEALAAAAAABAAEAAAICTAEAOw==",1.0,0.3,0.7125
Boruto Writer Discusses Kawaki's Debut in the Anime,Comicbook.com,3 days ago,2020-12-21 09:43:53.329458,"For those who only check out the anime, they will know Kawaki from Boruto's first episode. The big premiere began with a scene from the future showing the ...",https://comicbook.com/anime/news/boruto-naruto-anime-writer-kawaki-comment/,"data:image/gif;base64,R0lGODlhAQABAIAAAP///////yH5BAEKAAEALAAAAAABAAEAAAICTAEAOw==",0.0,0.0,0.0
New Japanese anime by 'Death Note' creators coming out in ...,Mothership.sg,3 days ago,2020-12-21 09:43:48.784068,"Its anime adaptation is set to be released in fall 2021, which is sometime in the later half of the year from September. Japan's entertainment giant Pony Canyon ...",https://mothership.sg/2020/12/platinum-end-2021/,"data:image/gif;base64,R0lGODlhAQABAIAAAP///////yH5BAEKAAEALAAAAAABAAEAAAICTAEAOw==",0.06818181818181818,0.22727272727272727,-0.5994
Ghibli’s Box-Office Record Set to Be ‘Slain’ by New Anime Giant,Bloomberg,5 days ago,2020-12-19 09:43:52.205782,"A film based on the “Demon Slayer: Kimetsu no Yaiba” franchise is on the cusp of breaking a $300 million box-office record held since 2001 by “Spirited Away,” ...",https://www.bloomberg.com/news/articles/2020-12-18/a-new-anime-empire-is-set-to-slay-studio-ghibli-in-virus-era,"data:image/gif;base64,R0lGODlhAQABAIAAAP///////yH5BAEKAAEALAAAAAABAAEAAAICTAEAOw==",0.06818181818181818,0.7272727272727273,0.0
Anime 'Demon Slayer' set to dethrone Ghibli classic for Japan box office crown - The Jakarta Post,Jakarta Post,5 days ago,2020-12-19 09:43:50.914880,"An anime epic in which a teenager hunts down and beheads demons has become the surprise sensation of Japanese cinema during the pandemic, and could ...",https://www.thejakartapost.com/life/2020/12/18/anime-demon-slayer-set-to-dethrone-ghibli-classic-for-japan-box-office-crown.html,"data:image/gif;base64,R0lGODlhAQABAIAAAP///////yH5BAEKAAEALAAAAAABAAEAAAICTAEAOw==",0.16666666666666666,0.16666666666666666,0.0
New ‘Genshin Impact’ Albedo Trailer Shows An Anime Series Is A No-Brainer,Forbes,6 days ago,2020-12-18 09:43:54.508042,"We've seen games successfully adapted into anime recently, Castlevania probably being the best example, and Genshin already has pretty solid voicework and ...",https://www.forbes.com/sites/paultassi/2020/12/17/new-genshin-impact-albedo-trailer-shows-an-anime-series-is-a-no-brainer/,"data:image/gif;base64,R0lGODlhAQABAIAAAP///////yH5BAEKAAEALAAAAAABAAEAAAICTAEAOw==",0.13636363636363635,0.45454545454545453,0.0
YEAR IN REVIEW: Top Anime of 2020,But Why Tho? A Geek Community,6 days ago,2020-12-18 09:43:53.320511,"So, when it comes to the Top Anime of 2020, there were a lot to choose to from. To wrap up a year of anime, we asked the But Why Tho? writing staff and editors to ...",https://butwhythopodcast.com/2020/12/17/year-in-review-top-anime-of-2020/,"data:image/gif;base64,R0lGODlhAQABAIAAAP///////yH5BAEKAAEALAAAAAABAAEAAAICTAEAOw==",0.5,0.5,0.2023
The Best Anime Shows To Binge On Netflix,BuzzFeed,6 days ago,2020-12-18 09:43:52.203788,"If you like animes about dragons, swords, and sorcery, this is the one for you. ... This show embodies basically everything that anime was for me growing up: ...",https://www.buzzfeed.com/stephaniehope/best-anime-shows-netflix,"data:image/gif;base64,R0lGODlhAQABAIAAAP///////yH5BAEKAAEALAAAAAABAAEAAAICTAEAOw==",1.0,0.3,0.6369
10 Anime Series To Watch If You Loved Berserk (& Where To Stream Them),Screen Rant,1 week ago,2020-12-17 09:43:54.511034,"Berserk, the anime series based upon the manga of the same name, is quite possibly one of the best, most-shocking pieces of anime ever brought to screen.",https://screenrant.com/stream-anime-series-like-berserk/,"data:image/gif;base64,R0lGODlhAQABAIAAAP///////yH5BAEKAAEALAAAAAABAAEAAAICTAEAOw==",0.7,0.8,0.5994
"10 Best Action Anime Of 2020, According To MyAnimeList | CBR",CBR,1 week ago,2020-12-17 09:43:54.507045,"For people who're in the mood for sweet, anime action, MyAnimeList has a few recommendations. 10 A Certain Scientific Railgun T (8.26).",https://www.cbr.com/best-2020-action-anime-via-myanimelist/,"data:image/gif;base64,R0lGODlhAQABAIAAAP///////yH5BAEKAAEALAAAAAABAAEAAAICTAEAOw==",0.55,0.2,0.6369
Jujutsu Kaisen 0: Viz Media Announces Prequel to Hit Manga ...,Bleeding Cool News,1 week ago,2020-12-17 09:43:54.505050,The manga has sold over 10 million copies worldwide and is currently enjoying an anime adaptation. The prequel will be by Gege Akutami and released on ...,https://bleedingcool.com/comics/jujutsu-kaisen-0-viz-media-announces-prequel-to-hit-manga-and-anime/,"data:image/gif;base64,R0lGODlhAQABAIAAAP///////yH5BAEKAAEALAAAAAABAAEAAAICTAEAOw==",0.0,0.0,0.0
One anime to slay them all: How Japanese film fared in 2020,The Japan Times,1 week ago,2020-12-17 09:43:53.326466,"The most visible sign of that strength is the stupendous box-office numbers racked up by “Demon Slayer: Kimetsu no Yaiba the Movie — Mugen Train,” an ...",https://www.japantimes.co.jp/culture/2020/12/16/films/how-japanese-film-fared-in-2020/,"data:image/gif;base64,R0lGODlhAQABAIAAAP///////yH5BAEKAAEALAAAAAABAAEAAAICTAEAOw==",0.0,0.0,0.0
New Nintendo Switch app lets you watch hundreds of anime series on your console,TechRadar,1 week ago,2020-12-17 09:43:52.214729,"The news was announced via Twitter, and you can see the anime streaming app's layout in action in the trailer above. Funimation confirms in the tweet's comments ...",https://www.techradar.com/sg/news/the-nintendo-switch-now-has-an-app-for-anime-streaming-but-still-no-netflix,"data:image/gif;base64,R0lGODlhAQABAIAAAP///////yH5BAEKAAEALAAAAAABAAEAAAICTAEAOw==",0.13636363636363635,0.45454545454545453,0.0
"Chainsaw Man Manga Ends but will Get Sequel, Also Anime ...",Bleeding Cool News,1 week ago,2020-12-17 09:43:52.211767,"Weekly Shonen Jump also announced that, unsurprisingly, Chainsaw Man would get an anime series next year produced by MAPPA, the studio currently on a ...",https://bleedingcool.com/comics/chainsaw-man-manga-ends-but-will-get-sequel-also-anime-series/,"data:image/gif;base64,R0lGODlhAQABAIAAAP///////yH5BAEKAAEALAAAAAABAAEAAAICTAEAOw==",0.0,0.0,0.0
New Mamoru Hosoda Anime Film Coming In 2021,Kotaku,1 week ago,2020-12-17 09:43:52.207779,"Mamoru Hosoda (Summer Wars, Wolf Children, and The Boy and the Beast) has announced his newest film. Called Belle, the movie tells the story of a young ...",https://kotaku.com/new-mamoru-hosoda-anime-film-coming-in-2021-1845884500,"data:image/gif;base64,R0lGODlhAQABAIAAAP///////yH5BAEKAAEALAAAAAABAAEAAAICTAEAOw==",0.13636363636363635,0.45454545454545453,0.0
Netflix Anime Viewership Doubled in the U.S. and Across Asia This Year,HYPEBEAST,1 week ago,2020-12-17 09:43:50.919868,"At the same time, Variety reported that anime viewership similarly doubled across many regions in Asia when compared to data from 2019. Pokémon: Mewtwo ...",https://hypebeast.com/2020/12/netflix-anime-us-asia-doubled-viewership-2020,"data:image/gif;base64,R0lGODlhAQABAIAAAP///////yH5BAEKAAEALAAAAAABAAEAAAICTAEAOw==",0.0,0.0,0.0
Netflix’s newest anime live-action adaptation is Yu Yu Hakusho,SoraNews24,1 week ago,2020-12-17 09:43:50.918870,"For a good chunk of the 1990s, Yu Yu Hakusho was one of the biggest hits in the anime/manga world. The story of undead teenage delinquent Yusuke and his ...",https://soranews24.com/2020/12/16/netflixs-newest-anime-live-action-adaptation-is-yu-yu-hakusho/,"data:image/gif;base64,R0lGODlhAQABAIAAAP///////yH5BAEKAAEALAAAAAABAAEAAAICTAEAOw==",0.0,0.0,0.0
Netflix is remaking another anime in live-action: Yu Yu Hakusho,Winter Is Coming,1 week ago,2020-12-17 09:43:50.917873,"It's also readying a string of live-action remakes of older anime, including re-dos of classics like Cowboy Bebop and One Piece. And it's not done. The streamer's ...",https://winteriscoming.net/2020/12/16/netflix-remaking-another-anime-live-action-yu-yu-hakusho/,"data:image/gif;base64,R0lGODlhAQABAIAAAP///////yH5BAEKAAEALAAAAAABAAEAAAICTAEAOw==",0.0,0.0,0.0
Yu Yu Hakusho will be Netflix's next live-action anime remake,The A.V. Club,1 week ago,2020-12-17 09:43:50.916904,"Hey, anime fans: That thing you hate is happening again. According Netflix's NX Twitter account, the streaming service is moving forward with a live-action ...",https://news.avclub.com/yu-yu-hakusho-will-be-netflixs-next-live-action-anime-r-1845892316,"data:image/gif;base64,R0lGODlhAQABAIAAAP///////yH5BAEKAAEALAAAAAABAAEAAAICTAEAOw==",0.0,0.0,0.0
After Math: Sony is spending a billion bucks on Crunchyroll's anime service,Yahoo Finance Australia,1 week ago,2020-12-17 09:43:48.785071,"Once only found on the shin-level shelves in the “international” section of our local video rental shops, anime as an art form has become a global phenomenon ...",https://au.finance.yahoo.com/news/after-math-sony-is-spending-a-billion-bucks-on-crunchyrolls-anime-service-163017751.html,"data:image/gif;base64,R0lGODlhAQABAIAAAP///////yH5BAEKAAEALAAAAAABAAEAAAICTAEAOw==",0.0,0.0,0.0
Man charged with murder over Japan anime studio arson that ...,The Straits Times,1 week ago,2020-12-17 09:43:48.779088,"Man charged with murder over Japan anime studio arson that killed 36 in 2019: Media. Shinji Aoba has reportedly confessed to the arson, and is said to have ...",https://www.straitstimes.com/asia/east-asia/japan-man-charged-with-murder-over-anime-studio-arson-media,"data:image/gif;base64,R0lGODlhAQABAIAAAP///////yH5BAEKAAEALAAAAAABAAEAAAICTAEAOw==",0.0,0.0,-0.7579
10 Best Anime Characters With Blue Hair You Forgot Existed | CBR,CBR,2 weeks ago,2020-12-10 09:43:54.517018,"One of the best things about anime characters can be their wildly colorful hair colors. Blond, brown, and black simply aren't good enough, so creators push for ...",https://www.cbr.com/best-forgettable-anime-characters-with-blue-hair/,"data:image/gif;base64,R0lGODlhAQABAIAAAP///////yH5BAEKAAEALAAAAAABAAEAAAICTAEAOw==",0.5,0.2,0.6369
New Code Geass TV Anime Announced,Kotaku,2 weeks ago,2020-12-10 09:43:54.516021,Feature anime movie Code Geass: Lelouch of the Re;surrection was released in 2019. Illustration for article titled New iCode Geass/i TV Anime Announced.,https://kotaku.com/new-code-geass-tv-anime-announced-1845822736,"data:image/gif;base64,R0lGODlhAQABAIAAAP///////yH5BAEKAAEALAAAAAABAAEAAAICTAEAOw==",0.13636363636363635,0.45454545454545453,0.0
Demon Slayer: Its 10 Most Favorited Characters By MyAnimeList Users,CBR,2 weeks ago,2020-12-10 09:43:54.515023,"The anime shows him as a sort of a dunce, who is always lost in thought. He has trouble focusing on things, which is why he keeps shuffling between at least two ...",https://www.cbr.com/demon-slayer-most-favorited-characters-myanimelist/,"data:image/gif;base64,R0lGODlhAQABAIAAAP///////yH5BAEKAAEALAAAAAABAAEAAAICTAEAOw==",0.5,0.5,0.4576
JAPAN: CAN THE NEW 'DEMON SLAYER' MOVIE CONQUER ...,Asia Media International,2 weeks ago,2020-12-10 09:43:54.512032,"MATEO FERNANDEZ WRITES — “Demon Slayer” has made Japanese history in both manga and anime. What is manga, for those who don't know? Japanese ...",http://asiamedia.lmu.edu/2020/12/07/japan-can-the-new-demon-slayer-movie-conquer-the-world-of-manga-and-anime/,"data:image/gif;base64,R0lGODlhAQABAIAAAP///////yH5BAEKAAEALAAAAAABAAEAAAICTAEAOw==",0.13636363636363635,0.45454545454545453,0.0
11 Anime Songs to Pump You Up During Trying Times,Nerdist,2 weeks ago,2020-12-10 09:43:54.509040,"And that's more than enough motivation to keep me striving to achieve my goals, from exercising to work. Here are some of my favorite songs from anime to turn to ...",https://nerdist.com/article/anime-songs-to-pump-you-up/,"data:image/gif;base64,R0lGODlhAQABAIAAAP///////yH5BAEKAAEALAAAAAABAAEAAAICTAEAOw==",0.0,0.0,0.0
Pokémon: 10 Strongest Elite Four Members (In The Anime) | CBR,CBR,2 weeks ago,2020-12-10 09:43:53.331453,"But in the anime, some members of the Elite Four definitely stand out as the strongest, posing an especially large threat against someone challenging for the ...",https://www.cbr.com/pokemon-strongest-elite-four-members-anime/,"data:image/gif;base64,R0lGODlhAQABAIAAAP///////yH5BAEKAAEALAAAAAABAAEAAAICTAEAOw==",0.0,0.0,0.4404
Code Geass Announces New Anime Series,Comicbook.com,2 weeks ago,2020-12-10 09:43:53.328461,"Luckily, this indeed turned out to be the case. Announced during the Code Geass New Project Presentation, it was revealed that the next anime in the series will ...",https://comicbook.com/anime/news/code-geass-new-anime-z-of-the-recapture/,"data:image/gif;base64,R0lGODlhAQABAIAAAP///////yH5BAEKAAEALAAAAAABAAEAAAICTAEAOw==",0.13636363636363635,0.45454545454545453,0.0
'Chainsaw Man' Is Reportedly Set To Receive an Anime Adaptation,HYPEBEAST,2 weeks ago,2020-12-10 09:43:53.323474,"Thanks to Weekly Shōnen Jump magazine leaks, we are learning that MAPPA, the studio behind the Attack on Titan anime, is set to helm the project. The exciting ...",https://hypebeast.com/2020/12/chainsaw-man-mappa-anime-adaptation-info,"data:image/gif;base64,R0lGODlhAQABAIAAAP///////yH5BAEKAAEALAAAAAABAAEAAAICTAEAOw==",0.0,0.0,0.0
New Brazilian net loads up on anime,C21Media,2 weeks ago,2020-12-10 09:43:52.210769,"Loading, the fledgling Brazilian network dedicated to pop and geek culture, has acquired more than 50 titles from WarnerMedia-owned US anime streamer ...",https://www.c21media.net/new-brazilian-net-loads-up-on-anime/,"data:image/gif;base64,R0lGODlhAQABAIAAAP///////yH5BAEKAAEALAAAAAABAAEAAAICTAEAOw==",0.06818181818181818,0.22727272727272727,0.0
The 12 Best Anime on Netflix,TownandCountrymag.com,2 weeks ago,2020-12-10 09:43:52.208774,"Like any genre, with anime, it can be hard to know where to start: with the long-running classics, like Naruto or One Piece? The newer, acclaimed arrivals, like ...",https://www.townandcountrymag.com/leisure/arts-and-culture/g34848536/best-anime-on-netflix/,"data:image/gif;base64,R0lGODlhAQABAIAAAP///////yH5BAEKAAEALAAAAAABAAEAAAICTAEAOw==",1.0,0.3,0.6369
Attack on Titan Announces Week-Long Hiatus for Holidays,Comicbook.com,2 weeks ago,2020-12-10 09:43:52.202789,"So far, the anime has ordered a measly 16 episodes this season. That is a mighty short order for Attack on Titan, especially when you consider season four has to ...",https://comicbook.com/anime/news/attack-on-titan-anime-season-4-holiday-hiatus/,"data:image/gif;base64,R0lGODlhAQABAIAAAP///////yH5BAEKAAEALAAAAAABAAEAAAICTAEAOw==",0.0,0.0,-0.128
Exhibition of Japanese anime characters opens - SHINE News,SHINE,2 weeks ago,2020-12-10 09:43:50.926878,"An exhibition of Japanese anime heroes Ultraman, Kamen Rider and New Century Evangelion raised its curtain at the Longfor Shanghai Hongqiao Paradise ...",https://www.shine.cn/news/metro/2012051141/,"data:image/gif;base64,R0lGODlhAQABAIAAAP///////yH5BAEKAAEALAAAAAABAAEAAAICTAEAOw==",0.0,0.0,0.0
"Anime goes mainstream, finds home on streamers - Sat, December 5 2020",Jakarta Post,2 weeks ago,2020-12-10 09:43:50.924885,"A big fan of anime, Japanese radio DJ Hisanori “Yoppi” Yoshida would often travel to anime conventions abroad prior to the pandemic and meet Indonesian and ...",https://www.thejakartapost.com/paper/2020/12/04/anime-goes-mainstream-finds-home-on-streamers.html,"data:image/gif;base64,R0lGODlhAQABAIAAAP///////yH5BAEKAAEALAAAAAABAAEAAAICTAEAOw==",0.0,0.0,0.0
Demon Slayer: 10 Anime Women Who Can Easily Defeat Tanjiro | CBR,CBR,2 weeks ago,2020-12-10 09:43:50.923857,"Whenever there is a discussion about strong anime characters, the usual suspects (Goku, Naruto, Luffy) always make their way into the conversation. This is not ...",https://www.cbr.com/demon-slayer-tanjiro-anime-women-defeat/,"data:image/gif;base64,R0lGODlhAQABAIAAAP///////yH5BAEKAAEALAAAAAABAAEAAAICTAEAOw==",0.43333333333333335,0.8333333333333334,-0.1531
Most-watched Netflix shows in Singapore and the rest of Asia in 2020,CNA,2 weeks ago,2020-12-10 09:43:50.922860,"Netflix has revealed their top titles for the year, and anime has come out tops in every country in Asia. Now, what else have Singapore viewers been binge ...",https://www.channelnewsasia.com/news/lifestyle/top-netflix-shows-2020-singapore-malaysia-india-asia-13735712,"data:image/gif;base64,R0lGODlhAQABAIAAAP///////yH5BAEKAAEALAAAAAABAAEAAAICTAEAOw==",0.0,0.0,0.0
What makes Attack on Titan such a good anime,The Daily Star,2 weeks ago,2020-12-10 09:43:48.782073,"It is undoubtedly one of the most popular anime of all time, and will likely go down in history as an all-time classic. With the show's fourth, and final season set to ...",https://www.thedailystar.net/shout/news/what-makes-attack-titan-such-good-anime-2006249,"data:image/gif;base64,R0lGODlhAQABAIAAAP///////yH5BAEKAAEALAAAAAABAAEAAAICTAEAOw==",0.35,0.55,-0.0516
"Sony Buys Crunchyroll, Consolidates the Big Business of ...",Morning Brew,2 weeks ago,2020-12-10 09:43:48.780078,Anime production may be stranger than its main characters. Giphy. That's saying a lot considering the heroine of Demon Slayer: Kimetsu no Yaiba the Movie: ...,https://www.morningbrew.com/daily/stories/2020/12/11/sony-buys-crunchyroll-consolidates-big-business-bringing-japanese-anime-western-viewers,"data:image/gif;base64,R0lGODlhAQABAIAAAP///////yH5BAEKAAEALAAAAAABAAEAAAICTAEAOw==",0.0,0.1,0.0
Sony to buy anime streaming service Crunchyroll for ¥120 billion,,2 weeks ago,2020-12-10 09:43:48.778059,"The latest deal will allow it to invest in other focuses of WarnerMedia, including content creation and gaming. Despite Crunchyroll's loyal following among anime ...",https://www.japantimes.co.jp/news/2020/12/10/business/tech/sony-to-buy-crunchyroll/,"data:image/gif;base64,R0lGODlhAQABAIAAAP///////yH5BAEKAAEALAAAAAABAAEAAAICTAEAOw==",0.0,0.0,0.0
Sony acquires US anime-streaming service Crunchyroll for ...,Nikkei Asia,2 weeks ago,2020-12-10 09:43:48.776094,"The company is behind hot-selling anime like ""Kimetsu no Yaiba"" (""Demon Slayer"") and licenses such content to streaming services. Sony will make Crunchyroll a ...",https://asia.nikkei.com/Business/Business-deals/Sony-acquires-US-anime-streaming-service-Crunchyroll-for-1.175bn,"data:image/gif;base64,R0lGODlhAQABAIAAAP///////yH5BAEKAAEALAAAAAABAAEAAAICTAEAOw==",0.0,0.0,0.0
Sony to buy AT&T's anime business for US$1.18 billion to ...,CNA,2 weeks ago,2020-12-10 09:43:48.775067,"AT&T Inc has agreed to sell its Crunchyroll anime business to Sony's Funimation Global Group, LLC, in a US$1.18 billion deal, Sony Pictures Entertainment Inc ...",https://www.channelnewsasia.com/news/business/sony-to-buy-at-t-s-anime-business-for-us-1-18-billion-to-expand-global-footprint-13739960,"data:image/gif;base64,R0lGODlhAQABAIAAAP///////yH5BAEKAAEALAAAAAABAAEAAAICTAEAOw==",0.0,0.0,0.0
Great Pretender: Should Fans Expect a Season 3 of the Netflix Anime?,CBR,3 weeks ago,2020-12-03 09:43:53.330455,Great Pretender: Should Fans Expect a Season 3 of the Netflix Anime? Great Pretender's epilogue leaves many threads open that could be explored should ...,https://www.cbr.com/will-there-be-great-pretender-season-3/,"data:image/gif;base64,R0lGODlhAQABAIAAAP///////yH5BAEKAAEALAAAAAABAAEAAAICTAEAOw==",0.8,0.75,0.6249
Attack on Titan Staff Comments on Season 4's Big Finish,Comicbook.com,3 weeks ago,2020-12-03 09:43:52.212765,"After years of waiting, fans of Attack on Titan will get to see the anime off before long. The show will bring out its fourth and final season this month under the ...",https://comicbook.com/anime/news/attack-on-titan-season-4-finale-final-episode-director-tease/,"data:image/gif;base64,R0lGODlhAQABAIAAAP///////yH5BAEKAAEALAAAAAABAAEAAAICTAEAOw==",0.0,0.1,-0.4767
Batman: Arkham Knight updated with 2 more free skins,Polygon,3 weeks ago,2020-12-03 09:43:52.204785,"A free update today delivers the “Anime Batman Skin” and the “Zur-En-Arrh” costume. (Gesundheit!) Both of these costumes have been in the game, but they ...",https://www.polygon.com/2020/12/3/22151058/batman-arkham-knight-new-skins-2020-zur-en-arrh-anime,"data:image/gif;base64,R0lGODlhAQABAIAAAP///////yH5BAEKAAEALAAAAAABAAEAAAICTAEAOw==",0.45,0.65,0.5563
Crunchyroll Games bringing ‘Princess Connect! Re: Dive’ mobile game to worldwide audience,The Mercury News,3 weeks ago,2020-12-03 09:43:48.788032,through the anime now have a chance to play the source material thanks in party to Crunchyroll Games. The title is different from the anime but players begin in the ...,https://www.mercurynews.com/2020/12/03/crunchyroll-games-bringing-princess-connect-re-dive-mobile-game-to-worldwide-audience,"data:image/gif;base64,R0lGODlhAQABAIAAAP///////yH5BAEKAAEALAAAAAABAAEAAAICTAEAOw==",-0.4,0.4,0.0
