title,media,date,datetime,desc,link,img,textBlob polarity,textBlob subjectivity,vader polarity
Full List of Studio Ghibli Films Coming to Netflix on February 1st 2020,What's on Netflix,"Jan 31, 2020",2020-01-31,"Still an anime icon to this day, the popular anime film has mode over a $1.5 billion in merchandise in its lifetime. 10-year-old Satsuki and her 4-year-old sister move ...",https://www.whats-on-netflix.com/news/full-list-of-studio-ghibli-films-coming-to-netflix-on-february-1st-2020/,"data:image/gif;base64,R0lGODlhAQABAIAAAP///////yH5BAEKAAEALAAAAAABAAEAAAICTAEAOw==",0.35,0.55,0.0
RWBY 101: Everything to know about the hit anime series ...,Comics Beat,"Jan 31, 2020",2020-01-31,"RWBY's first season officially launched on Rooster Teeth's site and YouTube after that marquee debut, and a second season followed a year later. Anime ...",https://www.comicsbeat.com/rwby-101-everything-to-know/,"data:image/gif;base64,R0lGODlhAQABAIAAAP///////yH5BAEKAAEALAAAAAABAAEAAAICTAEAOw==",0.0,0.0,0.0
Funimation Removes Interspecies Reviewers Anime as it ...,Anime News Network,"Jan 31, 2020",2020-01-31,"... planned to stream the series with both English subtitles and an English dub. The anime premiered in Japan on January 11, and is slated to have 12 episodes.",https://www.animenewsnetwork.com/news/2020-01-31/funimation-removes-interspecies-reviewers-anime-as-it-falls-outside-company-standards/.156012,"data:image/gif;base64,R0lGODlhAQABAIAAAP///////yH5BAEKAAEALAAAAAABAAEAAAICTAEAOw==",0.0,0.0,0.0
"'Witcher: Nightmare of the Wolf' Netflix anime release date, story, and how it might impact Season 2",Inverse,"Jan 30, 2020",2020-01-30,The company recently announced plans for an anime film that will coexist with the ongoing live-action series starring Henry Cavill as Geralt of Rivia. The Witcher ...,https://www.inverse.com/entertainment/witcher-nightmare-of-the-wolf-netflix-anime-release-date-season-2,"data:image/gif;base64,R0lGODlhAQABAIAAAP///////yH5BAEKAAEALAAAAAABAAEAAAICTAEAOw==",0.0,0.0,0.0
One of the biggest anime of all time is getting a live-action Netflix series,Techradar,"Jan 30, 2020",2020-01-30,"What is One Piece? The Japanese manga series first kicked off in 1997, with an anime adaptation only two years later bringing its world of swashbuckling, treasure ...",https://www.techradar.com/in/news/netflix-orders-live-action-adaptation-of-the-classic-one-piece-anime-series,"data:image/gif;base64,R0lGODlhAQABAIAAAP///////yH5BAEKAAEALAAAAAABAAEAAAICTAEAOw==",0.0,0.0,0.0
Toei's Latest Financial Report Sees Dragon Ball Come in Top,Comicbook.com,"Jan 30, 2020",2020-01-30,"After all, it seems Toei Animation is thriving thanks to the series as the company's latest financial report shows how much the anime has earned. Recently, a fan on ...",https://comicbook.com/anime/news/dragon-ball-toei-animation-financial-profits-report-2020/,"data:image/gif;base64,R0lGODlhAQABAIAAAP///////yH5BAEKAAEALAAAAAABAAEAAAICTAEAOw==",0.3333333333333333,0.4666666666666666,0.2023
One Piece Star Shares Sneak-Peek at the Anime's Dub Revival,Comicbook.com,"Jan 30, 2020",2020-01-30,"Last year, the anime went all out for its 20-year anniversary, and the celebrations are not stopping. After all, the show's English dub is set to resume after a long ...",https://comicbook.com/anime/news/one-piece-anime-english-dub-resume-tease-actor/,"data:image/gif;base64,R0lGODlhAQABAIAAAP///////yH5BAEKAAEALAAAAAABAAEAAAICTAEAOw==",0.0,0.0,0.296
‘Weathering With You’ Anime Is Japan’s Top-Grossing Film In Record-Breaking Year,Forbes,"Jan 29, 2020",2020-01-29,2019 saw the Japan Box Office's highest earnings on record. And no movie contributed to those earnings more than the heartstring-tugging anime film ...,https://www.forbes.com/sites/laurenorsini/2020/01/29/weathering-with-you-anime-is-japans-top-grossing-film-in-record-breaking-year/,"data:image/gif;base64,R0lGODlhAQABAIAAAP///////yH5BAEKAAEALAAAAAABAAEAAAICTAEAOw==",0.0,0.0,0.0
Why You Should Be Watching Black Clover,Comicbook.com,"Jan 29, 2020",2020-01-29,"Unlike other anime series that feature great fight scenes, Black Clover tends to be far more experimental. Take Asta's big debut transformation, for instance. The ...",https://comicbook.com/anime/news/why-you-should-be-watching-black-clover/,"data:image/gif;base64,R0lGODlhAQABAIAAAP///////yH5BAEKAAEALAAAAAABAAEAAAICTAEAOw==",-0.16666666666666666,0.43333333333333335,0.0
When Should JoJo's Bizarre Adventure Stone Ocean Anime Be Released?,Comicbook.com,"Jan 28, 2020",2020-01-28,"In order to understand the future of the anime franchise, we need to take a look at the past. You may be thinking that since we have yet to hear of an announcement ...",https://comicbook.com/anime/news/jojos-bizarre-adventure-stone-ocean-anime-sixth-season-best-release-date/,"data:image/gif;base64,R0lGODlhAQABAIAAAP///////yH5BAEKAAEALAAAAAABAAEAAAICTAEAOw==",0.4,0.6,0.0
"The 10 Best Anime Musicals, Ranked (According To IMDB) | CBR",CBR,"Jan 28, 2020",2020-01-28,"Like its live-action counterpart, anime musicals are no stranger to this delicate balance--in fact, the best anime musicals tend to be the ones that use music as a ...",https://www.cbr.com/anime-musicals-best-imdb/,"data:image/gif;base64,R0lGODlhAQABAIAAAP///////yH5BAEKAAEALAAAAAABAAEAAAICTAEAOw==",1.0,0.3,0.6369
5 Things The Persona 5 Anime Did Right (& 5 It Did Wrong) | CBR,CBR,"Jan 27, 2020",2020-01-27,"However, now that we have the complete series, it's time to take a step back and ask ourselves how the anime series measured up. Did it do the original game ...",https://www.cbr.com/persona-anime-best-worst/,"data:image/gif;base64,R0lGODlhAQABAIAAAP///////yH5BAEKAAEALAAAAAABAAEAAAICTAEAOw==",-0.10714285714285715,0.7178571428571429,-0.4767
Love Live! School Idol Franchise Gets New TV Anime With ...,Anime News Network,"Jan 27, 2020",2020-01-27,School Idol Franchise Gets New TV Anime With New Cast Member. posted on 2020-01-27 22:31 EST by Rafael Antonio Pineda. Open casting call for new school ...,https://www.animenewsnetwork.com/news/2020-01-27/love-live-school-idol-franchise-gets-new-tv-anime-with-new-cast-member/.155850,"data:image/gif;base64,R0lGODlhAQABAIAAAP///////yH5BAEKAAEALAAAAAABAAEAAAICTAEAOw==",0.2689393939393939,0.5181818181818182,0.6696
"Kojima wants to expand into anime, manga, movies and ""smaller projects"" as well as his next ""big game""",Eurogamer.net,"Jan 26, 2020",2020-01-26,"Death Stranding creator Hideo Kojima has intimated that he's keen to work on multiple projects alongside his next ""big game"", including manga, anime, episodic ...",https://www.eurogamer.net/articles/2020-01-26-kojima-wants-to-expand-into-anime-manga-movies-and-smaller-projects-as-well-as-his-next-big-game,"data:image/gif;base64,R0lGODlhAQABAIAAAP///////yH5BAEKAAEALAAAAAABAAEAAAICTAEAOw==",-0.04,0.22000000000000003,0.5267
Seven Deadly Sins’ Greatest Sin Has Become Its Awful Animation,CBR,"Jan 25, 2020",2020-01-25,"Though most anime have animation errors from time to time, Seven Deadly Sins has become rife with poor animation, terrible fight scenes, and a generally ...",https://www.cbr.com/seven-deadly-sins-greatest-season-3-bad-animation/,"data:image/gif;base64,R0lGODlhAQABAIAAAP///////yH5BAEKAAEALAAAAAABAAEAAAICTAEAOw==",-0.06666666666666665,0.7999999999999999,-0.34
"ANIME NEWS: Teaser, visual released for 'Ghost in the Shell: SAC_2045'ï¼šThe Asahi Shimbun",Asahi Shimbun,"Jan 25, 2020",2020-01-25,"ANIME NEWS: Teaser, visual released for 'Ghost in the Shell: SAC_2045'. Translated by The Asahi Shimbun from the website of Anime Anime Japan Ltd. January ...",http://www.asahi.com/ajw/articles/AJ202001250001.html,"data:image/gif;base64,R0lGODlhAQABAIAAAP///////yH5BAEKAAEALAAAAAABAAEAAAICTAEAOw==",0.0,0.0,-0.5106
"Remembering Satoshi Kon, one of anime's best-loved creators",The Japan Times,"Jan 24, 2020",2020-01-24,It has been nearly 10 years since anime director Satoshi Kon died of pancreatic cancer at the age of 46. Despite the relatively young age at which he died in ...,https://www.japantimes.co.jp/culture/2020/01/24/films/remembering-satoshi-kon-anime/,"data:image/gif;base64,R0lGODlhAQABAIAAAP///////yH5BAEKAAEALAAAAAABAAEAAAICTAEAOw==",0.0,0.0,0.0
Witcher Anime Movie Nightmare of the Wolf Announced By ...,IGN Southeast Asia,"Jan 23, 2020",2020-01-23,Netflix has announced that a new anime film called The Witcher: Nightmare of the Wolf is in the works. The team behind this new movie includes Netflix's The ...,https://sea.ign.com/the-witcher-2/157110/news/witcher-anime-movie-nightmare-of-the-wolf-announced-by-netflix,"data:image/gif;base64,R0lGODlhAQABAIAAAP///////yH5BAEKAAEALAAAAAABAAEAAAICTAEAOw==",0.0,0.0,0.0
10 Anime to Watch If You Love Star Wars | CBR,CBR,"Jan 23, 2020",2020-01-23,"To blend the fanbases a little bit, this list will be looking at a few anime that Star Wars fans may enjoy. 10 Naruto. Naruto is not only one of ...",https://www.cbr.com/anime-similar-star-wars/,"data:image/gif;base64,R0lGODlhAQABAIAAAP///////yH5BAEKAAEALAAAAAABAAEAAAICTAEAOw==",0.5,0.6,0.1531
Netflix orders a Witcher anime following the success of the live-action show,The Verge,"Jan 22, 2020",2020-01-22,"Netflix hasn't released too many details about the show yet, but a press release states that the anime will explore “a powerful new threat facing the Continent.” It ...",https://www.theverge.com/2020/1/22/21077253/witcher-netflix-anime-korean-studio-mir-henry-cavill-live-action-show,"data:image/gif;base64,R0lGODlhAQABAIAAAP///////yH5BAEKAAEALAAAAAABAAEAAAICTAEAOw==",0.15,0.05,0.5719
Netflix Sets ‘The Witcher: Nightmare Of The Wolf’ Anime Movie,Deadline,"Jan 22, 2020",2020-01-22,The logline: The world of The Witcher expands in this anime film that explores a powerful new threat facing The Continent. The project is from The Witcher series ...,https://deadline.com/2020/01/the-witcher-nightmare-of-the-wolf-anime-movie-netflix-1202838030/,"data:image/gif;base64,R0lGODlhAQABAIAAAP///////yH5BAEKAAEALAAAAAABAAEAAAICTAEAOw==",0.0,0.0,0.0
Captain Tsubasa: Rise of New Champions is a stylish anime soccer game,Polygon,"Jan 22, 2020",2020-01-22,"Since it was created by Yōichi Takahashi in the early-80s, Captain Tsubasa has had several manga runs, a few different anime adaptations, and well over a dozen ...",https://www.polygon.com/2020/1/22/21076983/captain-tsubasa-rise-of-new-champions-soccer-anime,"data:image/gif;base64,R0lGODlhAQABAIAAAP///////yH5BAEKAAEALAAAAAABAAEAAAICTAEAOw==",0.07878787878787878,0.6181818181818182,0.5267
Log Horizon TV Anime Gets 3rd Season in October,Anime News Network,"Jan 21, 2020",2020-01-21,NHK announced on Wednesday that the television anime based on author Mamare Touno and illustrator Kazuhiro Hara's Log Horizon novel series will have a ...,https://www.animenewsnetwork.com/news/2020-01-21/log-horizon-tv-anime-gets-3rd-season-in-october/.155647,"data:image/gif;base64,R0lGODlhAQABAIAAAP///////yH5BAEKAAEALAAAAAABAAEAAAICTAEAOw==",0.0,0.0,0.0
"TikTok ‘Anime is an important part of our culture’ memes, explained",Polygon,"Jan 21, 2020",2020-01-21,"The anime references on TikTok, and the culture that surrounds them, aren't superficial. Fandoms are the genesis of trends, but somewhere along the way, ...",https://www.polygon.com/2020/1/21/21075974/tiktok-anime-important-part-of-our-culture-memes-danganronpa-explained,"data:image/gif;base64,R0lGODlhAQABAIAAAP///////yH5BAEKAAEALAAAAAABAAEAAAICTAEAOw==",0.4,1.0,0.2023
Football and anime collide in Captain Tsubasa: Rise of New Champions,Eurogamer.net,"Jan 21, 2020",2020-01-21,"That's right, anime, so it seems only right football manga Captain Tsubasa will make its way onto consoles later this year. Originally published in Shueisha's ...",https://www.eurogamer.net/articles/2020-01-21-football-and-anime-collide-in-captain-tsubasa-rise-of-new-champions,"data:image/gif;base64,R0lGODlhAQABAIAAAP///////yH5BAEKAAEALAAAAAABAAEAAAICTAEAOw==",0.13636363636363635,0.45454545454545453,0.4767
Captain Tsubasa: Rise Of New Champions Brings The Soccer ...,Nintendo Life,"Jan 21, 2020",2020-01-21,"The series' anime aesthetic will return in full force here, with players being able to pull off a variety of offensive and defensive moves on the field as they play.",https://www.nintendolife.com/news/2020/01/captain_tsubasa_rise_of_new_champions_brings_the_soccer-anime_series_back_after_10_years_away,"data:image/gif;base64,R0lGODlhAQABAIAAAP///////yH5BAEKAAEALAAAAAABAAEAAAICTAEAOw==",0.13636363636363635,0.45454545454545453,0.5267
Digimon Is Ending - and Rebooting - Its Original Continuity With a New Anime,CBR,"Jan 21, 2020",2020-01-21,"Later this year, Namco-Bandai will be rebooting the franchise, retelling the original Digimon Adventure series for a new generation in an entirely new anime ...",https://www.cbr.com/digimon-ending-rebooting-original-continuity-new-anime/,"data:image/gif;base64,R0lGODlhAQABAIAAAP///////yH5BAEKAAEALAAAAAABAAEAAAICTAEAOw==",0.2556818181818182,0.6022727272727273,0.3182
From anime to reality: Mobile 25-ton Gundam robot to be built ...,The Japan Times,"Jan 20, 2020",2020-01-20,"Fans of the iconic anime series will be able to get an up-close look at the 25-ton machine at Gundam Factory Yokohama, a 9,000 sq.-meter facility set to open at ...",https://www.japantimes.co.jp/news/2020/01/20/business/gundam-robot-yokohama/,"data:image/gif;base64,R0lGODlhAQABAIAAAP///////yH5BAEKAAEALAAAAAABAAEAAAICTAEAOw==",0.0,0.0,0.0
‘Keep Your Hands Off Eizouken!’ Is Easily The Best Anime Of The Season,Forbes,"Jan 20, 2020",2020-01-20,"Based on the manga by Sumito Ōwara, it follows the lives of three high-school girls trying to make an anime of their very own. The main cast consists of the nerdy ...",https://www.forbes.com/sites/olliebarder/2020/01/20/keep-your-hands-off-eizouken-is-easily-the-best-anime-of-the-season/,"data:image/gif;base64,R0lGODlhAQABAIAAAP///////yH5BAEKAAEALAAAAAABAAEAAAICTAEAOw==",0.7166666666666667,0.5666666666666667,0.784
Haikyuu!!: 10 Things To Look For In Season 4 | CBR,CBR,"Jan 20, 2020",2020-01-20,"To expand further on a previous point, as of now in the anime Shoyo Hinata is largely only useful as a volleyball player to Karasuno High School because of Tobio ...",https://www.cbr.com/haikyuu-things-look-for-season-4-upcoming/,"data:image/gif;base64,R0lGODlhAQABAIAAAP///////yH5BAEKAAEALAAAAAABAAEAAAICTAEAOw==",0.0,0.0,0.0
Dragon Ball Fans Pay Tribute to Anime's Late Narrator Brice Armstrong,Comicbook.com,"Jan 20, 2020",2020-01-20,The actor helped set the tone for the anime overseas as he narrated Funimation's English dub. The famous version ushered Goku into Western pop culture ...,https://comicbook.com/anime/news/dragon-ball-death-brice-armstrong-tributes-obituary/,"data:image/gif;base64,R0lGODlhAQABAIAAAP///////yH5BAEKAAEALAAAAAABAAEAAAICTAEAOw==",-0.3,0.6,-0.1027
Studio Ghibli: Netflix buys rights to iconic animated films,BBC News,"Jan 20, 2020",2020-01-20,"They are best known for their anime feature films. ""I believe in the power of story. I believe that stories have an important role to play in the formation of human ...",https://www.bbc.com/news/newsbeat-51178158,"data:image/gif;base64,R0lGODlhAQABAIAAAP///////yH5BAEKAAEALAAAAAABAAEAAAICTAEAOw==",0.5,0.5,0.0
ANIME NEWS: 'Weathering With You' picks up 4 nominations at Annie Awards：The Asahi Shimbun,Asahi Shimbun,"Jan 19, 2020",2020-01-19,ANIME NEWS: 'Weathering With You' picks up 4 nominations at Annie Awards. Translated by The Asahi Shimbun from the website of Anime Anime Japan Ltd.,http://www.asahi.com/ajw/articles/AJ202001190009.html,"data:image/gif;base64,R0lGODlhAQABAIAAAP///////yH5BAEKAAEALAAAAAABAAEAAAICTAEAOw==",0.0,0.0,0.0
Tokyo Ghoul: 5 Ways It's Different From The Manga (& 5 Ways It's The Same),CBR,"Jan 19, 2020",2020-01-19,"In the anime, however, this bit is completely absent. Tokyo Ghoul Root A concludes in a very different manner where Kaneki simply goes on to stand before Arima ...",https://www.cbr.com/tokyo-ghoul-manga-anime-differences/,"data:image/gif;base64,R0lGODlhAQABAIAAAP///////yH5BAEKAAEALAAAAAABAAEAAAICTAEAOw==",0.0,0.3625,0.0
ANIME NEWS: 'Japan Sinks' gets first anime adaptation series for 2020 release：The Asahi Shimbun,Asahi Shimbun,"Jan 18, 2020",2020-01-18,ANIME NEWS: 'Japan Sinks' gets first anime adaptation series for 2020 release. Translated by The Asahi Shimbun from the website of Anime Anime Japan Ltd.,http://www.asahi.com/ajw/articles/AJ202001180006.html,"data:image/gif;base64,R0lGODlhAQABAIAAAP///////yH5BAEKAAEALAAAAAABAAEAAAICTAEAOw==",0.075,0.16666666666666666,0.0
"The 10 Best Anime Movies Of The Decade, According To Rotten Tomatoes",CBR,"Jan 17, 2020",2020-01-17,"Unlike the typical animated films associations with children-focused media, anime films cater to a wide array of audiences, from the old to the young. Some anime ...",https://www.cbr.com/anime-movies-best-last-decade-rotten-tomatoes/,"data:image/gif;base64,R0lGODlhAQABAIAAAP///////yH5BAEKAAEALAAAAAABAAEAAAICTAEAOw==",1.0,0.3,0.2263
Weathering With You review – thrillingly beautiful anime romance,The Guardian,"Jan 16, 2020",2020-01-16,Weathering With You review – thrillingly beautiful anime romance. A runaway teenager falls for a mysterious 'sun girl' who has the power to stop the rain in ...,https://www.theguardian.com/film/2020/jan/16/weathering-with-you-review-makoto-shinkai-japanese-anime-animation,"data:image/gif;base64,R0lGODlhAQABAIAAAP///////yH5BAEKAAEALAAAAAABAAEAAAICTAEAOw==",0.85,1.0,0.8885
'Weathering With You' Is The Latest Anime From Makoto Shinkai,,"Jan 16, 2020",2020-01-16,"There's a new anime movie from the creator of Your Name — this one about a girl who may be able to control the weather. AUDIE CORNISH, HOST: Sometimes ...",https://www.npr.org/2020/01/16/797098442/weathering-with-you-is-the-latest-anime-from-makoto-shinkai,"data:image/gif;base64,R0lGODlhAQABAIAAAP///////yH5BAEKAAEALAAAAAABAAEAAAICTAEAOw==",0.5,0.9,0.0
The 10 Best New Anime Of The Decade,Comic Years,"Jan 16, 2020",2020-01-16,"So let's take a look at the 10 best Anime of the decade. Attack On Titan: Surviving An Apocalypse. Debuting in 2013, based on the Manga of the same name, Attack ...",https://comicyears.com/anime-news/the-10-best-new-anime-of-the-decade/,"data:image/gif;base64,R0lGODlhAQABAIAAAP///////yH5BAEKAAEALAAAAAABAAEAAAICTAEAOw==",0.5681818181818181,0.37727272727272726,0.6369
There’s a new Pokémon Sword and Shield anime on YouTube,The Verge,"Jan 15, 2020",2020-01-15,"... and Shield anime on YouTube. Twilight Wings' seven-episode run begins with some familiar faces. By Megan Farokhmanesh@Megan_Nicolett Jan 15, 2020, ...",https://www.theverge.com/2020/1/15/21066993/pokemon-twilight-wings-sword-shield-anime-youtube-characters,"data:image/gif;base64,R0lGODlhAQABAIAAAP///////yH5BAEKAAEALAAAAAABAAEAAAICTAEAOw==",0.13636363636363635,0.45454545454545453,0.0
"Top picks: A South Korean thriller, classic anime from Japan, and more",Christian Science Monitor,"Jan 15, 2020",2020-01-15,"Movies from 'Parasite' director Bong Joon-ho and anime legend Satoshi Kon, and music from The Comet Is Coming offer a gateway to international fare. CJ ...",https://www.csmonitor.com/The-Culture/Arts/2020/0115/Top-picks-A-South-Korean-thriller-classic-anime-from-Japan-and-more,"data:image/gif;base64,R0lGODlhAQABAIAAAP///////yH5BAEKAAEALAAAAAABAAEAAAICTAEAOw==",0.38888888888888884,0.38888888888888884,0.296
Anime Gets Snubbed (Yet Again) by The Academy Awards,Comicbook.com,"Jan 13, 2020",2020-01-13,"Notable anime films that were submitted for nominations in this category include the aforementioned Weathering With You, Ayumu Watanabe's Children of the Sea ...",https://comicbook.com/anime/news/academy-awards-nominations-anime-snubbed/,"data:image/gif;base64,R0lGODlhAQABAIAAAP///////yH5BAEKAAEALAAAAAABAAEAAAICTAEAOw==",0.0,0.0,0.0
10 Anime To Watch If You Like Carole & Tuesday | CBR,CBR,"Jan 12, 2020",2020-01-12,"Carol & Tuesday is an excellent anime that balances sci-fi and slice of life. For fans of the musical show, here are 10 other animes to check out. By Noah ...",https://www.cbr.com/anime-to-watch-for-fans-of-carole-tuesday/,"data:image/gif;base64,R0lGODlhAQABAIAAAP///////yH5BAEKAAEALAAAAAABAAEAAAICTAEAOw==",0.0,0.0,0.3612
Here Are All The Nominees For The 2019 Crunchyroll Anime Awards,Forbes,"Jan 10, 2020",2020-01-10,Anime of the Year · Carole & Tuesday · Demon Slayer: Kimetsu no Yaiba · Mob Psycho 100 II · O Maidens in Your Savage Season · The Promised Neverland · Vinland ...,https://www.forbes.com/sites/laurenorsini/2020/01/10/here-are-all-the-nominees-for-the-2019-crunchyroll-anime-awards/,"data:image/gif;base64,R0lGODlhAQABAIAAAP///////yH5BAEKAAEALAAAAAABAAEAAAICTAEAOw==",0.0,0.0,0.4588
Anime could be a key to streaming domination,Marketplace.org,"Jan 9, 2020",2020-01-09,"John loves the characters' nuance and the ethical questions some of the shows raise. Take the show “Neon Genesis Evangelion,” an anime classic streaming on ...",https://www.marketplace.org/2020/01/09/anime-could-be-a-key-to-streaming-domination/,"data:image/gif;base64,R0lGODlhAQABAIAAAP///////yH5BAEKAAEALAAAAAABAAEAAAICTAEAOw==",0.0,1.0,-0.0516
Thomas Bryant's passion for anime and drawing go hand-in ...,NBCSports.com,"Jan 8, 2020",2020-01-08,"But there are anime fans and then there is Wizards center Thomas Bryant who, though does like Dragon Ball Z himself, essentially believes it is kindergarten stuff.",https://www.nbcsports.com/washington/wizards/thomas-bryants-passion-anime-and-drawing-go-hand-hand,"data:image/gif;base64,R0lGODlhAQABAIAAAP///////yH5BAEKAAEALAAAAAABAAEAAAICTAEAOw==",0.0,0.0,0.4588
"Asus at CES 2020: ROG Zephyrus G14 With ‘AniMe' Lid Display, TUF Gaming A15 Laptops Launched",NDTV,"Jan 7, 2020",2020-01-07,"Asus at CES 2020: ROG Zephyrus G14 With 'AniMe' Lid Display, TUF Gaming A15 Laptops Launched. Both new series of laptops use AMD's just-announced ...",https://gadgets.ndtv.com/laptops/news/asus-ces-2020-rog-zephyrus-g14-anime-led-tuf-gaming-a15-a17-2159731,"data:image/gif;base64,R0lGODlhAQABAIAAAP///////yH5BAEKAAEALAAAAAABAAEAAAICTAEAOw==",0.0,0.0,0.128
The Best Anime of the 2010s,Thrillist,"Jan 3, 2020",2020-01-03,"Here, Thrillist Entertainment writes about their favorite anime series of the 2010s. Anime -- what was once seen as a niche for nerds or a phase for children to grow ...",https://www.thrillist.com/entertainment/nation/best-anime-of-the-decade-2010s,"data:image/gif;base64,R0lGODlhAQABAIAAAP///////yH5BAEKAAEALAAAAAABAAEAAAICTAEAOw==",1.0,0.3,0.6369
DC: 5 Anime Characters Who Can Beat Wonder Woman (& 5 Who Can't),CBR,"Jan 3, 2020",2020-01-03,Here are 5 anime characters who could beat Diana of Themyscia and 5 who couldn't hope to win. 10 Beat Her: Saitama (One-Punch Man).,https://www.cbr.com/dc-wonder-woman-anime-characters-defeat-lose/,"data:image/gif;base64,R0lGODlhAQABAIAAAP///////yH5BAEKAAEALAAAAAABAAEAAAICTAEAOw==",0.0,0.0,0.0
The Best Anime of the Decade (2010 - 2019) - IGN,IGN,"Jan 1, 2020",2020-01-01,"Every year we're treated to a swath of great anime series; from shoujo that pull at heartstrings, to intense shonen staples that always promise excellent action, ...",https://www.ign.com/articles/2020/01/01/best-anime-of-the-decade-2010-2019,"data:image/gif;base64,R0lGODlhAQABAIAAAP///////yH5BAEKAAEALAAAAAABAAEAAAICTAEAOw==",1.0,0.3,0.6369
