title,media,date,datetime,desc,link,img,textBlob polarity,textBlob subjectivity,vader polarity
Chinese anime gains traction with more sophisticated offerings,Nikkei Asian Review,"Feb 29, 2020",2020-02-29,"Speaking at an anime event held in Shanghai in November, Bilibili Vice Chairman and Chief Operating Officer Ni Li declared that 2019 had shaped up as an "" ...",https://asia.nikkei.com/Business/Business-trends/Chinese-anime-gains-traction-with-more-sophisticated-offerings,"data:image/gif;base64,R0lGODlhAQABAIAAAP///////yH5BAEKAAEALAAAAAABAAEAAAICTAEAOw==",0.3333333333333333,0.5,0.7425
30-year-old anime prediction sparks talk of Olympic cancellation - The Jakarta Post,Jakarta Post,"Feb 29, 2020",2020-02-29,"The cyberpunk animated movie, set in a post-apocalyptic Neo Tokyo, is regarded as one of the most influential anime and science-fiction movies of all time, and ...",https://www.thejakartapost.com/life/2020/02/28/30-year-old-anime-prediction-sparks-talk-of-olympic-cancellation.html,"data:image/gif;base64,R0lGODlhAQABAIAAAP///////yH5BAEKAAEALAAAAAABAAEAAAICTAEAOw==",0.0,0.0,0.0
"Apple Features Anime in Latest ""Behind the Mac"" Ad",HYPEBEAST,"Feb 29, 2020",2020-02-29,"Apple Japan has released a new commercial displaying clips from anime that feature its popular MacBook line. Set to Yoshiho Nakamura's song “I am Shujinko”, ...",https://hypebeast.com/2020/2/apple-anime-ad-behind-the-mac-commercial,"data:image/gif;base64,R0lGODlhAQABAIAAAP///////yH5BAEKAAEALAAAAAABAAEAAAICTAEAOw==",0.04999999999999999,0.8,0.0
Apple made an ad to highlight the history of MacBooks in anime,The Verge,"Feb 28, 2020",2020-02-28,"Osomatsu, New Game!, Keroro Gunsou, Your Name, Weathering With You, and more, according to Polygon's resident anime expert Julia Lee. The video spot ...",https://www.theverge.com/2020/2/28/21157828/new-apple-anime-ad-macbooks-laptops-airpods-earpods,"data:image/gif;base64,R0lGODlhAQABAIAAAP///////yH5BAEKAAEALAAAAAABAAEAAAICTAEAOw==",0.0,0.0,0.34
Australian politician calls for immediate review of all anime due to depictions of “child abuse”,SoraNews24,"Feb 28, 2020",2020-02-28,"In a speech to the Australian parliament this week, Griff, a senator for the state of South Australia since 2016, spoke on his concerns related to anime's content and ...",https://soranews24.com/2020/02/28/australian-politician-calls-for-immediate-review-of-all-anime-due-to-depictions-of-child-abuse/,"data:image/gif;base64,R0lGODlhAQABAIAAAP///////yH5BAEKAAEALAAAAAABAAEAAAICTAEAOw==",-0.0625,0.1875,0.0
‘My Hero Academia: Heroes Rising’ ADR Director on Adapting the Anime for a U.S. Audience,Yahoo Entertainment,"Feb 28, 2020",2020-02-28,"Theaters are showing the film, a standalone entry in the popular superhero anime based on the manga, with options for either subtitles or with an English dub.",https://www.yahoo.com/entertainment/hero-academia-heroes-rising-adr-001455521.html,"data:image/gif;base64,R0lGODlhAQABAIAAAP///////yH5BAEKAAEALAAAAAABAAEAAAICTAEAOw==",0.0,0.0,0.7845
The One Piece Anime & Manga Are On Hiatus - Here’s Why | CBR,CBR,"Feb 28, 2020",2020-02-28,"Both the One Piece manga and anime are going on a break, but fans won't have to wait too long for their favorite series to resume. By Timothy Donohoo Feb 28, ...",https://www.cbr.com/one-piece-anime-manga-hiatus-explained/,"data:image/gif;base64,R0lGODlhAQABAIAAAP///////yH5BAEKAAEALAAAAAABAAEAAAICTAEAOw==",0.0,0.0,0.0
Netflix Partners With Six Japanese Creators To Develop ...,Cartoon Brew,"Feb 27, 2020",2020-02-27,"Anime gives Netflix an edge over Disney, who may view adult-skewing Japanese animation as off-brand for its new streaming service Disney+. That said, Netflix is ...",https://www.cartoonbrew.com/streaming/netflix-commissions-six-japanese-creators-to-develop-anime-shows-186888.html,"data:image/gif;base64,R0lGODlhAQABAIAAAP///////yH5BAEKAAEALAAAAAABAAEAAAICTAEAOw==",0.0,0.0,0.0
Anime Japan 2020 Officially Canceled Due to Coronavirus Outbreak,Comicbook.com,"Feb 27, 2020",2020-02-27,A new announcement has confirmed Anime Japan 2020 has been cancelled this year due to the ongoing Coronavirus crisis. The announcement went live from ...,https://comicbook.com/anime/news/anime-japan-2020-cancelled-coronavirus-outbreak/,"data:image/gif;base64,R0lGODlhAQABAIAAAP///////yH5BAEKAAEALAAAAAABAAEAAAICTAEAOw==",-0.125,0.375,0.0
Monster girl brothel anime finally makes a friend as it finds new broadcast partner in Japan,SoraNews24,"Feb 27, 2020",2020-02-27,Interspecies Reviewers is an anime in which the protagonists visit a new monster girl brothel (or two) each and every episode. But while that's a pretty ...,https://soranews24.com/2020/02/27/monster-girl-brothel-anime-finally-makes-a-friend-as-it-finds-new-broadcast-partner-in-japan/,"data:image/gif;base64,R0lGODlhAQABAIAAAP///////yH5BAEKAAEALAAAAAABAAEAAAICTAEAOw==",0.06818181818181818,0.7272727272727273,0.4939
"Here’s why ‘My Hero Academia,’ the anime and manga series, is set to become an even bigger pop culture phenomenon",LA Daily News,"Feb 26, 2020",2020-02-26,The audience for the North American premiere of “My Hero Academia: Heroes Rising” — some of whom were dressed as characters from the Japanese anime ...,https://www.dailynews.com/2020/02/26/heres-why-my-hero-academia-the-anime-and-manga-series-is-set-to-become-an-even-bigger-pop-culture-phenomenon,"data:image/gif;base64,R0lGODlhAQABAIAAAP///////yH5BAEKAAEALAAAAAABAAEAAAICTAEAOw==",0.0,0.5,0.5574
Netflix Adds Deals With Six Anime Creators in Japan,Variety,"Feb 26, 2020",2020-02-26,"“These partnerships are part of our broader investment strategy to support Japanese anime – giving creators the ability to tell bold, innovative stories and giving ...",https://variety.com/2020/digital/asia/netflix-deals-six-anime-creators-in-japan-1203516250/,"data:image/gif;base64,R0lGODlhAQABAIAAAP///////yH5BAEKAAEALAAAAAABAAEAAAICTAEAOw==",0.0,0.0,0.0
Netflix Has Partnered Up With CLAMP And Other Japanese Creators For New Original Anime Content,Geek Culture,"Feb 26, 2020",2020-02-26,More original anime content will soon be coming to Netflix as the streaming service has announced that it will be forming partnerships with six Japanese creators ...,https://geekculture.co/netflix-has-partnered-up-with-clamp-and-other-japanese-creators-for-new-original-anime-content/,"data:image/gif;base64,R0lGODlhAQABAIAAAP///////yH5BAEKAAEALAAAAAABAAEAAAICTAEAOw==",0.09659090909090909,0.39488636363636365,0.3182
"Aus Senator Wants ""All"" Japanese Anime Examined For 'Child ...",Junkee,"Feb 26, 2020",2020-02-26,The Australian Senate heard an impassioned speech Wednesday as senator Sterling Griff called for 'all' Japanese anime and manga to be re-reviewed and ...,https://junkee.com/japanese-child-anime-ban-australia/244075,"data:image/gif;base64,R0lGODlhAQABAIAAAP///////yH5BAEKAAEALAAAAAABAAEAAAICTAEAOw==",0.1,0.05,0.0
Crunchyroll Announces Inaugural Slate Of Original Anime ...,Geek Culture,"Feb 26, 2020",2020-02-26,"Anime streaming service Crunchyroll will be rolling out its first full slate of original anime series in 2020, with shows covering a variety of genres, from fantasy to ...",https://geekculture.co/crunchyroll-announces-inaugural-slate-of-original-anime-series-for-2020/,"data:image/gif;base64,R0lGODlhAQABAIAAAP///////yH5BAEKAAEALAAAAAABAAEAAAICTAEAOw==",0.375,0.75,0.3182
Australian Politician Files Motion to Review Manga and Anime for Child Exploitation,Comicbook.com,"Feb 26, 2020",2020-02-26,"There are plenty of big anime series out there these days, but it seems one Australian politician is ready to wage war against a few they feel depicts child ...",https://comicbook.com/anime/news/anime-controversial-banned-australia-law-lolita/,"data:image/gif;base64,R0lGODlhAQABAIAAAP///////yH5BAEKAAEALAAAAAABAAEAAAICTAEAOw==",0.0,0.0,0.0
Sword Art Online: 10 Cringiest Things Kirito Has Done | CBR,CBR,"Feb 26, 2020",2020-02-26,"Sword Art Online is a popular anime for many reasons, and infamous for just as many too. A lot of that blame usually goes to its protagonist, Kirito, who anime ...",https://www.cbr.com/sword-art-online-kirito-cringe/,"data:image/gif;base64,R0lGODlhAQABAIAAAP///////yH5BAEKAAEALAAAAAABAAEAAAICTAEAOw==",0.0,0.0,0.0
The 10 Biggest Snubs In The Crunchyroll Anime Awards | CBR,CBR,"Feb 26, 2020",2020-02-26,"10 Best OP: Kaen - QUEEN BEE (Dororo). Anime openings have only gotten better with every passing generation, ...",https://www.cbr.com/crunchyroll-anime-awards-biggest-snubs/,"data:image/gif;base64,R0lGODlhAQABAIAAAP///////yH5BAEKAAEALAAAAAABAAEAAAICTAEAOw==",0.0,0.0,-0.0258
Staff of Crunchyroll and WEBTOON's Noblesse Comment on ...,,"Feb 25, 2020",2020-02-25,"I was hoping that they would turn Noblesse into an anime series after Crunchyroll announced its partnership with Webtoons, and my hopes have been answered!!!",https://www.crunchyroll.com/anime-news/2020/02/25-1/staff-of-crunchyroll-and-webtoons-noblesse-comment-on-production,"data:image/gif;base64,R0lGODlhAQABAIAAAP///////yH5BAEKAAEALAAAAAABAAEAAAICTAEAOw==",0.0,0.0,0.0
Crunchyroll Announces Eight Original Anime Series,"Cord Cutters News, LLC","Feb 25, 2020",2020-02-25,"Today, Crunchyroll announced eight new original anime series, spanning adventure, fantasy, romance, historical fiction, and more. The new series represent ...",https://www.cordcuttersnews.com/crunchyroll-announces-eight-original-anime-series/,"data:image/gif;base64,R0lGODlhAQABAIAAAP///////yH5BAEKAAEALAAAAAABAAEAAAICTAEAOw==",0.375,0.75,0.3182
Netflix builds on anime ambitions in Japan,TBI Vision,"Feb 25, 2020",2020-02-25,"Netflix has stepped up its anime push, partnering with six Japanese creators to develop original anime shows. The six creators – CLAMP (Cardcaptor Sakura), ...",https://tbivision.com/2020/02/25/netflix-builds-on-anime-ambitions-in-japan/,"data:image/gif;base64,R0lGODlhAQABAIAAAP///////yH5BAEKAAEALAAAAAABAAEAAAICTAEAOw==",0.0,0.0,0.0
"Love Live!, the Japanese anime idol series, explained",Polygon,"Feb 25, 2020",2020-02-25,"School Idol Festival became many anime fans' gateway into mobile gacha games and idol culture. Now a new spinoff, Love Live! All Stars, is out, and there's a ...",https://www.polygon.com/2020/2/25/21147116/love-live-school-idol-festival-all-stars-explained,"data:image/gif;base64,R0lGODlhAQABAIAAAP///////yH5BAEKAAEALAAAAAABAAEAAAICTAEAOw==",0.22348484848484848,0.3666666666666667,0.6696
Does anime need to start being more politically correct for overseas audiences? Twitter debates,SoraNews24,"Feb 23, 2020",2020-02-23,"Anime used to be conceived, produced, and consumed pretty much all within the confines of Japan. Sure, the occasional series would get licensed for overseas ...",https://soranews24.com/2020/02/23/does-anime-need-to-start-being-more-politically-correct-for-overseas-audiences-twitter-debates/,"data:image/gif;base64,R0lGODlhAQABAIAAAP///////yH5BAEKAAEALAAAAAABAAEAAAICTAEAOw==",0.25,0.3,0.0
Super Dragon Ball Heroes Releases Season 2 Premiere Synopsis,Comicbook.com,"Feb 23, 2020",2020-02-23,"The first season of the promotional anime ended its run earlier this year, and now a second season of episodes is getting ready to launch later this Spring.",https://comicbook.com/anime/news/super-dragon-ball-heroes-season-2-premiere-synopsis-anime/,"data:image/gif;base64,R0lGODlhAQABAIAAAP///////yH5BAEKAAEALAAAAAABAAEAAAICTAEAOw==",0.3333333333333333,0.6666666666666666,0.802
"The 10 Worst Anime Movies Of The Decade, According To Rotten Tomatoes",CBR,"Feb 23, 2020",2020-02-23,"For as far as the anime industry has come and how much bigger it seems here than even 10 years ago, Rotten Tomatoes is there to give us a sobering ...",https://www.cbr.com/worst-anime-movies-decade-rotten-tomatoes/,"data:image/gif;base64,R0lGODlhAQABAIAAAP///////yH5BAEKAAEALAAAAAABAAEAAAICTAEAOw==",-1.0,1.0,-0.8126
10 Reasons Why Naruto Is The Best Of Shonen Jump's Big Three,CBR,"Feb 21, 2020",2020-02-21,"Naruto is easily one of the most heartfelt manga and anime out there, at least in reach of the popularity it has. This has a lot to do with the beginnings of the series's ...",https://www.cbr.com/reasons-naruto-anime-best-shonen-jump-big-three/,"data:image/gif;base64,R0lGODlhAQABAIAAAP///////yH5BAEKAAEALAAAAAABAAEAAAICTAEAOw==",0.5,0.2,0.6369
Netflix’s ‘Altered Carbon: Resleeved’ Anime Series Gets A Release Date And First Images,Forbes,"Feb 20, 2020",2020-02-20,"But Season 2 of Altered Carbon isn't the last you'll see of the dystopian cyberpunk universe on Netflix in 2020. Less than a month later, an anime Altered Carbon ...",https://www.forbes.com/sites/erikkain/2020/02/20/netflixs-altered-carbon-resleeved-anime-series-gets-a-release-date-and-first-images/,"data:image/gif;base64,R0lGODlhAQABAIAAAP///////yH5BAEKAAEALAAAAAABAAEAAAICTAEAOw==",0.25,0.3333333333333333,0.0
Outrage forces China to pull avatars it created as influencers,The Straits Times,"Feb 20, 2020",2020-02-20,"""Co-opting anime and fandom culture is no panacea."" Using virtual idols to fan Chinese nationalism is not a new concept - but up to this point, it has been a ...",https://www.straitstimes.com/asia/east-asia/outrage-forces-china-to-pull-avatars-it-created-as-influencers,"data:image/gif;base64,R0lGODlhAQABAIAAAP///////yH5BAEKAAEALAAAAAABAAEAAAICTAEAOw==",0.0,0.0,-0.3182
Do Fans of Cartoon Porn Stars Hate (Real) Women?,WIRED,"Feb 19, 2020",2020-02-19,The fanbase of Projekt Melody—an anime camgirl and the next step in digital sexuality—may overlap with the more misogynistic corners of the internet.,https://www.wired.com/story/projekt-melody-anime-porn-stars/,"data:image/gif;base64,R0lGODlhAQABAIAAAP///////yH5BAEKAAEALAAAAAABAAEAAAICTAEAOw==",-0.30000000000000004,0.6000000000000001,-0.5719
Monster girl brothel anime gets kicked off of yet another Japanese TV station,SoraNews24,"Feb 19, 2020",2020-02-19,"For an anime TV series all about paying for companionship, Interspecies Reviewers is running dangerously low on friends in the Japanese broadcasting world.",https://soranews24.com/2020/02/19/monster-girl-brothel-anime-gets-kicked-off-of-yet-another-japanese-tv-station/,"data:image/gif;base64,R0lGODlhAQABAIAAAP///////yH5BAEKAAEALAAAAAABAAEAAAICTAEAOw==",0.0,0.0,0.0
Top 7 Anime Based Open-Source Projects,Analytics India Magazine,"Feb 19, 2020",2020-02-19,"Face Tracking with Anime Characters. This is a python project, where an anime character can recognise the proximity of your face from the camera integrated into ...",https://analyticsindiamag.com/top-7-anime-based-open-source-projects/,"data:image/gif;base64,R0lGODlhAQABAIAAAP///////yH5BAEKAAEALAAAAAABAAEAAAICTAEAOw==",0.5,0.5,0.2023
China’s Government Created a Pair of Anime Idols. Outrage Ensues,Bloomberg,"Feb 18, 2020",2020-02-18,The ruling regime's Youth League this week debuted the officially sanctioned anime characters -- a pair of adolescents in Chinese traditional garb with names ...,https://www.bloomberg.com/news/articles/2020-02-19/china-s-government-created-a-pair-of-anime-idols-outrage-ensues,"data:image/gif;base64,R0lGODlhAQABAIAAAP///////yH5BAEKAAEALAAAAAABAAEAAAICTAEAOw==",0.0,0.0,-0.3182
5 Characters Anime Copied From Marvel (& 5 Marvel Copied From Anime),CBR,"Feb 18, 2020",2020-02-18,"The first anime character on the list to be inspired by Marvel is the only one not directly taken from the Marvel Universe, rather being an original character ...",https://www.cbr.com/5-characters-anime-copied-from-marvel-5-marvel-copied-from-anime/,"data:image/gif;base64,R0lGODlhAQABAIAAAP///////yH5BAEKAAEALAAAAAABAAEAAAICTAEAOw==",0.0,0.0,0.6808
Demon Slayer: Kimetsu no Yaiba Wins Crunchyroll's Anime of ...,Geek Culture,"Feb 17, 2020",2020-02-17,"With their fourth Anime Awards finally over, we finally have our winners for this year and it should come as no surprise that the series to win “Anime of the Year“, ...",https://geekculture.co/demon-slayer-kimetsu-no-yaiba-wins-crunchyrolls-anime-of-the-year/,"data:image/gif;base64,R0lGODlhAQABAIAAAP///////yH5BAEKAAEALAAAAAABAAEAAAICTAEAOw==",0.3,0.2,-0.6367
Chinese fans say Blizzard found true calling with Diablo anime and Overwatch cartoon,South China Morning Post,"Feb 17, 2020",2020-02-17,"So the Diablo anime series might not immediately be available in the country once released, if ever. Netflix would have to strike a deal to license it to a local ...",https://www.scmp.com/abacus/games/article/3051037/chinese-fans-say-blizzard-found-true-calling-diablo-anime-and,"data:image/gif;base64,R0lGODlhAQABAIAAAP///////yH5BAEKAAEALAAAAAABAAEAAAICTAEAOw==",0.175,0.325,0.4215
The Seven Deadly Sins Manga Ends With 41st Volume in May,Anime News Network,"Feb 17, 2020",2020-02-17,"The manga's first 24-episode television anime series aired in 2014 and 2015. Netflix later streamed the series with both English and Japanese audio, and ...",https://www.animenewsnetwork.com/news/2020-02-17/the-seven-deadly-sins-manga-ends-with-41st-volume-in-may/.156526,"data:image/gif;base64,R0lGODlhAQABAIAAAP///////yH5BAEKAAEALAAAAAABAAEAAAICTAEAOw==",-0.2,0.4,-0.4588
Here Are All The Winners Of The 2019 Crunchyroll Anime Awards,Forbes,"Feb 15, 2020",2020-02-15,"This year's Academy Awards may have neglected to put a single Japanese anime among its Best Animated Film nominees, but fans of the medium got their ...",https://www.forbes.com/sites/laurenorsini/2020/02/15/here-are-all-the-winners-of-the-2019-crunchyroll-anime-awards/,"data:image/gif;base64,R0lGODlhAQABAIAAAP///////yH5BAEKAAEALAAAAAABAAEAAAICTAEAOw==",0.0,0.0,0.7269
Anime Awards 2020: the full list of Crunchyroll’s winners,Polygon,"Feb 15, 2020",2020-02-15,Crunchyroll Anime Award winners · Anime of the Year — Demon Slayer: Kimetsu No Yaiba · Best Animation — Mob Psycho 100 II · Best Opening Sequence — Mob ...,https://www.polygon.com/2020/2/15/21138116/crunchyroll-anime-awards-best-anime-demon-slayer-mob-psycho,"data:image/gif;base64,R0lGODlhAQABAIAAAP///////yH5BAEKAAEALAAAAAABAAEAAAICTAEAOw==",0.35,0.55,0.7269
JAPAN ANIME: WHY NETFLIX IS ON THE WRONG SIDE OF ...,Asia Media International,"Feb 15, 2020",2020-02-15,Anime only started becoming popular in mainstream American culture in the 1990s when American distributors began importing wildly popular Japanese series ...,https://asiamedia.lmu.edu/2020/02/15/anime-streaming-showdown-how-netflix-falls-flat/,"data:image/gif;base64,R0lGODlhAQABAIAAAP///////yH5BAEKAAEALAAAAAABAAEAAAICTAEAOw==",-0.5,0.9,-0.5904
Will My Hero Academia's Creator Quit The Series Over Fan Backlash?,Comicbook.com,"Feb 15, 2020",2020-02-15,"My Hero Academia has influenced millions of readers and viewers of its manga and anime respectively, becoming one of the most popular franchises in the ...",https://comicbook.com/anime/news/my-hero-academia-will-creator-horikoshi-quit-the-series/,"data:image/gif;base64,R0lGODlhAQABAIAAAP///////yH5BAEKAAEALAAAAAABAAEAAAICTAEAOw==",0.0,0.0,0.7096
The best time to watch new anime is on Valentine’s Day,Polygon,"Feb 14, 2020",2020-02-14,"Most anime series are long, but they have short episodes, which means they're perfect for binging — you can get through a whole season in a day if you want to ...",https://www.polygon.com/2020/2/14/21138031/valentines-day-celebration-ideas-couples-singles-anime-recommendation,"data:image/gif;base64,R0lGODlhAQABAIAAAP///////yH5BAEKAAEALAAAAAABAAEAAAICTAEAOw==",0.5681818181818181,0.37727272727272726,0.6369
9 Recent Romantic Anime For Valentine's Day 2020,Forbes,"Feb 14, 2020",2020-02-14,"It's the perfect time to fall in love with a new romance anime. Here are nine of the best recent examples of the genre, none of which came out earlier than 2018, all ...",https://www.forbes.com/sites/laurenorsini/2020/02/14/9-recent-romantic-anime-for-valentines-day-2020/,"data:image/gif;base64,R0lGODlhAQABAIAAAP///////yH5BAEKAAEALAAAAAABAAEAAAICTAEAOw==",0.0,0.375,0.4019
Dragon Ball's Anime Success Will Never Be Emulated | Screen Rant,Screen Rant,"Feb 13, 2020",2020-02-13,"Constantly surprised by his ever-expanding readership, Toriyama evolved the Dragon Ball franchise from a manga to an anime, and after dominating in Japan, ...",https://screenrant.com/dragon-ball-anime-success-never-beaten-reason/,"data:image/gif;base64,R0lGODlhAQABAIAAAP///////yH5BAEKAAEALAAAAAABAAEAAAICTAEAOw==",0.3,0.0,0.3182
10 Black Women in Anime That I Proudly Claim & Made Me ...,But Why Tho? A Geek Community,"Feb 13, 2020",2020-02-13,"Growing up as a little Black girl that loved anime, I was raised on classic shows like Sailor Moon, Yuyu Hakusho, and Dragon Ball Z, but I always wished there ...",https://butwhythopodcast.com/2020/02/13/10-black-women-in-anime-that-i-proudly-claim-made-me-feel-seen/,"data:image/gif;base64,R0lGODlhAQABAIAAAP///////yH5BAEKAAEALAAAAAABAAEAAAICTAEAOw==",0.3166666666666667,0.7166666666666667,0.5574
Watching anime is not a sin,The Michigan Daily,"Feb 12, 2020",2020-02-12,"During a drive to Ann Arbor with three other people in my car, I asked each of my companions to queue two songs on Spotify for us to listen to along the way.",https://www.michigandaily.com/section/arts/watching-anime-not-sin,"data:image/gif;base64,R0lGODlhAQABAIAAAP///////yH5BAEKAAEALAAAAAABAAEAAAICTAEAOw==",0.0,0.0,0.4449
Why is Interspecies Reviewers so Controversial?,Comicbook.com,"Feb 9, 2020",2020-02-09,"With anime as big as it is these days, and with its greater breakthrough into pop culture, that means more series are being licensed in the West. This also means ...",https://comicbook.com/anime/news/interspecies-reviewers-controversy-explained-nsfw-anime/,"data:image/gif;base64,R0lGODlhAQABAIAAAP///////yH5BAEKAAEALAAAAAABAAEAAAICTAEAOw==",0.55,0.95,-0.3327
Dragon Ball Super is Sabotaging Its Own Success,Comicbook.com,"Feb 5, 2020",2020-02-05,"Since the anime wrapped its Japanese run in 2018, and its American run in 2019, Dragon Ball fans have been clamoring for any number of ways to either debut a ...",https://comicbook.com/anime/news/dragon-ball-super-new-anime-hiatus-delay-fans-angry/,"data:image/gif;base64,R0lGODlhAQABAIAAAP///////yH5BAEKAAEALAAAAAABAAEAAAICTAEAOw==",0.41111111111111115,0.5555555555555555,0.8225
Marvel Future Avengers Japanese Anime Series Premieres ...,Geek Culture,"Feb 3, 2020",2020-02-03,"The anime revolves around the original story of a young boy named Makoto, who develops superpowers by way of a HYDRA experiment. Together with other ...",https://geekculture.co/marvel-future-avengers-japanese-anime-series-premieres-28-february-on-disney-plus/,"data:image/gif;base64,R0lGODlhAQABAIAAAP///////yH5BAEKAAEALAAAAAABAAEAAAICTAEAOw==",0.0,0.0625,0.4215
The 25 Anime Series and Movies We Can't Wait to See in 2020,Thrillist,"Feb 3, 2020",2020-02-03,"2019 was a killer year for anime, but the content flow never stops: from blockbuster movie releases to a slew of projects from renowned director Masaaki Yuasa to ...",https://www.thrillist.com/entertainment/nation/new-anime-2020,"data:image/gif;base64,R0lGODlhAQABAIAAAP///////yH5BAEKAAEALAAAAAABAAEAAAICTAEAOw==",0.0,0.0,0.0
ANIME NEWS: 2nd Evangelion store in Tokyo now open in ...,Asahi Shimbun,"Feb 1, 2020",2020-02-01,"The commercial complex has hosted many anime events, including official Evangelion-themed ones. The complex is also home to the Shinjuku Wald 9 multiplex, ...",http://www.asahi.com/ajw/articles/13049629,"data:image/gif;base64,R0lGODlhAQABAIAAAP///////yH5BAEKAAEALAAAAAABAAEAAAICTAEAOw==",0.0,0.25,0.0
