title,media,date,datetime,desc,link,img,textBlob polarity,textBlob subjectivity,vader polarity
Rick and Morty's surprise anime episode represents the ...,digitalspy.com,"Mar 31, 2020",2020-03-31,... surprise anime special which dropped while the regular show is still on hiatus. ... the insanity of Rick and Morty with the theatricality of anime at its most violent.,https://www.digitalspy.com/tv/ustv/a31988936/rick-and-morty-anime-samurai-shogun-short/,"data:image/gif;base64,R0lGODlhAQABAIAAAP///////yH5BAEKAAEALAAAAAABAAEAAAICTAEAOw==",0.0,0.0,0.2732
The 10 Best Vintage Anime To Binge On RetroCrush Now,Forbes,"Mar 30, 2020",2020-03-30,"With so much of the world under quarantine during the pandemic, staying inside and watching anime isn't just a good way to pass the time; it's also the ...",https://www.forbes.com/sites/laurenorsini/2020/03/30/the-10-best-vintage-anime-to-binge-on-retrocrush-now/,"data:image/gif;base64,R0lGODlhAQABAIAAAP///////yH5BAEKAAEALAAAAAABAAEAAAICTAEAOw==",1.0,0.3,0.6369
10 Classic Toonami Anime You Can Stream On Hulu Right Now,Screen Rant,"Mar 30, 2020",2020-03-30,Yu Yu Hakusho is an anime that follows schoolboy delinquent Yusuke Urameshi who becomes an underworld detective. He can manipulate spirit energy to ...,https://screenrant.com/classic-toonami-anime-stream-hulu/,"data:image/gif;base64,R0lGODlhAQABAIAAAP///////yH5BAEKAAEALAAAAAABAAEAAAICTAEAOw==",0.22619047619047616,0.35119047619047616,0.0
Crunchyroll VS Funimation: Which One Has The Better Catalog?,CBR,"Mar 30, 2020",2020-03-30,"They began to stream anime more regularly around 2005 but did not have the same impact as Crunchyroll, who most consider their go-to to watch anime.",https://www.cbr.com/crunchyroll-vs-funimation-which-better-catalog-anime/,"data:image/gif;base64,R0lGODlhAQABAIAAAP///////yH5BAEKAAEALAAAAAABAAEAAAICTAEAOw==",0.5,0.5,0.4404
ANIME NEWS: 'Millionaire Detective' series starts in April; teaser unveiled : The Asahi Shimbun,Asahi Shimbun,"Mar 29, 2020",2020-03-29,ANIME NEWS: 'Millionaire Detective' series starts in April; teaser unveiled. Translated by The Asahi Shimbun from the website of Anime Anime Japan Ltd. March ...,http://www.asahi.com/ajw/articles/13206637,"data:image/gif;base64,R0lGODlhAQABAIAAAP///////yH5BAEKAAEALAAAAAABAAEAAAICTAEAOw==",0.0,0.0,-0.25
Bleach's Anime Return Can Fix The Final Arc's Problems,Screen Rant,"Mar 29, 2020",2020-03-29,"Due to dipping popularity, Bleach's anime series was cancelled in 2012 and ended with the Fullbringer arc, but the manga continued with the Thousand-Year ...",https://screenrant.com/bleach-anime-return-fix-manga-problems/,"data:image/gif;base64,R0lGODlhAQABAIAAAP///////yH5BAEKAAEALAAAAAABAAEAAAICTAEAOw==",0.0,1.0,-0.4019
My Hero Academia Finally Introduces Mirko the Rabbit Hero to the Anime,Comicbook.com,"Mar 28, 2020",2020-03-28,Are you excited Mirko has finally made her way to the anime? What are you hoping to see from the Number 5 ranked hero? What are your thoughts on the new top ...,https://comicbook.com/anime/news/my-hero-academia-mirko-rabbit-hero-anime-debut-season-4/,"data:image/gif;base64,R0lGODlhAQABAIAAAP///////yH5BAEKAAEALAAAAAABAAEAAAICTAEAOw==",0.0,1.0,0.802
ANIME NEWS: 'Kingdom' anime season 3 to start airing on NHK from April : The Asahi Shimbun,Asahi Shimbun,"Mar 28, 2020",2020-03-28,(NHK)'s General TV channel. The Alliance Arc contains one of the anime's greatest battles in which the Qin dynasty prepares for an epic fight against a coalition ...,http://www.asahi.com/ajw/articles/13153024,"data:image/gif;base64,R0lGODlhAQABAIAAAP///////yH5BAEKAAEALAAAAAABAAEAAAICTAEAOw==",0.0,0.0,0.0
Our Daily Breather: Maintaining Sanity During A Pandemic,NPR,"Mar 25, 2020",2020-03-25,"I've been listening to the theme and outro from [anime series Neon Genesis] Evangelion repetitively for the last week. And with Evangelion, there are moments you ...",https://www.npr.org/2020/03/25/820374637/our-daily-breather-thundercat-on-anime,"data:image/gif;base64,R0lGODlhAQABAIAAAP///////yH5BAEKAAEALAAAAAABAAEAAAICTAEAOw==",0.0,0.0,0.0
My Hero Academia: 5 Anime Protagonists Deku Can Beat (& 5 He Cannot),CBR,"Mar 25, 2020",2020-03-25,"On My Hero Academia, Deku's partial mastery of One For All gives him power to rival great heroes'. How does he stack up against other anime heroes? By Bipin ...",https://www.cbr.com/my-hero-academia-anime-protagonists-deku-can-cannot-beat/,"data:image/gif;base64,R0lGODlhAQABAIAAAP///////yH5BAEKAAEALAAAAAABAAEAAAICTAEAOw==",0.0,0.0,0.5574
10 Outrageous Copies Of Attack On Titan (That Will Never Be As Successful As The Original Anime),CBR,"Mar 24, 2020",2020-03-24,"This action anime follows the life and heroics of young Shuu, whose power can help him restore balance in his broken world. 8 Seraph Of The End. A virus ...",https://www.cbr.com/attack-titan-copies-clones-unsuccessful-original-anime/,"data:image/gif;base64,R0lGODlhAQABAIAAAP///////yH5BAEKAAEALAAAAAABAAEAAAICTAEAOw==",0.041666666666666664,0.9,-0.7828
My Hero Academia: 10 Hidden References & Details To Other Anime & Manga You Missed,CBR,"Mar 24, 2020",2020-03-24,"In the anime and manga series, Berserk, Guts is overcome by a manifestation of his wrath and bloodlust. This dark manifestation is called The Beast of Darkness ...",https://www.cbr.com/my-hero-academia-other-anime-manga-references/,"data:image/gif;base64,R0lGODlhAQABAIAAAP///////yH5BAEKAAEALAAAAAABAAEAAAICTAEAOw==",-0.14583333333333331,0.35416666666666663,0.34
Demon Slayer: Anime Vs Manga | CBR,CBR,"Mar 24, 2020",2020-03-24,"Episode 2 of the anime, ""Trainer Sakonji Urokodai"", places this scene at the end versus its manga counterpart which opens the chapter with it (see chapter 3 ...",https://www.cbr.com/demon-slayer-anime-vs-manga/,"data:image/gif;base64,R0lGODlhAQABAIAAAP///////yH5BAEKAAEALAAAAAABAAEAAAICTAEAOw==",0.0,0.0,0.0
"Sword Art Online: All Of The Anime's In-Universe Games, Ranked From Best To Worst",CBR,"Mar 24, 2020",2020-03-24,"Sword Art Online: All Of The Anime's In-Universe Games, Ranked From Best To Worst. Sword Art Online sees its characters dragged into virtual games, and these ...",https://www.cbr.com/sword-art-online-anime-games-created-best-worst/,"data:image/gif;base64,R0lGODlhAQABAIAAAP///////yH5BAEKAAEALAAAAAABAAEAAAICTAEAOw==",0.0,0.65,0.0258
"Sword Art Online: All Of The Anime's In-Universe Games, Ranked From Best To Worst",CBR,"Mar 24, 2020",2020-03-24,"Sword Art Online: All Of The Anime's In-Universe Games, Ranked From Best To Worst. Sword Art Online sees its characters dragged into virtual games, and these ...",https://www.cbr.com/sword-art-online-anime-games-created-best-worst/,"data:image/gif;base64,R0lGODlhAQABAIAAAP///////yH5BAEKAAEALAAAAAABAAEAAAICTAEAOw==",0.0,0.65,0.0258
Seven Deadly Sins Manga Gets Sequel - News,Anime News Network,"Mar 24, 2020",2020-03-24,"The manga's first 24-episode television anime series aired in 2014 and 2015. Netflix later streamed the series with both English and Japanese audio, and ...",https://www.animenewsnetwork.com/news/2020-03-24/seven-deadly-sins-manga-gets-sequel/.157879,"data:image/gif;base64,R0lGODlhAQABAIAAAP///////yH5BAEKAAEALAAAAAABAAEAAAICTAEAOw==",-0.2,0.4,-0.4588
The Bleach Anime Is Coming Back Next Year,Kotaku,"Mar 23, 2020",2020-03-23,"In 2016, the Bleach manga ended after a 15-year-run. The original anime series had wrapped up a few years earlier in 2012, meaning that the animated series ...",https://kotaku.com/the-bleach-anime-is-coming-back-next-year-1842451456,"data:image/gif;base64,R0lGODlhAQABAIAAAP///////yH5BAEKAAEALAAAAAABAAEAAAICTAEAOw==",0.0,0.0,0.0
ANIME NEWS: Latest in 'Violet Evergarden' series due for April 24 release : The Asahi Shimbun,Asahi Shimbun,"Mar 22, 2020",2020-03-22,ANIME NEWS: Latest in 'Violet Evergarden' series due for April 24 release. Translated by The Asahi Shimbun from the website of Anime Anime Japan Ltd. March ...,http://www.asahi.com/ajw/articles/13211531,"data:image/gif;base64,R0lGODlhAQABAIAAAP///////yH5BAEKAAEALAAAAAABAAEAAAICTAEAOw==",0.1875,0.6375,0.0
Fate/Grand Order Announces New Solomon Anime,Comicbook.com,"Mar 21, 2020",2020-03-21,Fate/Grand Order surprised fans last year when it announced that three major projects would be adapting the massively popular mobile game's stories to anime.,https://comicbook.com/anime/news/fate-grand-order-final-singularity-solomon-anime-announced/,"data:image/gif;base64,R0lGODlhAQABAIAAAP///////yH5BAEKAAEALAAAAAABAAEAAAICTAEAOw==",0.13636363636363635,0.45454545454545453,0.0
ANIME NEWS: '7SEEDS' second season to stream worldwide ...,Asahi Shimbun,"Mar 21, 2020",2020-03-21,ANIME NEWS: '7SEEDS' second season to stream worldwide on Netflix March 26. Translated by The Asahi Shimbun from the website of Anime Anime Japan Ltd.,http://www.asahi.com/ajw/articles/13200127,"data:image/gif;base64,R0lGODlhAQABAIAAAP///////yH5BAEKAAEALAAAAAABAAEAAAICTAEAOw==",0.0,0.0,0.0
"Altered Carbon: Resleeved Netflix Anime Is a Bloody, Beautiful Successor to Series",Comic Years,"Mar 21, 2020",2020-03-21,"From the trailer for Altered Carbon: Resleeved, the Netflix anime looked to be the best of both worlds. It is a story set in the very recognizable world of stacks, ...",https://comicyears.com/anime-news/altered-carbon-resleeved-netflix-anime-is-a-bloody-beautiful-successor-to-series/,"data:image/gif;base64,R0lGODlhAQABAIAAAP///////yH5BAEKAAEALAAAAAABAAEAAAICTAEAOw==",0.024999999999999967,0.95,0.4404
"Altered Carbon: Resleeved Netflix Anime Is a Bloody, Beautiful Successor to Series",Comic Years,"Mar 21, 2020",2020-03-21,"From the trailer for Altered Carbon: Resleeved, the Netflix anime looked to be the best of both worlds. It is a story set in the very recognizable world of stacks, ...",https://comicyears.com/anime-news/altered-carbon-resleeved-netflix-anime-is-a-bloody-beautiful-successor-to-series/,"data:image/gif;base64,R0lGODlhAQABAIAAAP///////yH5BAEKAAEALAAAAAABAAEAAAICTAEAOw==",0.024999999999999967,0.95,0.4404
15 Anime To Watch If You Love Demon Slayer | ScreenRant,Screen Rant,"Mar 20, 2020",2020-03-20,"This is a somewhat older series, and although the manga has suffered some hiatuses, it still has a special place in the anime world. D.Gray-Man is set in Gothic ...",https://screenrant.com/demon-slayer-kimetsu-no-yaiba-anime-recommendations/,"data:image/gif;base64,R0lGODlhAQABAIAAAP///////yH5BAEKAAEALAAAAAABAAEAAAICTAEAOw==",0.5,0.6,0.6369
‘Beastars’: An Anime About Animals That Has A Lot To Say About People,Forbes,"Mar 20, 2020",2020-03-20,"Instead, the entire 12-episode anime focuses on predator and prey dynamics. Beastars portrays a society that can only exist by ignoring each animal's beastly ...",https://www.forbes.com/sites/laurenorsini/2020/03/20/beastars-an-anime-about-animals-that-has-a-lot-to-say-about-people/,"data:image/gif;base64,R0lGODlhAQABAIAAAP///////yH5BAEKAAEALAAAAAABAAEAAAICTAEAOw==",0.0,0.0,0.0
Animes to get your mind off the real world while social distancing,Mashable,"Mar 19, 2020",2020-03-19,"Here's a list of some really great anime that should help you get through everything that's going on, no matter what you're into. My Hero Academia. The best ...",https://mashable.com/article/anime-streaming-guide/,"data:image/gif;base64,R0lGODlhAQABAIAAAP///////yH5BAEKAAEALAAAAAABAAEAAAICTAEAOw==",0.11666666666666667,0.18333333333333335,0.0
Bleach anime reportedly coming back with an adaptation of the Thousand-Year Blood War arc,Polygon,"Mar 18, 2020",2020-03-18,"(Anime Intelligence and Research) on Twitter, the anime is returning to celebrate its 20-year anniversary. According to the report from A.I.R., which appears to be ...",https://www.polygon.com/2020/3/18/21185147/bleach-thousand-year-blood-war-arc-anime-20th-anniversary-project,"data:image/gif;base64,R0lGODlhAQABAIAAAP///////yH5BAEKAAEALAAAAAABAAEAAAICTAEAOw==",0.0,0.0,-0.5994
Netflix's 'Beastars' Is the Weird Anthropomorphic Anime Escape We Could All Use Now,Thrillist,"Mar 17, 2020",2020-03-17,"Through those tensions, the anime introduces its endearing personnages -- Legoshi, a conflicted grey wolf (who is way less creepy than he appears in the manga) ...",https://www.thrillist.com/entertainment/nation/beastars-review-netflix-anime,"data:image/gif;base64,R0lGODlhAQABAIAAAP///////yH5BAEKAAEALAAAAAABAAEAAAICTAEAOw==",-0.5,1.0,0.0
Canceled anime that ended with a cliffhanger,Looper,"Mar 17, 2020",2020-03-17,Here's a list of anime that left viewers frustrated when they were canceled before their stories were concluded. Berserk ends things on a hellish cliffhanger. Berserk.,https://www.looper.com/195114/canceled-anime-that-ended-with-a-cliffhanger/,"data:image/gif;base64,R0lGODlhAQABAIAAAP///////yH5BAEKAAEALAAAAAABAAEAAAICTAEAOw==",0.0,0.0,0.0
Dragon Ball: 10 Amazing Goku Cosplays That Look Just Like The Anime,CBR,"Mar 16, 2020",2020-03-16,Dragon Ball: 10 Amazing Goku Cosplays That Look Just Like The Anime. It is insanely difficult to mold wigs into the hairstyles of Dragon Ball characters. It's why ...,https://www.cbr.com/dragon-ball-amazing-goku-cosplays-anime/,"data:image/gif;base64,R0lGODlhAQABAIAAAP///////yH5BAEKAAEALAAAAAABAAEAAAICTAEAOw==",0.6000000000000001,0.9,0.743
One-Punch Man: Manga Vs Anime (5 Things Each One Does Better),CBR,"Mar 15, 2020",2020-03-15,"Season 2 of the anime took a rather extreme dip in animation quality from the first season. And to that extent, the manga cannot be rivaled. Yusuke Murata took ...",https://www.cbr.com/one-punch-man-manga-vs-anime-which-better/,"data:image/gif;base64,R0lGODlhAQABAIAAAP///////yH5BAEKAAEALAAAAAABAAEAAAICTAEAOw==",0.5,0.5,0.4404
Combatants Will Be Dispatched! Novels by Konosuba's ...,Anime News Network,"Mar 15, 2020",2020-03-15,"light novel series is inspiring a television anime adaptation. Yen Press is releasing the novels and their manga adaptation in English, and it describes the story:.",https://www.animenewsnetwork.com/news/2020-03-15/combatants-will-be-dispatched-novels-by-konosuba-natsume-akatsuki-get-tv-anime/.157516,"data:image/gif;base64,R0lGODlhAQABAIAAAP///////yH5BAEKAAEALAAAAAABAAEAAAICTAEAOw==",0.0,0.0,0.0
The best anime movies you can watch on Netflix right now,Looper,"Mar 13, 2020",2020-03-13,"In an age with an almost excessive number of streaming options, it's hard to remember the days when anime was much harder to access. Before shows and ...",https://www.looper.com/194369/the-best-anime-movies-you-can-watch-on-netflix-right-now/,"data:image/gif;base64,R0lGODlhAQABAIAAAP///////yH5BAEKAAEALAAAAAABAAEAAAICTAEAOw==",0.6428571428571428,0.4178571428571428,0.6369
‘Beastars’ review: Netflix’s latest goes far beyond the typical horny teen anime,Inverse,"Mar 13, 2020",2020-03-13,"It's impossible not to compare Beastars, the newest series from anime studio Orange, to Disney's Zootopia. Both take place in worlds inhabited by ...",https://www.inverse.com/entertainment/beastars-review-netflix-orange-paru-itagaki-legoshi,"data:image/gif;base64,R0lGODlhAQABAIAAAP///////yH5BAEKAAEALAAAAAABAAEAAAICTAEAOw==",0.10833333333333334,0.6,0.0
Professorâ€™s online students prefer when he teaches classes as anime girl,South China Morning Post,"Mar 12, 2020",2020-03-12,"So Jiang created a piece of software that transforms himself into anime avatars in virtual classrooms, hoping it would make his classes more fun for his students.",https://www.scmp.com/abacus/news-bites/article/3074961/professors-online-students-prefer-when-he-teaches-classes-anime,"data:image/gif;base64,R0lGODlhAQABAIAAAP///////yH5BAEKAAEALAAAAAABAAEAAAICTAEAOw==",0.0,0.0,0.0
10 Most Popular Kyoto Animation Anime Out There | CBR,CBR,"Mar 12, 2020",2020-03-12,"Kyoto Animation is a beloved anime studio in Japan that has consistently churned out not only some of the most visually stunning animation in existence, but ...",https://www.cbr.com/anime-kyoto-animation-most-popular/,"data:image/gif;base64,R0lGODlhAQABAIAAAP///////yH5BAEKAAEALAAAAAABAAEAAAICTAEAOw==",0.55,0.7,0.4754
"Why The Witcher: Nightmare of the Wolf Is an Anime, Not Live ...",IGN Southeast Asia,"Mar 11, 2020",2020-03-11,"DeMayo added how there is ""a grace and an art form to animation, and especially anime, that allows a different flavour,"" explaining how it provides a new realm ...",https://sea.ign.com/the-witcher-2/158592/news/why-the-witcher-nightmare-of-the-wolf-is-an-anime-not-live-action,"data:image/gif;base64,R0lGODlhAQABAIAAAP///////yH5BAEKAAEALAAAAAABAAEAAAICTAEAOw==",-0.06818181818181818,0.5,0.0
Altered Carbon: Resleeved trailer serves up Takeshi Kovacs in anime form,Techradar,"Mar 10, 2020",2020-03-10,"Altered Carbon: Resleeved trailer serves up Takeshi Kovacs in anime form. By Stephen Lambrechts March 10, 2020. Takeshi Kovacs takes on tech ninjas and ...",https://www.techradar.com/news/altered-carbon-resleeved-trailer-serves-up-takeshi-kovacs-in-anime-form,"data:image/gif;base64,R0lGODlhAQABAIAAAP///////yH5BAEKAAEALAAAAAABAAEAAAICTAEAOw==",0.0,0.0,0.0
Every Single Dragon Ball Series (In Chronological Order) | CBR,CBR,"Mar 10, 2020",2020-03-10,"Not just that, but the anime extended into an official sequel through the form of Dragon Ball GT. Even without Toriyama's involvement, Dragon Ball has been ...",https://www.cbr.com/dragon-ball-series-chronological-order/,"data:image/gif;base64,R0lGODlhAQABAIAAAP///////yH5BAEKAAEALAAAAAABAAEAAAICTAEAOw==",-0.03571428571428571,0.10714285714285714,0.0
New Anime on Netflix: March 2020,What's on Netflix,"Mar 9, 2020",2020-03-09,"It's a reasonably busy month of new anime coming to Netflix in March 2020. We see the return of an awesome, and long-anticipated, Original series, not to ...",https://www.whats-on-netflix.com/news/new-anime-on-netflix-march-2020/,"data:image/gif;base64,R0lGODlhAQABAIAAAP///////yH5BAEKAAEALAAAAAABAAEAAAICTAEAOw==",0.13636363636363635,0.45454545454545453,0.0
Satellite sends anime characters into space in celebration of ...,Insidethegames.biz,"Mar 8, 2020",2020-03-08,"Two figures from the popular Japanese science fiction anime, ""Mobile Suit Gundam"" were sent to the International Space Station aboard a SpaceX/Dragon ...",https://www.insidethegames.biz/articles/1091659/anime-figures-sent-to-space-tokyo-2020,"data:image/gif;base64,R0lGODlhAQABAIAAAP///////yH5BAEKAAEALAAAAAABAAEAAAICTAEAOw==",0.0,0.0,0.0
One Piece: 5 Things The Manga Does Better Than The Anime (& 5 The Anime Does Better),CBR,"Mar 8, 2020",2020-03-08,"Regardless, with the anime spanning, as of now, over 900 episodes there are a solid amount of the biggest moments the manga has introduced animated, voiced, ...",https://www.cbr.com/one-piece-manga-vs-anime/,"data:image/gif;base64,R0lGODlhAQABAIAAAP///////yH5BAEKAAEALAAAAAABAAEAAAICTAEAOw==",0.5,0.5,0.7003
ANIME NEWS: First 'Demon Slayer' exhibition to open on March 20 in Tokyo : The Asahi Shimbun,Asahi Shimbun,"Mar 7, 2020",2020-03-07,"The anime is based on a manga of the same name currently running in the Weekly Shonen Jump comic anthology, which boasts more than 40 million copies in ...",http://www.asahi.com/ajw/articles/13152463,"data:image/gif;base64,R0lGODlhAQABAIAAAP///////yH5BAEKAAEALAAAAAABAAEAAAICTAEAOw==",0.125,0.41666666666666663,0.0
The 10 Most Expensive Anime Of The Decade (& How Much They Cost To Make),CBR,"Mar 5, 2020",2020-03-05,"Animated films can often be incredibly expensive to make, and anime is no different. For years, 2004's Steamboy was the most expensive anime film on record at ...",https://www.cbr.com/most-expensive-anime-decade-how-much-cost/,"data:image/gif;base64,R0lGODlhAQABAIAAAP///////yH5BAEKAAEALAAAAAABAAEAAAICTAEAOw==",0.06666666666666667,0.4666666666666666,0.0
10 Reasons Why Shakugan No Shana Is The Best Anime Series | CBR,CBR,"Mar 5, 2020",2020-03-05,"The hit anime series took fandom by storm, and slowly gained popularity across Asia. Through Animax Asia channel, viewers from neighboring Asian countries ...",https://www.cbr.com/reasons-shakugan-no-shana-best-anime-series/,"data:image/gif;base64,R0lGODlhAQABAIAAAP///////yH5BAEKAAEALAAAAAABAAEAAAICTAEAOw==",1.0,0.3,0.4588
5 My Hero Academia: Heroes Rising Details That Spoil the Series' Anime,Comicbook.com,"Mar 3, 2020",2020-03-03,"In the anime, this event has not taken place yet, but in the manga, the flame based father of Shoto Todoroki received the injury while taking on a new breed of ...",https://comicbook.com/anime/news/my-hero-academia-heroes-rising-5-details-that-spoil-the-anime-manga/,"data:image/gif;base64,R0lGODlhAQABAIAAAP///////yH5BAEKAAEALAAAAAABAAEAAAICTAEAOw==",0.0,0.0,0.7845
Cardcaptor Sakura & 9 More Of The Most Powerful Mages In Anime,CBR,"Mar 3, 2020",2020-03-03,"If you are an avid anime fan, chances are you know at least one or more mage characters. A mage is a practitioner of magic and dark arts. They are mostly ...",https://www.cbr.com/powerful-mages-anime-card-captor-sakura/,"data:image/gif;base64,R0lGODlhAQABAIAAAP///////yH5BAEKAAEALAAAAAABAAEAAAICTAEAOw==",0.43333333333333335,0.6666666666666666,0.4754
Sailor Moon: 5 Reasons Why the Live-Action Series is Better Than the Anime (& 5 Reasons Why the Anime is Better),CBR,"Mar 3, 2020",2020-03-03,"However, this was not an anime. It was a half-hour, live-action drama loosely based on the Dark Kingdom arc, and it ran for one season before ending in 2004.",https://www.cbr.com/sailor-moon-anime-live-action-comparison/,"data:image/gif;base64,R0lGODlhAQABAIAAAP///////yH5BAEKAAEALAAAAAABAAEAAAICTAEAOw==",0.5,0.5,0.7003
‘My Hero Academia: Heroes Rising’ Breaks Anime Box Office Record,Film School Rejects,"Mar 2, 2020",2020-03-02,"Anime isn't known for having huge box office success in America, and when there are hits they tend to be Studio Ghibli fare, Pokemon movies, and other ...",https://filmschoolrejects.com/anime-box-office-record/,"data:image/gif;base64,R0lGODlhAQABAIAAAP///////yH5BAEKAAEALAAAAAABAAEAAAICTAEAOw==",0.0,0.0,0.7845
Apple Ad Shows off How Popular the Mac is With Japanese ...,Branding in Asia Magazine,"Mar 2, 2020",2020-03-02,"The 30-second montage of scenes from notable anime including Your Name, Weathering With You, Mr. Osomatsu, Gridman, New Game! and The Wonderland, ...",https://www.brandinginasia.com/apple-ad-shows-off-how-popular-the-mac-is-with-japanese-anime-characters/,"data:image/gif;base64,R0lGODlhAQABAIAAAP///////yH5BAEKAAEALAAAAAABAAEAAAICTAEAOw==",0.3,0.45,0.4215
10 Must-Watch Donghua For Anime Fans | CBR,CBR,"Mar 2, 2020",2020-03-02,"A lot of anime fans are unaware of the existence of donghua â€“ it's exactly like anime, except for the fact that it's made in China and is almost always in Mandarin.",https://www.cbr.com/donghua-for-anime-fans/,"data:image/gif;base64,R0lGODlhAQABAIAAAP///////yH5BAEKAAEALAAAAAABAAEAAAICTAEAOw==",0.0,0.0,0.0
