title,media,date,datetime,desc,link,img,textBlob polarity,textBlob subjectivity,vader polarity
7 K-dramas that feature out-of-the-box LGBTQ+ characters and stories,South China Morning Post,"Apr 29, 2020",2020-04-29,"The rise of LGBTQ+ characters in K-dramas is a sure sign that Korea is becoming more open, inclusive and accepting of the queer community. Although Korean ...",https://www.scmp.com/magazines/style/news-trends/article/3081921/itaewon-class-6-more-korean-dramas-spotlighting-lgbt,"data:image/gif;base64,R0lGODlhAQABAIAAAP///////yH5BAEKAAEALAAAAAABAAEAAAICTAEAOw==",0.0,0.0,0.0
"Extracurricular: Cast of Korean Netflix drama, previous roles and Instagram",HITC,"Apr 29, 2020",2020-04-29,"Over the past few years, Netflix has produced some excellent Korean dramas, from Kingdom to Itaewon Class and their latest series, Extracurricular is no ...",https://www.hitc.com/en-gb/2020/04/29/extracurricular-who-are-the-netflix-cast-previous-roles-and-inst/,"data:image/gif;base64,R0lGODlhAQABAIAAAP///////yH5BAEKAAEALAAAAAABAAEAAAICTAEAOw==",-0.16666666666666666,0.16666666666666666,0.0
The World Of The Married gives The King: Eternal Monarch a run for its money with remarkable ratings,PINKVILLA,"Apr 28, 2020",2020-04-28,"With the 10th episode rating, The World of the Married becomes the second most-watched drama in the history of Korean cable history. The K-Drama is short of ...",https://www.pinkvilla.com/entertainment/hollywood/world-married-gives-king-eternal-monarch-run-its-money-remarkable-ratings-527790,"data:image/gif;base64,R0lGODlhAQABAIAAAP///////yH5BAEKAAEALAAAAAABAAEAAAICTAEAOw==",0.5,0.5,0.5574
The best Korean dramas to expect on Netflix coming in 2020,AsiaOne,"Apr 27, 2020",2020-04-27,This romantic fantasy drama takes the usual k-drama to a new level. Two parallel universes have been opened and demons have been unleashed. King Lee ...,https://www.asiaone.com/entertainment/best-korean-dramas-expect-netflix-coming-2020,"data:image/gif;base64,R0lGODlhAQABAIAAAP///////yH5BAEKAAEALAAAAAABAAEAAAICTAEAOw==",1.0,0.3,0.6369
"K-Drama Review: ""When The Weather Is Fine"" Bestows A ...",hellokpop,"Apr 26, 2020",2020-04-26,"K-Drama Review: “When The Weather Is Fine” Bestows A Healing Experience Loaded With Many Cute Moments. By Lilly | April 26, 2020.",https://www.hellokpop.com/review/k-drama-review-when-the-weather-is-fine/,"data:image/gif;base64,R0lGODlhAQABAIAAAP///////yH5BAEKAAEALAAAAAABAAEAAAICTAEAOw==",0.4166666666666667,0.5,0.2023
"""The World Of The Married"" Leads Reveal Some Interesting ...",hellokpop,"Apr 25, 2020",2020-04-25,"Up to now, the drama has been attaining higher viewership ratings each day, and recently surpassed 20% ratings according to Nielsen Korea. In addition to that, ...",https://www.hellokpop.com/featured/the-world-of-the-married-main-leads-interview/,"data:image/gif;base64,R0lGODlhAQABAIAAAP///////yH5BAEKAAEALAAAAAABAAEAAAICTAEAOw==",0.375,0.375,0.4019
More revenge coming in second part of ‘The World of the Married’ - The Jakarta Post,Jakarta Post,"Apr 25, 2020",2020-04-25,"Halfway through the 16-episode set, JTBC's sensational drama “The World of the Married” is gaining more popularity with each episode as the relationship ...",https://www.thejakartapost.com/life/2020/04/25/more-revenge-coming-in-second-part-of-the-world-of-the-married.html,"data:image/gif;base64,R0lGODlhAQABAIAAAP///////yH5BAEKAAEALAAAAAABAAEAAAICTAEAOw==",0.25,0.25,-0.5709
K-drama Hotel Del Luna to have its own exhibition,The Straits Times,"Apr 25, 2020",2020-04-25,SEOUL • Still cannot get enough of K-drama Hotel Del Luna (2019)? A ... going to visit South Korea and see these IU billboards and eat lots of authentic Korean ...,https://www.straitstimes.com/lifestyle/entertainment/k-drama-hotel-del-luna-to-have-its-own-exhibition,"data:image/gif;base64,R0lGODlhAQABAIAAAP///////yH5BAEKAAEALAAAAAABAAEAAAICTAEAOw==",0.6,1.0,0.0
"Review: ""The King: Eternal Monarch"" Stars Lee Min-ho In A ...",Cinema Escapist,"Apr 25, 2020",2020-04-25,"It's 1994, and Korea is a monarchy—the “Kingdom of Corea” with a “C” and not “K,” ... Lee Min-ho and Kim Go-eun are two of Korea's hottest drama stars and, ...",https://www.cinemaescapist.com/2020/04/review-king-eternal-monarch-kdrama/,"data:image/gif;base64,R0lGODlhAQABAIAAAP///////yH5BAEKAAEALAAAAAABAAEAAAICTAEAOw==",0.0,0.0,0.0
A World of Married Couple is next watchable K-Drama,Philippine Entertainment Portal,"Apr 24, 2020",2020-04-24,"It is now the drama with second-highest viewership ratings on JTBC, and is expected to exceed the ratings of Sky Castle, South Korea's highest-rated drama on ...",https://www.pep.ph/guide/tv/150974/a-world-of-married-couple-review-a721-20200424,"data:image/gif;base64,R0lGODlhAQABAIAAAP///////yH5BAEKAAEALAAAAAABAAEAAAICTAEAOw==",0.125,0.125,0.0
"5 biggest plot holes in Kingdom, Netflix’s Korean zombie masterpiece",South China Morning Post,"Apr 24, 2020",2020-04-24,"Kingdom on Netflix – the 5 biggest plot holes in the Korean zombie drama which is drawing coronavirus comparisons. With the social commentary of Parasite, ...",https://www.scmp.com/magazines/style/news-trends/article/3081270/kingdom-netflix-5-biggest-plot-holes-korean-zombie,"data:image/gif;base64,R0lGODlhAQABAIAAAP///////yH5BAEKAAEALAAAAAABAAEAAAICTAEAOw==",0.0,0.0,0.6249
Everything you need to know about K-drama hit The King: Eternal Monarch so far,South China Morning Post,"Apr 23, 2020",2020-04-23,"The King: Eternal Monarch on Netflix – the Korean drama starring Lee Min-ho, Lee Jung-jin and Kim Go-eun mixing royal intrigue, love triangles and parallel ...",https://www.scmp.com/magazines/style/news-trends/article/3081240/king-eternal-monarch-netflix-korean-drama-starring-lee,"data:image/gif;base64,R0lGODlhAQABAIAAAP///////yH5BAEKAAEALAAAAAABAAEAAAICTAEAOw==",0.1,1.0,0.0
"Hi Bye, Mama!: Netflix drama more cloying than tear-jerking",South China Morning Post,"Apr 23, 2020",2020-04-23,Korean drama series features Kim Tae-hee as a mother who comes back to life five years after her death and must win back her place in the land of the living; At ...,https://www.scmp.com/lifestyle/entertainment/article/3081287/k-drama-review-hi-bye-mama-netflix-series-starring-kim-tae,"data:image/gif;base64,R0lGODlhAQABAIAAAP///////yH5BAEKAAEALAAAAAABAAEAAAICTAEAOw==",0.5,0.5,0.0
CNN Indonesia apologises for using K-drama actor photo in ...,CNA,"Apr 23, 2020",2020-04-23,Bookmark. The hit K-drama series Crash Landing On You introduced many viewers to the world of North Korea – but an Indonesian channel may have taken it a ...,https://www.channelnewsasia.com/news/lifestyle/kim-jong-un-hyun-bin-crash-landing-on-you-cnn-indonesia-12670230,"data:image/gif;base64,R0lGODlhAQABAIAAAP///////yH5BAEKAAEALAAAAAABAAEAAAICTAEAOw==",0.0,0.0,0.2023
"‘Crash Landing on You’ review: K-drama checks all the right notes, with a lot of heart",The Hindu,"Apr 23, 2020",2020-04-23,"Currently streaming on Netflix, the Korean show is the perfect comfort watch with ... If you are a newbie to K-dramas and wondering where to dip the proverbial ...",https://www.thehindu.com/entertainment/movies/crash-landing-on-you-review-k-drama-checks-all-the-right-notes-with-a-lot-of-heart/article31415444.ece,"data:image/gif;base64,R0lGODlhAQABAIAAAP///////yH5BAEKAAEALAAAAAABAAEAAAICTAEAOw==",0.2857142857142857,0.5357142857142857,0.6369
"From K-pop idol to K-drama star, Cha Eun-woo is someone to watch",South China Morning Post,"Apr 23, 2020",2020-04-23,Cha Eun-woo became a household name thanks to his superb acting in top K-dramas such as My ID is Gangnam Beauty and Rookie Historian Hoo Hae Ryung.,https://www.scmp.com/magazines/style/celebrity/article/3081085/k-pop-idol-k-drama-star-why-cha-eun-woo-someone-watch,"data:image/gif;base64,R0lGODlhAQABAIAAAP///////yH5BAEKAAEALAAAAAABAAEAAAICTAEAOw==",0.0,0.0,0.0
10 K-Dramas online to watch for some 'money matters',koreatechdesk,"Apr 23, 2020",2020-04-23,The name itself suggests this K-Drama deals with money. It deals with the situation when the South Korean government fears repeat of the 1997 Asian financial ...,https://www.koreatechdesk.com/10-k-dramas-to-watch-for-some-money-matters/,"data:image/gif;base64,R0lGODlhAQABAIAAAP///////yH5BAEKAAEALAAAAAABAAEAAAICTAEAOw==",0.0,0.0,0.0258
How K-drama Once Again shocked viewers – forcing KBS to apologise,South China Morning Post,"Apr 22, 2020",2020-04-22,How K-drama Once Again shocked viewers – forcing KBS to apologise for its sexualised portrayal of women. Viewers were outraged by the depiction of women in ...,https://www.scmp.com/magazines/style/celebrity/article/3081084/how-k-drama-once-again-shocked-viewers-forcing-kbs,"data:image/gif;base64,R0lGODlhAQABAIAAAP///////yH5BAEKAAEALAAAAAABAAEAAAICTAEAOw==",-0.7,0.8,0.0772
"K-Drama, ONCE AGAIN, Headlined by Lee Min-jung of MS ...",AsiaOne,"Apr 22, 2020",2020-04-22,"K-Drama, ONCE AGAIN, Headlined by Lee Min-jung of MS Team, Wholly Owned by Spackman Entertainment Group's Associated Company Spackman Media ...",https://www.asiaone.com/business/k-drama-once-again-headlined-lee-min-jung-ms-team-wholly-owned-spackman-entertainment,"data:image/gif;base64,R0lGODlhAQABAIAAAP///////yH5BAEKAAEALAAAAAABAAEAAAICTAEAOw==",0.0,0.0,0.0
South Korean star Lee Min-ho returns to TV with The King ...,The Straits Times,"Apr 21, 2020",2020-04-21,The 32-year-old eventually decided on fantasy romance drama The King: Eternal Monarch. In a video call with media outlets from Singapore and the Philippines ...,https://www.straitstimes.com/lifestyle/entertainment/south-korean-star-lee-min-ho-returns-to-tv-with-the-king-eternal-monarch,"data:image/gif;base64,R0lGODlhAQABAIAAAP///////yH5BAEKAAEALAAAAAABAAEAAAICTAEAOw==",0.0,0.0,0.0
Collaboration between Korean drama and modern tea brand ...,Canada NewsWire,"Apr 20, 2020",2020-04-20,"Korean dramas always provide viewers unique viewing experiences, part of the reasons why they often collaborate and work with different brand industries.",https://www.newswire.ca/news-releases/collaboration-between-korean-drama-and-modern-tea-brand-for-the-first-time-the-king-eternal-monarch-x-the-alley-802404719.html,"data:image/gif;base64,R0lGODlhAQABAIAAAP///////yH5BAEKAAEALAAAAAABAAEAAAICTAEAOw==",0.2,0.3,0.0
"K-Drama Premiere: ""The King: Eternal Monarch"" Embarks On ...",hellokpop,"Apr 19, 2020",2020-04-19,"K-Drama Premiere: “The King: Eternal Monarch” Embarks On An Intriguing Blend Of Science Fiction, Supernatural Elements & Engaging Romance Story.",https://www.hellokpop.com/featured/k-drama-premiere-the-king-eternal-monarch/,"data:image/gif;base64,R0lGODlhAQABAIAAAP///////yH5BAEKAAEALAAAAAABAAEAAAICTAEAOw==",0.0,0.0,0.0
Netflix's 'Crash Landing on You' is more than an unrealistic ...,Duke Chronicle,"Apr 19, 2020",2020-04-19,"The romantic comedy, which achieved the second highest ratings in Korean cable ... It also leads into clichés common in K-dramas — the guy protecting the girl, ...",https://www.dukechronicle.com/article/2020/04/netflixs-crash-landing-on-you-is-more-than-an-unrealistic-romance-across-enemy-lines,"data:image/gif;base64,R0lGODlhAQABAIAAAP///////yH5BAEKAAEALAAAAAABAAEAAAICTAEAOw==",0.0,0.75,-0.4019
South Korean superstar Lee Min-ho marks comeback after military service with Netflix fantasy romance drama (VIDEO),Malay Mail,"Apr 17, 2020",2020-04-17,"South Korean superstar Lee Min-ho marks comeback after military service with Netflix fantasy romance drama (VIDEO). Friday, 17 Apr 2020 01:01 PM MYT. BY ...",https://www.malaymail.com/news/showbiz/2020/04/17/south-korean-superstar-lee-min-ho-marks-comeback-after-military-service-wit/1857597,"data:image/gif;base64,R0lGODlhAQABAIAAAP///////yH5BAEKAAEALAAAAAABAAEAAAICTAEAOw==",-0.1,0.1,0.5574
Lee Min-Ho Reigns In The Drama ‘The King: The Eternal Monarch’,Forbes,"Apr 17, 2020",2020-04-17,Travel between parallel worlds is a common theme in k-dramas—whether the action shifts from a real to a comic book world or from the past to the present.,https://www.forbes.com/sites/joanmacdonald/2020/04/17/lee-min-ho-reigns-in-the-drama-the-king-the-eternal-monarch/,"data:image/gif;base64,R0lGODlhAQABAIAAAP///////yH5BAEKAAEALAAAAAABAAEAAAICTAEAOw==",0.0,0.0,0.0
Why K-drama The World of the Married has higher ratings than Itaewon Class,South China Morning Post,"Apr 17, 2020",2020-04-17,"Why K-drama The World of the Married is getting higher ratings than Itaewon Class. The new South Korean series stars veteran actors Kim Hee-ae, Park Hae-joon ...",https://www.scmp.com/magazines/style/leisure/article/3080239/why-k-drama-world-married-getting-higher-ratings-itaewon,"data:image/gif;base64,R0lGODlhAQABAIAAAP///////yH5BAEKAAEALAAAAAABAAEAAAICTAEAOw==",0.25,0.375,0.0
I wasn't a K-drama buff ... until I saw 'Crash Landing On You',The Star Online,"Apr 17, 2020",2020-04-17,When CLOY became this year's breakout drama - it is South Korea's second highest-rated cable drama to date after Sky Castle - I hesitated watching it initially.,https://www.thestar.com.my/lifestyle/entertainment/2020/04/17/i039m-not-a-k-drama-buff--until-i-saw-039crash-landing-on-you039,"data:image/gif;base64,R0lGODlhAQABAIAAAP///////yH5BAEKAAEALAAAAAABAAEAAAICTAEAOw==",0.0,0.0,-0.4019
"Erik Matti on K-Dramas: ""Faux cinderella stories with belofied ...",Philippine Entertainment Portal,"Apr 17, 2020",2020-04-17,Director Erik Matti (left) observes that K-Dramas will spell the doom of Pinoy movies and even TV shows. PHOTO/S: Noel Orsal / Itaewon Class. 67.1K.,https://www.pep.ph/guide/tv/150838/erik-matti-k-dramas-faux-cinderella-stories-a724-20200417,"data:image/gif;base64,R0lGODlhAQABAIAAAP///////yH5BAEKAAEALAAAAAABAAEAAAICTAEAOw==",0.0,0.0,0.0
Stuck inside? All the best Netflix Korean dramas to bingewatch,Film Daily,"Apr 17, 2020",2020-04-17,"If you've heard of people talk about Korean dramas, then maybe you're looking to check those out. What K-drama to choose though? There are many to check out ...",https://filmdaily.co/news/korean-dramas-to-bingewatch/,"data:image/gif;base64,R0lGODlhAQABAIAAAP///////yH5BAEKAAEALAAAAAABAAEAAAICTAEAOw==",1.0,0.3,0.4939
17 K-Dramas To Binge Watch When You're Stuck At Home,soompi,"Apr 16, 2020",2020-04-16,"But if you've already gone through that list of K-dramas and are looking for more, here are some that you might want to check out. Warning: minor spoilers for the ...",https://www.soompi.com/article/1390939wpp/17-k-dramas-to-binge-watch-when-youre-stuck-at-home,"data:image/gif;base64,R0lGODlhAQABAIAAAP///////yH5BAEKAAEALAAAAAABAAEAAAICTAEAOw==",0.0,0.0,-0.25
Eight Korean shows on Netflix to discover during the lockdown,The Hindu,"Apr 16, 2020",2020-04-16,"Ranked among the top ten highest rated shows in Korean Drama history, this new series chronicles the trials of an ex-convict (Park Seo-Joon) who opens a bar ...",https://www.thehindu.com/entertainment/movies/eight-korean-shows-on-netflix-to-discover-during-the-lockdown/article31354836.ece,"data:image/gif;base64,R0lGODlhAQABAIAAAP///////yH5BAEKAAEALAAAAAABAAEAAAICTAEAOw==",0.0,0.0,0.0
“The King: Eternal Monarch” Cast Shares Thoughts On Their ...,soompi,"Apr 16, 2020",2020-04-16,"“The King: Eternal Monarch” is the first drama he is starring in since his discharge ... In Korea, I play Jung Tae Eul, a violent crimes detective, and in the Korean ...",https://www.soompi.com/article/1394582wpp/the-king-eternal-monarch-cast-shares-thoughts-on-their-dual-roles-chemistry-with-each-other-and-more,"data:image/gif;base64,R0lGODlhAQABAIAAAP///////yH5BAEKAAEALAAAAAABAAEAAAICTAEAOw==",0.0,0.0,0.296
Embracing the Korean drama,The Runner Online,"Apr 15, 2020",2020-04-15,"K-dramas regularly have viewers binge watching entire series at a time. Carla Alvarado, Copy Editor April 15, 2020.",https://therunneronline.com/26714/opinion/embracing-the-korean-drama/,"data:image/gif;base64,R0lGODlhAQABAIAAAP///////yH5BAEKAAEALAAAAAABAAEAAAICTAEAOw==",0.0,0.0,0.0
The 11 Best Korean Dramas on Netflix,Cinema Escapist,"Apr 15, 2020",2020-04-15,"Updated for summer 2020, this list of top Korean dramas contains selections from numerous sub-genres including romance, action, historical, and more. We chose ...",https://www.cinemaescapist.com/2020/04/best-korean-dramas-netflix/,"data:image/gif;base64,R0lGODlhAQABAIAAAP///////yH5BAEKAAEALAAAAAABAAEAAAICTAEAOw==",1.0,0.3,0.6369
"5 things to know about Lee Min-ho, star of The King: Eternal Monarch",South China Morning Post,"Apr 14, 2020",2020-04-14,"Korea's top Hallyu star has been in many K-dramas and movies, and won Best Couple with Park Shin-hye, but what else is there to know? Topic | Fame and ...",https://www.scmp.com/magazines/style/celebrity/article/3079777/5-things-know-about-lee-min-ho-star-king-eternal-monarch,"data:image/gif;base64,R0lGODlhAQABAIAAAP///////yH5BAEKAAEALAAAAAABAAEAAAICTAEAOw==",0.0,0.0,0.0
"In Hyena, a new K-drama on Netflix, all’s fair in love and law",South China Morning Post,"Apr 12, 2020",2020-04-12,"In Hyena, a new Korean legal drama on Netflix, all's fair in love and law. Starring Ju Ji-hoon and Kim Hye-soo, the show makes for an engaging trip through some ...",https://www.scmp.com/magazines/post-magazine/arts-music/article/3078994/hyena-new-korean-legal-drama-netflix-alls-fair,"data:image/gif;base64,R0lGODlhAQABAIAAAP///////yH5BAEKAAEALAAAAAABAAEAAAICTAEAOw==",0.4454545454545455,0.6515151515151515,0.7579
‘World Of The Married’ Stylishly Remakes British Series ‘Dr. Foster’ Earning Record-Breaking Ratings,Forbes,"Apr 12, 2020",2020-04-12,"The k-drama closely follows the storyline of the 2017 British series. In both dramas, the main character is a successful doctor, who happily thinks she has it all.",https://www.forbes.com/sites/joanmacdonald/2020/04/12/world-of-the-married-stylishly-remakes-british-series-dr-foster-earning-record-breaking-ratings/,"data:image/gif;base64,R0lGODlhAQABAIAAAP///////yH5BAEKAAEALAAAAAABAAEAAAICTAEAOw==",0.25,0.4166666666666667,0.0
"""The World Of The Married"" Becomes The Second Highest ...",hellokpop,"Apr 12, 2020",2020-04-12,"The sixth episode of the drama which aired on April 11, recorded viewership ... nationwide and 21.4% in Seoul Metropolitan area according to Nielsen Korea.",https://www.hellokpop.com/news/the-world-of-the-married-becomes-the-second-highest-rated-jtbc-drama/,"data:image/gif;base64,R0lGODlhAQABAIAAAP///////yH5BAEKAAEALAAAAAABAAEAAAICTAEAOw==",0.125,0.125,0.0
Netizens Are Super Upset After Finding Out That Kim Tae ...,TODAYonline,"Apr 11, 2020",2020-04-11,"Korean drama, Hi Bye Mama, which is currently showing across Asia and which stars Kim Tae Hee, has found itself mired in controversy after it was revealed ...",https://www.todayonline.com/8days/sceneandheard/entertainment/netizens-are-super-upset-after-finding-out-kim-tae-hees-onscreen,"data:image/gif;base64,R0lGODlhAQABAIAAAP///////yH5BAEKAAEALAAAAAABAAEAAAICTAEAOw==",0.3333333333333333,0.6666666666666666,0.3182
Itaewon Class: Netflix’s delightful underdog revenge drama,South China Morning Post,"Apr 9, 2020",2020-04-09,"K-drama review: Itaewon Class – Netflix's underdog revenge epic sees Park Seo-joon make amazing climb up social ladder. This tale of revenge, love and ...",https://www.scmp.com/lifestyle/entertainment/article/3078986/k-drama-review-itaewon-class-netflixs-underdog-revenge-epic,"data:image/gif;base64,R0lGODlhAQABAIAAAP///////yH5BAEKAAEALAAAAAABAAEAAAICTAEAOw==",1.0,1.0,0.1027
9 K-Dramas To Watch If You're Feeling Lonely,soompi,"Apr 7, 2020",2020-04-07,"A lot of K-dramas focus on the lives of flashy teens, who go to fancy schools and drive expensive cars. Well, “Flower Boy Next Door” flips that on its head.",https://www.soompi.com/article/1387254wpp/9-k-dramas-to-watch-if-youre-feeling-lonely,"data:image/gif;base64,R0lGODlhAQABAIAAAP///////yH5BAEKAAEALAAAAAABAAEAAAICTAEAOw==",-0.09999999999999998,0.7,-0.25
Top five Korean drama series to binge-watch on Netflix,The Indian Express,"Apr 7, 2020",2020-04-07,"If that's your opinion as well, then it's time to change that because you are missing out on some brilliant drama series from South Korea. Here are five K-dramas ...",https://indianexpress.com/article/entertainment/web-series/top-five-action-thriller-korean-dramas-to-binge-watch-on-netflix-6349994/,"data:image/gif;base64,R0lGODlhAQABAIAAAP///////yH5BAEKAAEALAAAAAABAAEAAAICTAEAOw==",0.5,0.5,0.2023
What are Shin Min-a’s best K-dramas?,South China Morning Post,"Apr 5, 2020",2020-04-05,"Shin Min-a's best K-dramas, from Chief of Staff to My Girlfriend is a Gumiho. The hallyu sweetheart stars in a Netflix Original series, and plays a nine-tailed fox, a ...",https://www.scmp.com/magazines/style/celebrity/article/3078308/shin-min-best-k-dramas-chief-staff-my-girlfriend-gumiho,"data:image/gif;base64,R0lGODlhAQABAIAAAP///////yH5BAEKAAEALAAAAAABAAEAAAICTAEAOw==",1.0,0.3,0.6369
5 things to know about South Korean romcom actress Gong Hyo-jin,South China Morning Post,"Apr 4, 2020",2020-04-04,5 things to know about Korean drama actress Gong Hyo-jin – as the 'queen of romantic comedies' turns 40. Let's look back on the life and work of one Korea's ...,https://www.scmp.com/magazines/style/celebrity/article/3078307/5-things-know-about-korean-drama-actress-gong-hyo-jin,"data:image/gif;base64,R0lGODlhAQABAIAAAP///////yH5BAEKAAEALAAAAAABAAEAAAICTAEAOw==",0.0,0.0,0.0
Finished Crash Landing on You? Watch this next,South China Morning Post,"Apr 4, 2020",2020-04-04,"New K-drama How to Buy a Friend will fill that gap. The dark, mysterious and suspense-filled Korean drama stars I.O.I's Kim So-hye, Lee Shin-young – who stole ...",https://www.scmp.com/magazines/style/celebrity/article/3078316/still-miss-crash-landing-you-new-k-drama-how-buy-friend,"data:image/gif;base64,R0lGODlhAQABAIAAAP///////yH5BAEKAAEALAAAAAABAAEAAAICTAEAOw==",0.0,0.0,-0.4019
An Introduction to K-dramas,Cherwell Online,"Apr 4, 2020",2020-04-04,"Given the popularity of Parasite, here are four K-dramas (all available on Netflix) that should definitely be on your “must watch” list. MR SUNSHINE. Don't be ...",https://cherwell.org/2020/04/04/an-introduction-to-k-dramas/,"data:image/gif;base64,R0lGODlhAQABAIAAAP///////yH5BAEKAAEALAAAAAABAAEAAAICTAEAOw==",0.0,0.0,0.0
‘When The Weather Is Fine’ will be your newest K-Drama obsession,,"Apr 4, 2020",2020-04-04,"Is there anyone out there not watching a K-drama and swooning over their favorite Oppa – whether it be Park Seo-Joon (What's Wrong With Secretary Kim?), ...",https://pop.inquirer.net/90922/when-the-weather-is-fine-will-be-your-newest-k-drama-obsession,"data:image/gif;base64,R0lGODlhAQABAIAAAP///////yH5BAEKAAEALAAAAAABAAEAAAICTAEAOw==",0.4166666666666667,0.5,-0.34
"Itaewon Class, a Korean Drama That Just Hits Different",Vulture,"Apr 2, 2020",2020-04-02,"A magical alchemy occurs when the right elements come together in a Korean drama — a balance between the beautiful and the unbelievable. Itaewon Class, a ...",https://www.vulture.com/2020/04/itaewon-class-a-korean-drama-that-just-hits-different.html,"data:image/gif;base64,R0lGODlhAQABAIAAAP///////yH5BAEKAAEALAAAAAABAAEAAAICTAEAOw==",0.0,0.6,0.0
Loved Itaewon Class? Five new K-dramas to watch out for,South China Morning Post,"Apr 2, 2020",2020-04-02,Five new K-dramas that could get you hooked. South Korean drama Itaewon Class was the most watched Netflix series in Hong Kong this week; If you love K- ...,https://www.scmp.com/lifestyle/entertainment/article/3077877/loved-netflix-favourite-itaewon-class-five-new-k-dramas,"data:image/gif;base64,R0lGODlhAQABAIAAAP///////yH5BAEKAAEALAAAAAABAAEAAAICTAEAOw==",0.41818181818181815,0.6272727272727273,0.5994
Why Older Actresses Are Often Cast With Younger Actors In Korean Dramas,Forbes,"Apr 1, 2020",2020-04-01,"Korean TV dramas often cast actresses who are older in real life than their leading men. Take the case of the drama Hyena, which stars actress Kim Hye-soo ...",https://www.forbes.com/sites/joanmacdonald/2020/04/01/why-older-actresses-are-often-cast-with-younger-actors-in-korean-dramas/,"data:image/gif;base64,R0lGODlhAQABAIAAAP///////yH5BAEKAAEALAAAAAABAAEAAAICTAEAOw==",0.08333333333333333,0.16666666666666666,0.0
