title,media,date,datetime,desc,link,img,textBlob polarity,textBlob subjectivity,vader polarity
Forget about anime production delays by streaming these ...,The Japan Times,"Apr 30, 2020",2020-04-30,"In the meantime, with their vast libraries of anime films and series, streaming services can tide us over. [The following suggestions refer to availability in Japan; ...",https://www.japantimes.co.jp/culture/2020/04/30/tv/anime-streaming-covid19/,"data:image/gif;base64,R0lGODlhAQABAIAAAP///////yH5BAEKAAEALAAAAAABAAEAAAICTAEAOw==",0.0,0.0,-0.2263
The best sports anime,Mashable,"Apr 29, 2020",2020-04-29,"Baseball is wildly popular in Japan, and there are dozens of anime series focused on the game. One of the most robust and watchable is Ace of Diamond. Pitcher ...",https://mashable.com/article/the-best-sports-anime/,"data:image/gif;base64,R0lGODlhAQABAIAAAP///////yH5BAEKAAEALAAAAAABAAEAAAICTAEAOw==",1.0,0.3,0.6369
Watch Anime Movies Like YOUR NAME in a VR Movie Theater,Nerdist,"Apr 28, 2020",2020-04-28,"Though we can't actually go to the movies right now, Funimation and BigScreen have come together to deliver a series of amazing anime movies that you can ...",https://nerdist.com/article/watch-anime-movies-vr-theater-your-name/,"data:image/gif;base64,R0lGODlhAQABAIAAAP///////yH5BAEKAAEALAAAAAABAAEAAAICTAEAOw==",0.0,0.0,0.3612
Watch the trailer for Crunchyroll’s new anime The God of High School,Polygon,"Apr 28, 2020",2020-04-28,"In February, the anime streaming service Crunchyroll announced it would be debuting a slate of “Crunchyroll Originals,” new anime series produced or ...",https://www.polygon.com/2020/4/28/21239812/god-of-high-school-trailer-crunchyroll-original-anime,"data:image/gif;base64,R0lGODlhAQABAIAAAP///////yH5BAEKAAEALAAAAAABAAEAAAICTAEAOw==",0.1481818181818182,0.4972727272727272,0.2732
Here Are All the Anime Affected by the Coronavirus Pandemic,Comicbook.com,"Apr 27, 2020",2020-04-27,"This ranges from anime that were set to premiere during the Spring 2020 anime season such as Re:Zero -Starting Life in Another World- Season 2, to anime that ...",https://comicbook.com/anime/news/anime-delays-coronavirus-pandemic/,"data:image/gif;base64,R0lGODlhAQABAIAAAP///////yH5BAEKAAEALAAAAAABAAEAAAICTAEAOw==",0.0,0.0,-0.1531
My Hero Academia: 5 Reasons Why You Should Read The Manga (& 5 Reasons Why You Can Just Watch The Anime Instead),CBR,"Apr 27, 2020",2020-04-27,"While anime has plenty of artistic opportunities within its own right, production standards and strict schedules often require the staff to streamline their artistic skills.",https://www.cbr.com/my-hero-academia-anime-manga-pros-cons-comparison/,"data:image/gif;base64,R0lGODlhAQABAIAAAP///////yH5BAEKAAEALAAAAAABAAEAAAICTAEAOw==",0.0,0.0,0.5574
Kaguya-Sama Love Is War: 5 Reasons Why You Should Read The Manga (& 5 Reasons Why You Can Just Watch The Anime Instead),CBR,"Apr 27, 2020",2020-04-27,"9 Anime: Major Plot Points. As mentioned above, though the order of the storytelling ...",https://www.cbr.com/kaguya-sama-love-is-war-anime-vs-manga/,"data:image/gif;base64,R0lGODlhAQABAIAAAP///////yH5BAEKAAEALAAAAAABAAEAAAICTAEAOw==",0.5,0.6,0.0772
8 Soothing Anime To Help You Relax In Quarantine,Forbes,"Apr 27, 2020",2020-04-27,"Fortunately, there's an entire genre of anime for that. Iyashikei, which literally means “healing” in English, refers to a subset of shows designed to have a soothing ...",https://www.forbes.com/sites/laurenorsini/2020/04/27/8-soothing-anime-to-help-you-relax-in-quarantine/,"data:image/gif;base64,R0lGODlhAQABAIAAAP///////yH5BAEKAAEALAAAAAABAAEAAAICTAEAOw==",0.0,0.0,0.7845
One PIece: 5 Reasons Why You Should Read The Manga (& 5 Reasons Why You Can Just Watch The Anime Instead),CBR,"Apr 26, 2020",2020-04-26,10 Anime: Animation. One of the more obvious reasons as to one should at ...,https://www.cbr.com/one-piece-read-manga-or-watch-anime/,"data:image/gif;base64,R0lGODlhAQABAIAAAP///////yH5BAEKAAEALAAAAAABAAEAAAICTAEAOw==",0.0,0.0,0.0
Black Clover: 5 Reasons Why You Should Read The Manga (& 5 Reasons Why You Can Just Watch The Anime Instead),CBR,"Apr 26, 2020",2020-04-26,"Many anime take creative liberties when adapting the stories in manga, which makes sense since it can be hard to achieve the same pacing or focus in an ...",https://www.cbr.com/black-clover-anime-manga-read-vs-watch-comparison/,"data:image/gif;base64,R0lGODlhAQABAIAAAP///////yH5BAEKAAEALAAAAAABAAEAAAICTAEAOw==",-0.16666666666666666,0.43333333333333335,0.0
Attack On Titan: 10 Things That Make No Sense About The Anime,CBR,"Apr 25, 2020",2020-04-25,"Having said that, the anime isn't without its logical flaws. This article lists 10 such flaws and also includes minor manga spoilers as well. 10 The Female Titans.",https://www.cbr.com/attack-on-titan-confusing-moments/,"data:image/gif;base64,R0lGODlhAQABAIAAAP///////yH5BAEKAAEALAAAAAABAAEAAAICTAEAOw==",0.0,0.0,-0.6486
Ghost in the Shell: SAC_2045 review: Netflix’s new anime is a thin sequel,Polygon,"Apr 24, 2020",2020-04-24,Anime. Ghost in the Shell: SAC_2045 is an action-heavy sequel to a once-thoughtful anime. The Netflix series picks up after ...,https://www.polygon.com/2020/4/24/21234779/ghost-in-the-shell-sac-2045-review-netflix,"data:image/gif;base64,R0lGODlhAQABAIAAAP///////yH5BAEKAAEALAAAAAABAAEAAAICTAEAOw==",-0.13181818181818183,0.6522727272727273,-0.3182
Anime Festival Asia to hold online event for Japanese pop culture enthusiasts - The Jakarta Post,Jakarta Post,"Apr 24, 2020",2020-04-24,The annual Japanese pop culture event Anime Festival Asia (AFA) is set to hold an online event following the COVID-19 pandemic that has forced numerous ...,https://www.thejakartapost.com/life/2020/04/24/anime-festival-asia-to-hold-online-event-for-japanese-pop-culture-enthusiasts.html,"data:image/gif;base64,R0lGODlhAQABAIAAAP///////yH5BAEKAAEALAAAAAABAAEAAAICTAEAOw==",0.0,0.0,0.6808
Sailor Moon anime from the '90s now available for free on ...,Time Out,"Apr 24, 2020",2020-04-24,"The anime adaption of Naoko Takeuchi's manga 'Pretty Soldier Sailor Moon' premiered in 1992, and no other magical girl anime series released over the 28 ...",https://www.timeout.com/tokyo/news/sailor-moon-anime-from-the-90s-now-available-for-free-on-youtube-042420,"data:image/gif;base64,R0lGODlhAQABAIAAAP///////yH5BAEKAAEALAAAAAABAAEAAAICTAEAOw==",0.4,0.6000000000000001,0.5106
"Pokémon anime’s new season coming to Netflix in US, watch the trailer",Polygon,"Apr 23, 2020",2020-04-23,"Netflix is adding the latest season of the Pokémon anime, known outside Japan as Pokémon Journeys: The Series, to its lineup in June thanks to a collaboration ...",https://www.polygon.com/2020/4/23/21232714/pokemon-anime-netflix-release-date-trailer,"data:image/gif;base64,R0lGODlhAQABAIAAAP///////yH5BAEKAAEALAAAAAABAAEAAAICTAEAOw==",0.13636363636363635,0.45454545454545453,0.0
"'Pokémon Journeys,' the New Season of the Pokémon Anime, Is Coming to Netflix in June",Newsweek,"Apr 23, 2020",2020-04-23,"Pokémon Journeys, the 23rd season of the popular anime, will continue the adventures of Ash Ketchum and Pikachu as they meet new trainers, new Pokémon ...",https://www.newsweek.com/pokemon-journeys-anime-dubbed-netflix-release-date-trailer-goh-1499840,"data:image/gif;base64,R0lGODlhAQABAIAAAP///////yH5BAEKAAEALAAAAAABAAEAAAICTAEAOw==",0.13636363636363635,0.45454545454545453,0.0
Here's When And How You Can Watch The New Pokémon ...,Nintendo Life,"Apr 23, 2020",2020-04-23,"The new series of the Pokémon anime currently airing in Japan has been treated to its very first western trailer, alongside the news that it'll be heading to both ...",https://www.nintendolife.com/news/2020/04/heres_when_and_how_you_can_watch_the_new_pokemon_journeys_anime_series_in_the_us_and_uk,"data:image/gif;base64,R0lGODlhAQABAIAAAP///////yH5BAEKAAEALAAAAAABAAEAAAICTAEAOw==",0.13636363636363635,0.45454545454545453,0.0
Anime series ‘One Punch Man’ gets a live-action adaptation in Hollywood,,"Apr 23, 2020",2020-04-23,The transition from animated shows to live-action movies has always been an interesting concept. But replicating anime characters with real-life actors to ...,https://pop.inquirer.net/92388/anime-series-one-punch-man-gets-a-live-action-adaptation-in-hollywood,"data:image/gif;base64,R0lGODlhAQABAIAAAP///////yH5BAEKAAEALAAAAAABAAEAAAICTAEAOw==",0.0,0.0,0.0
One Piece Anime Arrives 12 June On Netflix With First 130 ...,Geek Culture,"Apr 23, 2020",2020-04-23,"As for what story arcs fans can expect to see when the anime, hits Netflix, it will be featuring the first two sagas: East Blue and Alabasta. Just to give newcomers ...",https://geekculture.co/one-piece-anime-arrives-12-june-on-netflix-with-first-130-episodes/,"data:image/gif;base64,R0lGODlhAQABAIAAAP///////yH5BAEKAAEALAAAAAABAAEAAAICTAEAOw==",0.25,0.3333333333333333,0.0
10 Anime You'll Like If You Enjoyed Attack On Titan | CBR,CBR,"Apr 23, 2020",2020-04-23,"Attack of Titan took the world of anime fans by storm from the very moment it first aired. Not only did it create a massive fan base in Japan, but it created a cult-like ...",https://www.cbr.com/attack-titan-similar-anime/,"data:image/gif;base64,R0lGODlhAQABAIAAAP///////yH5BAEKAAEALAAAAAABAAEAAAICTAEAOw==",0.5,0.7,0.4019
Best free anime and video game backgrounds for your video ...,Time Out,"Apr 22, 2020",2020-04-22,"Best free anime and video game backgrounds for your video calls. You can now add Super Mario, Pokémon and Godzilla images to all your video calls and ...",https://www.timeout.com/tokyo/things-to-do/best-free-anime-and-video-game-backgrounds-for-your-video-calls,"data:image/gif;base64,R0lGODlhAQABAIAAAP///////yH5BAEKAAEALAAAAAABAAEAAAICTAEAOw==",0.3333333333333333,0.5,0.8176
10 Thrilling Action Anime Series To Stream,Nerdist,"Apr 22, 2020",2020-04-22,"With that in mind, here are 10 action anime series you can stream online right now. Code Geass: Lelouch of the Rebellion ...",https://nerdist.com/article/action-anime-series-streaming/,"data:image/gif;base64,R0lGODlhAQABAIAAAP///////yH5BAEKAAEALAAAAAABAAEAAAICTAEAOw==",0.175,0.55,0.4767
"'Pokémon,' 'One Piece,' And More Anime Delayed Due To Coronavirus",Forbes,"Apr 21, 2020",2020-04-21,"Unfortunately, anime production is one of them. As animators and voice actors alike do their part to flatten the COVID-19 curve, a handful of anime series that ...",https://www.forbes.com/sites/laurenorsini/2020/04/21/pokmon-one-piece-and-more-anime-delayed-due-to-coronavirus/,"data:image/gif;base64,R0lGODlhAQABAIAAAP///////yH5BAEKAAEALAAAAAABAAEAAAICTAEAOw==",0.1875,0.4375,-0.2911
"Anime Delays and Suspensions: 'One Piece,' 'Digimon Adventure,' 'Boruto' & More",HYPEBEAST,"Apr 21, 2020",2020-04-21,"Anime Delays and Suspensions: 'One Piece,' 'Digimon Adventure,' 'Boruto' & More. Amid Japan declaring a state of emergency due to the coronavirus.",https://hypebeast.com/2020/4/anime-delays-suspensions-coronavirus-info,"data:image/gif;base64,R0lGODlhAQABAIAAAP///////yH5BAEKAAEALAAAAAABAAEAAAICTAEAOw==",0.5,0.5,0.3182
One Piece and My Hero Academia among the anime series delayed by coronavirus,Polygon,"Apr 20, 2020",2020-04-20,"The anime industry is also seeing significant changes, as new episodes of running series, SimulDubs, and movies are delayed. The latest series to be hit with ...",https://www.polygon.com/2020/4/20/21227882/one-piece-digimon-adventure-my-hero-academia-pokemon-anime-delays-coronavirus,"data:image/gif;base64,R0lGODlhAQABAIAAAP///////yH5BAEKAAEALAAAAAABAAEAAAICTAEAOw==",0.0,0.0,0.4019
ANIME NEWS: 'Ghost in the Shell: SAC_2045' to premiere ...,Asahi Shimbun,"Apr 19, 2020",2020-04-19,ANIME NEWS: 'Ghost in the Shell: SAC_2045' to premiere April 23 on Netflix. Translated by The Asahi Shimbun from the website of Anime Anime Japan Ltd. April ...,http://www.asahi.com/ajw/articles/13281777,"data:image/gif;base64,R0lGODlhAQABAIAAAP///////yH5BAEKAAEALAAAAAABAAEAAAICTAEAOw==",0.0,0.0,-0.3182
ANIME NEWS: 7th New Chitose Airport film fest to run Nov. 20 ...,Asahi Shimbun,"Apr 18, 2020",2020-04-18,"20-23 in Hokkaido. Translated by The Asahi Shimbun from the website of Anime Anime Japan Ltd. April 18, 2020 at 07:00 JST.",http://www.asahi.com/ajw/articles/13280945,"data:image/gif;base64,R0lGODlhAQABAIAAAP///////yH5BAEKAAEALAAAAAABAAEAAAICTAEAOw==",0.13636363636363635,0.45454545454545453,0.0
10 Anime To Watch If You Love Overlord | CBR,CBR,"Apr 16, 2020",2020-04-16,"Overlord is one of many anime series involving MMORPG worlds. Here are 10 similar animes to enjoy after watching Overlord. By Brianna Albert Apr 16, 2020.",https://www.cbr.com/anime-overlord-watch-one-punch-man-sword-art-online-log-horizon/,"data:image/gif;base64,R0lGODlhAQABAIAAAP///////yH5BAEKAAEALAAAAAABAAEAAAICTAEAOw==",0.5,0.6,0.6369
Voice Actor Keiji Fujiwara Passes Away at 55 Due to Cancer,Anime News Network,"Apr 16, 2020",2020-04-16,"... Maes Hughes in Fullmetal Alchemist , Leorio in the 2011 Hunter × Hunter anime, Axel in Kingdom Hearts , Ardyn in Final Fantasy XV , Reno in Final Fantasy ...",https://www.animenewsnetwork.com/news/2020-04-16/voice-actor-keiji-fujiwara-passes-away-at-55-due-to-cancer/.158649,"data:image/gif;base64,R0lGODlhAQABAIAAAP///////yH5BAEKAAEALAAAAAABAAEAAAICTAEAOw==",-0.125,0.375,-0.6597
Here's the Anime Megan Thee Stallion Is Watching Today,Comicbook.com,"Apr 16, 2020",2020-04-16,"Black Butler and Blood Lad are two other anime series that Megan notes she is currently blazing through, showing that the singer/songwriter has a good mix of ...",https://comicbook.com/anime/news/megan-thee-stallion-what-anime-is-she-watching-today/,"data:image/gif;base64,R0lGODlhAQABAIAAAP///////yH5BAEKAAEALAAAAAABAAEAAAICTAEAOw==",0.0,0.0,0.0
Unsupervised Image-to-Image Translation Turns Selfies Into Anime Characters,Synced,"Apr 16, 2020",2020-04-16,"Although the site can also generate male anime results, as the name suggests the system generally performs better on female selfies. Selfie 2 waifu. Official ...",https://syncedreview.com/2020/04/16/unsupervised-image-to-image-translation-turns-selfies-into-anime-characters/,"data:image/gif;base64,R0lGODlhAQABAIAAAP///////yH5BAEKAAEALAAAAAABAAEAAAICTAEAOw==",0.0,0.0,0.0
Ever Wished For A Star Wars Anime? Episode 1 Has Arrived (Sort Of) And Its Perfect,Geek Culture,"Apr 15, 2020",2020-04-15,"Everything is more awesome as an anime. And this fan re-edit is a testament to that. According to ScoundrelMedia, this is episode 1 out of 4. Fans of anime and ...",https://geekculture.co/ever-wished-for-a-star-wars-anime-episode-1-has-arrived-and-its-perfect/,"data:image/gif;base64,R0lGODlhAQABAIAAAP///////yH5BAEKAAEALAAAAAABAAEAAAICTAEAOw==",1.0,1.0,0.0258
"Bored of Netflix, Amazon Prime, Hotstar? Time to dive into the world of Anime",The Indian Express,"Apr 14, 2020",2020-04-14,Most of the anime shows are based on manga (Japanese comic) drawn by artists with each of them having their own distinct style of character designs. Each ...,https://indianexpress.com/article/technology/techook/when-where-watch-anime-shows-netflix-amazon-prime-hotstar-lockdown-6359317/,"data:image/gif;base64,R0lGODlhAQABAIAAAP///////yH5BAEKAAEALAAAAAABAAEAAAICTAEAOw==",-0.5,1.0,-0.1027
"Demon Slayer: The 10 Best Fights In The Anime So Far, Ranked",CBR,"Apr 14, 2020",2020-04-14,There are plenty of elements of Demon Slayer that make it so popular -- from its stunning animation to its compelling cast of characters -- but the anime's fight ...,https://www.cbr.com/demon-slayer-best-fights-anime-so-far-ranked/,"data:image/gif;base64,R0lGODlhAQABAIAAAP///////yH5BAEKAAEALAAAAAABAAEAAAICTAEAOw==",0.55,0.65,0.3612
My Hero Academia: 5 Reasons Why You Should Watch The Anime (& 5 Reasons To Just Read The Manga Instead),CBR,"Apr 14, 2020",2020-04-14,10 THE ANIME IS COMPLETELY FAITHFUL TO THE MANGA. One of the reasons that many fans of different anime follow ...,https://www.cbr.com/my-hero-academia-anime-vs-manga-comparison/,"data:image/gif;base64,R0lGODlhAQABAIAAAP///////yH5BAEKAAEALAAAAAABAAEAAAICTAEAOw==",0.0,0.0,0.5574
7 Great Anime To Check Out This Spring,Forbes,"Apr 14, 2020",2020-04-14,"Aside from sequels like Kaguya-sama: Love Is War and Fruits Basket Season 2, this spring 2020 anime season also contains a handful of intriguing new original ...",https://www.forbes.com/sites/laurenorsini/2020/04/14/7-great-anime-to-check-out-this-spring/,"data:image/gif;base64,R0lGODlhAQABAIAAAP///////yH5BAEKAAEALAAAAAABAAEAAAICTAEAOw==",0.8,0.75,0.6249
Food Wars Season 5 Differs from the Manga - and That's a Good Thing,CBR,"Apr 14, 2020",2020-04-14,"anime is trimming the fat of the source manga in aggressive ways. By Louis Kemner Apr 14, 2020.",https://www.cbr.com/food-wars-season-5-anime-vs-manga/,"data:image/gif;base64,R0lGODlhAQABAIAAAP///////yH5BAEKAAEALAAAAAABAAEAAAICTAEAOw==",0.7,0.6000000000000001,-0.1779
Kaguya-Sama: Love Is War - 10 Things You Didn't Know About The Anime,CBR,"Apr 13, 2020",2020-04-13,"While most anime simply treat miscommunication and teenage awkwardness as an obstacle, academic elites Shirogane Miyuki and Kaguya Shinomiya use it as a ...",https://www.cbr.com/kaguya-sama-love-is-war-anime-hidden-secrets-details/,"data:image/gif;base64,R0lGODlhAQABAIAAAP///////yH5BAEKAAEALAAAAAABAAEAAAICTAEAOw==",0.5,0.6,0.0772
4 best anime series with tons of episodes that are worth the time,Polygon,"Apr 10, 2020",2020-04-10,"The reason most TV anime runs for 13 episodes— or something close to that, or a multiple thereof— is that Japanese TV seasons run for 13 weeks.",https://www.polygon.com/2020/4/10/21215603/best-anime-series-long-binge-watch,"data:image/gif;base64,R0lGODlhAQABAIAAAP///////yH5BAEKAAEALAAAAAABAAEAAAICTAEAOw==",0.65,0.2,0.7269
Demon Slayer: Infinity Train trailer: anime movie has demons & release date,Polygon,"Apr 10, 2020",2020-04-10,Anime · Entertainment · Animation. The trailer for Demon Slayer: Infinity Train teases demons and a release date.,https://www.polygon.com/2020/4/10/21214190/demon-slayer-infinity-train-new-movie-trailer-release-date,"data:image/gif;base64,R0lGODlhAQABAIAAAP///////yH5BAEKAAEALAAAAAABAAEAAAICTAEAOw==",0.0,0.0,0.0
8 Best Anime TV Series On Netflix,Glamour UK,"Apr 7, 2020",2020-04-07,"Anime is having a moment in the UK, and that is largely down to the genre's increasing availability on streaming platforms. Since February, Netflix has added a ...",https://www.glamourmagazine.co.uk/gallery/best-anime-series-netflix,"data:image/gif;base64,R0lGODlhAQABAIAAAP///////yH5BAEKAAEALAAAAAABAAEAAAICTAEAOw==",1.0,0.3,0.6369
Japan's starving anime artists get hand from Chinese producers,Nikkei Asian Review,"Apr 5, 2020",2020-04-05,"It looks like a typical anime studio in Japan. But this is Colored Pencil Animation Japan, the local unit of the Chinese studio partly owned by China Literature, a ...",https://asia.nikkei.com/Business/Media-Entertainment/Japan-s-starving-anime-artists-get-hand-from-Chinese-producers,"data:image/gif;base64,R0lGODlhAQABAIAAAP///////yH5BAEKAAEALAAAAAABAAEAAAICTAEAOw==",0.0,0.0,0.1027
10 Anime From 2020 That Were Delayed Due To The Coronavirus Pandemic (& When You Can Watch Them Later),CBR,"Apr 5, 2020",2020-04-05,"The COVID-19 pandemic has affected everyone, including anime and their fans. Here's 10 animes that were delayed because of the Coronavirus! By Brianna ...",https://www.cbr.com/delayed-anime-2020-coronavirus/,"data:image/gif;base64,R0lGODlhAQABAIAAAP///////yH5BAEKAAEALAAAAAABAAEAAAICTAEAOw==",-0.0625,0.1875,-0.2263
Demon Slayer: 10 Inosuke Cosplays That Are Just Like the Anime,CBR,"Apr 5, 2020",2020-04-05,"The Shonen anime genre is alive and well, and even with two members of the ""Big Three"" now concluded, Shonen fans have a lot to watch. One of the hottest ...",https://www.cbr.com/demon-slayer-inosuke-anime-cosplay/,"data:image/gif;base64,R0lGODlhAQABAIAAAP///////yH5BAEKAAEALAAAAAABAAEAAAICTAEAOw==",0.0,0.0,0.3612
Boruto Anime Now Has 2 Versions Of The Same Character,Screen Rant,"Apr 4, 2020",2020-04-04,"The Boruto anime's early filler episodes introduced Denki, who bears a striking resemblance to Tento from the manga. Are they the same character? By Craig Elvy ...",https://screenrant.com/boruto-anime-denki-tento-same-character-filler/,"data:image/gif;base64,R0lGODlhAQABAIAAAP///////yH5BAEKAAEALAAAAAABAAEAAAICTAEAOw==",0.0,0.125,0.0
ANIME NEWS: Second season of 'Fruits Basket' to start on April 6; clip released : The Asahi Shimbun,Asahi Shimbun,"Apr 4, 2020",2020-04-04,ANIME NEWS: Second season of 'Fruits Basket' to start on April 6; clip released. Translated by The Asahi Shimbun from the website of Anime Anime Japan Ltd.,http://www.asahi.com/ajw/articles/13235754,"data:image/gif;base64,R0lGODlhAQABAIAAAP///////yH5BAEKAAEALAAAAAABAAEAAAICTAEAOw==",0.0,0.0,0.0
The Best New Anime of Spring 2020,Nerdist,"Apr 3, 2020",2020-04-03,"Well, good news: there is a metric ton of awesome new anime series coming out this month to keep you company as we continue to flatten the curve of COVID-19. I ...",https://nerdist.com/article/best-spring-anime-2020-tower-of-god-listeners-bna/,"data:image/gif;base64,R0lGODlhAQABAIAAAP///////yH5BAEKAAEALAAAAAABAAEAAAICTAEAOw==",0.5681818181818181,0.37727272727272726,0.6369
"Eyes on, brain off: Action defines anime",,"Apr 3, 2020",2020-04-03,The film is an anime (Japanese animation) called Altered Carbon: Resleeved. And wow is it a trip. Making an anime of an already-established series can work out ...,https://www.arkansasonline.com/news/2020/apr/03/eyes-on-brain-off-action-defines-anime-/?entertainment-movies,"data:image/gif;base64,R0lGODlhAQABAIAAAP///////yH5BAEKAAEALAAAAAABAAEAAAICTAEAOw==",0.1,0.1,0.0
The 10 Best Anime On Netflix,Cinema Escapist,"Apr 1, 2020",2020-04-01,"Netflix has invested heavily in international content over the past years. Anime is no exception to this trend. Today, there are numerous Japanese anime shows ...",https://www.cinemaescapist.com/2020/04/best-anime-netflix/,"data:image/gif;base64,R0lGODlhAQABAIAAAP///////yH5BAEKAAEALAAAAAABAAEAAAICTAEAOw==",1.0,0.3,0.6369
'Tower Of God' Puts Battle Anime Tropes To The Test,Forbes,"Apr 1, 2020",2020-04-01,'Tower of God' is Crunchyroll's first anime based on a South Korean webtoon. Crunchyroll. Test arcs are a staple of the shonen battle anime genre. In Hunter x ...,https://www.forbes.com/sites/laurenorsini/2020/04/01/tower-of-god-puts-battle-anime-tropes-to-the-test/,"data:image/gif;base64,R0lGODlhAQABAIAAAP///////yH5BAEKAAEALAAAAAABAAEAAAICTAEAOw==",0.0,0.0,-0.128
