title,media,date,datetime,desc,link,img,textBlob polarity,textBlob subjectivity,vader polarity
Demon Slayer Future Updates: Upcoming Kimetsu no Yaiba Manga & Anime,Screen Rant,"May 30, 2020",2020-05-30,"The Japanese anime film will be a direct sequel to the 2019 anime series which finished its first season on September 28, 2019 (in Japan) and May 2, 2020 (in the ...",https://screenrant.com/demon-slayer-future-updates-kimetsu-no-yaiba-manga-and-anime/,"data:image/gif;base64,R0lGODlhAQABAIAAAP///////yH5BAEKAAEALAAAAAABAAEAAAICTAEAOw==",0.0,0.125,-0.296
Naruto: 10 Ways The Anime Has Changed Over The Years | CBR,CBR,"May 30, 2020",2020-05-30,"Everything flows far better, from the way the characters move to the fight scenes. That's continued into Boruto for the most part, the anime being great to look at, ...",https://www.cbr.com/naruto-anime-changes-years/,"data:image/gif;base64,R0lGODlhAQABAIAAAP///////yH5BAEKAAEALAAAAAABAAEAAAICTAEAOw==",0.0,0.0,0.0
Attack On Titan Season 4 Trailer Reveals The Anime's Final Storyline,Screen Rant,"May 29, 2020",2020-05-29,The anime concluded its third season last year. Attack on Titan follows a boy named Eren Yeager. The setting is a world seemingly ravaged by giant beings called ...,https://screenrant.com/attack-titan-season-4-trailer-story-details/,"data:image/gif;base64,R0lGODlhAQABAIAAAP///////yH5BAEKAAEALAAAAAABAAEAAAICTAEAOw==",0.0,1.0,-0.4767
Upcoming Netflix Anime Film 'A Whisker Away' Features Voice Of Demon Slayer Star,Geek Culture,"May 29, 2020",2020-05-29,"Anime fans and cat lovers will soon have something new to catch on Netflix with the release of A Whisker Away on 18 June 2020. Produced by Studio Colorido, ...",https://geekculture.co/upcoming-netflix-anime-film-a-whisker-away-features-voice-of-demon-slayer-star/,"data:image/gif;base64,R0lGODlhAQABAIAAAP///////yH5BAEKAAEALAAAAAABAAEAAAICTAEAOw==",0.0,0.0,0.0
Japan Sinks: 2020 Is My Most Anticipated Anime Of This Summer,Kotaku,"May 29, 2020",2020-05-29,The anime is based on the best-selling 1973 disaster novel of the same name in which strong earthquakes cause Japan to sink into the ocean. The sudden way ...,https://kotaku.com/japan-sinks-2020-is-my-most-anticipated-tv-anime-of-th-1843748072,"data:image/gif;base64,R0lGODlhAQABAIAAAP///////yH5BAEKAAEALAAAAAABAAEAAAICTAEAOw==",0.2,0.25,0.0
Disha Patani loves these Anime characters apart from Goku; check her posts,Republic World,"May 29, 2020",2020-05-29,"The actor, who also likes the character 'Goku', posted two snaps from an Anime series called 'Naruto Shipudden' on her Instagram story with heart eyes emoji. In ...",https://www.republicworld.com/entertainment-news/bollywood-news/disha-patani-loves-anime-character-apart-from-goku.html,"data:image/gif;base64,R0lGODlhAQABAIAAAP///////yH5BAEKAAEALAAAAAABAAEAAAICTAEAOw==",0.0,0.0,0.5719
Cowboy Bebop: 5 Anime Characters That Spike Spiegel Can Beat (& 5 He Has No Chance Against),CBR,"May 29, 2020",2020-05-29,"If Spike Spiegel from Cowboy Bebop was pitted against various anime characters in a fight, who would he come out on top against? By Richie Nguyen May 29, ...",https://www.cbr.com/cowboy-bebop-anime-characters-spike-spiegel-fight/,"data:image/gif;base64,R0lGODlhAQABAIAAAP///////yH5BAEKAAEALAAAAAABAAEAAAICTAEAOw==",0.0,0.0,-0.1877
Suspect Is Arrested in Kyoto Anime Studio Fire That Killed 36,The New York Times,"May 28, 2020",2020-05-28,"The July 18 attack on Kyoto Animation, a famed anime studio that produced popular “slice of life” shows and movies, shocked Japan for its targeting of a symbol of ...",https://www.nytimes.com/2020/05/27/world/asia/japan-anime-studio-fire-arrest.html,"data:image/gif;base64,R0lGODlhAQABAIAAAP///////yH5BAEKAAEALAAAAAABAAEAAAICTAEAOw==",-0.2,0.0,-0.9042
'Seven Deadly Sins' Is The Anime You Didn't Know You Wanted to Watch,Grit Daily,"May 28, 2020",2020-05-28,"The 'Seven Deadly Sins,' anime is one you didn't know you needed to watch, until now. The first three seasons are available to stream on Netflix. What makes ...",https://gritdaily.com/seven-deadly-sins-is-the-anime-you-didnt-know-you-wanted-to-watch/,"data:image/gif;base64,R0lGODlhAQABAIAAAP///////yH5BAEKAAEALAAAAAABAAEAAAICTAEAOw==",-0.2,0.4,-0.4588
Oppo's Evangelion phone is surprisingly faithful to the anime,Engadget,"May 28, 2020",2020-05-28,"... and with 2020 marking the 25th anniversary of the anime (not to mention the upcoming movie Evangelion: 3.0+1.0 Thrice Upon a Time), there was bound to ...",https://www.engadget.com/oppo-reno-ace2-eva-limited-edition-171522769.html,"data:image/gif;base64,R0lGODlhAQABAIAAAP///////yH5BAEKAAEALAAAAAABAAEAAAICTAEAOw==",0.7,0.5,0.6249
"The 10 Greatest Anime Films Of All Time, According To IMDb",Screen Rant,"May 28, 2020",2020-05-28,"This anime has deep characters who explore real-world realities, such as excessive military power, making the production a key Japanese animated film. The ...",https://screenrant.com/greatest-anime-films-of-all-time-according-to-imdb/,"data:image/gif;base64,R0lGODlhAQABAIAAAP///////yH5BAEKAAEALAAAAAABAAEAAAICTAEAOw==",1.0,1.0,0.6369
Kyoto Animation rebuilds after deadly 2019 arson attack,Nikkei Asian Review,"May 27, 2020",2020-05-27,"The Japanese studio, affectionately known as ""KyoAni,"" has long been a fixture in the anime world and is known internationally for its richly detailed slice-of-life ...",https://asia.nikkei.com/Business/Media-Entertainment/Kyoto-Animation-rebuilds-after-deadly-2019-arson-attack,"data:image/gif;base64,R0lGODlhAQABAIAAAP///////yH5BAEKAAEALAAAAAABAAEAAAICTAEAOw==",-0.2,0.4,-0.4767
Japan police arrest man in Kyoto anime arson that killed 36,Taiwan News,"May 27, 2020",2020-05-27,TOKYO (AP) — Japanese police on Wednesday arrested a suspect in the deadly arson at a Kyoto anime studio last year after he recovered enough from his ...,https://www.taiwannews.com.tw/en/news/3940736,"data:image/gif;base64,R0lGODlhAQABAIAAAP///////yH5BAEKAAEALAAAAAABAAEAAAICTAEAOw==",-0.125,0.0,-0.7845
The Society For The Promotion Of Japanese Animation ...,PRNewswire,"May 27, 2020",2020-05-27,"Anime Expo Lite will feature content from industry partners such as Bushiroad, Crunchyroll, Pony Canyon, VIZ, and more! More exclusive content will be ...",https://www.prnewswire.com/news-releases/the-society-for-the-promotion-of-japanese-animation-announces-first-ever-anime-expo-lite---a-virtual-japanese-pop-culture-event-301066366.html,"data:image/gif;base64,R0lGODlhAQABAIAAAP///////yH5BAEKAAEALAAAAAABAAEAAAICTAEAOw==",0.0,0.0,0.0
Is Anime Expo 2020 Teasing A New Announcement For The ...,Nintendo Life,"May 27, 2020",2020-05-27,"If you like all things related to anime, on the 3rd and 4th of July, you'll be able to tune into a free Anime Expo 'Lite' livestream event. So, what'll be on show?",https://www.nintendolife.com/news/2020/05/is_anime_expo_2020_teasing_a_new_announcement_for_the_world_ends_with_you,"data:image/gif;base64,R0lGODlhAQABAIAAAP///////yH5BAEKAAEALAAAAAABAAEAAAICTAEAOw==",0.13636363636363635,0.45454545454545453,-0.0772
Anime Expo Lite Teasing The World Ends With You News?,The Outerhaven,"May 27, 2020",2020-05-27,"We say “Yet” because Anime Expo revealed on Twitter that they're still going to do their thing digitally in July, and to celebrate, they showed off some ...",https://www.theouterhaven.net/2020/05/anime-expo-lite-teasing-the-world-ends-with-you-news/,"data:image/gif;base64,R0lGODlhAQABAIAAAP///////yH5BAEKAAEALAAAAAABAAEAAAICTAEAOw==",0.0,0.0,-0.0772
Death Note: 5 Funniest Moments in the Anime (& 5 Darkest),Screen Rant,"May 27, 2020",2020-05-27,Death Note: 5 Funniest Moments in the Anime (& 5 Darkest) · 10 Funny - A World Without Light · 9 Dark - Rem Kills L and Watari · 8 Funny - The Potato Chip Scene.,https://screenrant.com/death-note-funniest-darkest-moments/,"data:image/gif;base64,R0lGODlhAQABAIAAAP///////yH5BAEKAAEALAAAAAABAAEAAAICTAEAOw==",0.0,0.0,-0.5423
"Attack On Titan: The 10 Most Shocking Deaths In The Series, Ranked",CBR,"May 27, 2020",2020-05-27,"Instead of starting some lesser anime to sate those needs, relive the ten most surprising deaths to ever occur in the wonderful series. Warning: TV Series and ...",https://www.cbr.com/attack-on-titan-shocking-deaths/,"data:image/gif;base64,R0lGODlhAQABAIAAAP///////yH5BAEKAAEALAAAAAABAAEAAAICTAEAOw==",-0.25,0.75,-0.7264
Attack on Titan Reportedly Delaying Season 4,Comicbook.com,"May 26, 2020",2020-05-26,"Following the end of Season 3 Part 2 last year, the anime ended with a brief ... of reporting on various anime project announcements before their official reveal ...",https://comicbook.com/anime/news/attack-on-titan-season-4-delay-report-final-season/,"data:image/gif;base64,R0lGODlhAQABAIAAAP///////yH5BAEKAAEALAAAAAABAAEAAAICTAEAOw==",0.0,0.0,-0.4767
How to make a Japanese anime for a contemporary brand ...,Shots,"May 26, 2020",2020-05-26,"Japanese Anime has long been at the cutting-edge of animation, and taking inspiration from the films and shows that have shaped an industry is not only, but ...",https://www.shots.net/news/view/how-to-make-a-japanese-anime-for-a-contemporary-brand,"data:image/gif;base64,R0lGODlhAQABAIAAAP///////yH5BAEKAAEALAAAAAABAAEAAAICTAEAOw==",0.08333333333333333,0.08333333333333333,0.0
Demon Slayer: 10 Things That Make No Sense About The Anime's World,CBR,"May 25, 2020",2020-05-25,"Demon Slayer: 10 Things That Make No Sense About The Anime's World. Since its manga debut in 2016, Demon Slayer has presented a grisly, albeit often jocular ...",https://www.cbr.com/demon-slayer-no-sense-animes-world/,"data:image/gif;base64,R0lGODlhAQABAIAAAP///////yH5BAEKAAEALAAAAAABAAEAAAICTAEAOw==",0.0,0.0,-0.296
Mob Psycho 100: What Makes Mob One of Anime's Best Protagonists,CBR,"May 24, 2020",2020-05-24,He's a compassionate young boy with a heart of gold that still manages to be one of the most fearsome main characters in anime today. What's more impressive is ...,https://www.cbr.com/what-makes-mob-one-of-animes-best-protagonists/,"data:image/gif;base64,R0lGODlhAQABAIAAAP///////yH5BAEKAAEALAAAAAABAAEAAAICTAEAOw==",1.0,0.3,0.6369
Wengie & YouTube Music To Blend Music & Anime For First-Ever ‘FutureCon’,Forbes,"May 22, 2020",2020-05-22,"“We've assembled some great talent who appreciates anime, cosplay, and gaming. For those who love dance music and A-pop as much as I do, we have some ...",https://www.forbes.com/sites/jeffbenjamin/2020/05/22/futurecon-2020-announcement-wengie-youtube-music/,"data:image/gif;base64,R0lGODlhAQABAIAAAP///////yH5BAEKAAEALAAAAAABAAEAAAICTAEAOw==",0.0,0.0,0.0
Eight Anime Series That Are Worth The Binge Watch!,The Nerd Daily,"May 22, 2020",2020-05-22,"The best anime belong to the 'Action' and 'Adventure' genres, but there's no shortage of them in other genres. Nevertheless, in this list, the animes have been ...",https://www.thenerddaily.com/anime-series-to-binge-watch/,"data:image/gif;base64,R0lGODlhAQABAIAAAP///////yH5BAEKAAEALAAAAAABAAEAAAICTAEAOw==",0.375,0.1,0.2942
Japan's anime studios fall victim to coronavirus disruptions,Nikkei Asian Review,"May 20, 2020",2020-05-20,"TOKYO -- Japan's anime industry has been plagued for years by adverse conditions: long hours in cramped studios, razor-thin profit margins, domestic labor ...",https://asia.nikkei.com/Life-Arts/Arts/Japan-s-anime-studios-fall-victim-to-coronavirus-disruptions,"data:image/gif;base64,R0lGODlhAQABAIAAAP///////yH5BAEKAAEALAAAAAABAAEAAAICTAEAOw==",-0.07500000000000001,0.05,-0.5423
Promare: 10 Similar Anime For Fans To Binge On | CBR,CBR,"May 20, 2020",2020-05-20,"Those fans who enjoyed one anime are sure to like the other, especially seeing how both were made by Trigger studio. 9 Kill La Kill. Student council president ...",https://www.cbr.com/promare-similar-anime-to-binge/,"data:image/gif;base64,R0lGODlhAQABAIAAAP///////yH5BAEKAAEALAAAAAABAAEAAAICTAEAOw==",0.0,0.4,0.0
10 Anime That Need Video Games (Or at Least New Ones),IGN Southeast Asia,"May 17, 2020",2020-05-17,"That said, there are still plenty of amazing anime series' that don't have their own games - at least not yet. There are also plenty of animes that did get a game, ...",https://sea.ign.com/feature/160359/10-anime-that-need-video-games-or-at-least-new-ones,"data:image/gif;base64,R0lGODlhAQABAIAAAP///////yH5BAEKAAEALAAAAAABAAEAAAICTAEAOw==",-0.08181818181818182,0.42727272727272725,0.0
Demon Slayer: Kimetsu no Yaiba Characters Desperately Needing a Spin-Off,Comicbook.com,"May 17, 2020",2020-05-17,"Kyojuro Rengoku. demon-slayer-anime-movie-rengoku (Photo: Aniplex). Kyojuro Rengoku, the Flame Hashira, probably makes ...",https://comicbook.com/anime/news/demon-slayer-kimetsu-no-yaiba-spin-off-anime-manga-shinobu-rengoku-giyu/,"data:image/gif;base64,R0lGODlhAQABAIAAAP///////yH5BAEKAAEALAAAAAABAAEAAAICTAEAOw==",-0.6,1.0,-0.5859
15 Anime To Watch If You Like Your Name | CBR,CBR,"May 15, 2020",2020-05-15,The hit 2016 animated movie Your Name was created by well-known anime director Makoto Shinkai. Many fans still hold this film dear to their heart today ...,https://www.cbr.com/anime-watch-if-you-like-your-name-millennium-actress-girl-who-leapt-through-time/,"data:image/gif;base64,R0lGODlhAQABAIAAAP///////yH5BAEKAAEALAAAAAABAAEAAAICTAEAOw==",0.0,0.0,0.3612
Pennywise Is Now The Anime Girl Of Your Wet Dreams With This Kotobukiya Statue,Geek Culture,"May 14, 2020",2020-05-14,But what if Pennywise was a voluptuous anime girl instead? Japanese statue manufacturer Kotobukiya answers that very specific question with this: We're not sure ...,https://geekculture.co/pennywise-is-now-the-anime-girl-of-your-wet-dreams-with-this-kotobukiya-statue/,"data:image/gif;base64,R0lGODlhAQABAIAAAP///////yH5BAEKAAEALAAAAAABAAEAAAICTAEAOw==",-0.1,0.4,0.4019
Naruto: 5 Things The Anime Got Right (& 5 Things It Never Did),CBR,"May 13, 2020",2020-05-13,It seems as though this issue is persistent among most of the anime you might have seen. Female characters are always written to seem inferior to their male ...,https://www.cbr.com/naruto-anime-best-worst-parts/,"data:image/gif;base64,R0lGODlhAQABAIAAAP///////yH5BAEKAAEALAAAAAABAAEAAAICTAEAOw==",0.2857142857142857,0.5357142857142857,0.0
Iconic 'Inuyasha' anime to be rebooted as 'Yashahime: Princess Half-Demon' - The Jakarta Post,Jakarta Post,"May 13, 2020",2020-05-13,Japanese production company Sunrise is to revive the iconic Inuyasha anime franchise and deliver a series Yashahime: Princess Half-Demon. Viz Media has ...,https://www.thejakartapost.com/life/2020/05/13/iconic-inuyasha-anime-to-be-rebooted-as-yashahime-princess-half-demon.html,"data:image/gif;base64,R0lGODlhAQABAIAAAP///////yH5BAEKAAEALAAAAAABAAEAAAICTAEAOw==",0.5,0.5,0.0
"It’s Pennywise remade as busty anime girl figure strikes fear in heart, funny feelings elsewhere",SoraNews24,"May 13, 2020",2020-05-13,"... film guise, Pennywise is the definitive scary clown…so naturally in Japan there's now a figure of him reimagined as a cute anime-style girl with large breasts.",https://soranews24.com/2020/05/13/its-pennywise-remade-as-busty-anime-girl-figure-strikes-fear-in-heart-funny-feelings-elsewhere/,"data:image/gif;base64,R0lGODlhAQABAIAAAP///////yH5BAEKAAEALAAAAAABAAEAAAICTAEAOw==",0.25,1.0,0.34
Top 3 anime to binge watch during quarantine,City College Times,"May 13, 2020",2020-05-13,"Anime is defined as any Japanese cartoon, according to Japan Talk, a website for Japanese Culture. Many anime are based on manga, which are Japanese ...",https://sjcctimes.com/14427/arts-entertainment/top-5-anime-to-watch-right-now/,"data:image/gif;base64,R0lGODlhAQABAIAAAP///////yH5BAEKAAEALAAAAAABAAEAAAICTAEAOw==",0.5,0.5,0.2023
Home anime: Ghibli producer offers Totoro lesson online,FRANCE 24,"May 12, 2020",2020-05-12,Tokyo (AFP). Time on your hands and a love of anime? A producer from Japan's Studio Ghibli is offering an online tutorial for drawing one of its most beloved ...,https://www.france24.com/en/20200512-home-anime-ghibli-producer-offers-totoro-lesson-online,"data:image/gif;base64,R0lGODlhAQABAIAAAP///////yH5BAEKAAEALAAAAAABAAEAAAICTAEAOw==",0.1,0.0,0.0
My Hero Academia: 10 Superhero Anime To Watch While Waiting For Season 5,CBR,"May 12, 2020",2020-05-12,"While waiting for My Hero Academia to return for season 5, here are 10 superhero anime that should help fill the void. By Mark Sammut May 12, 2020.",https://www.cbr.com/my-hero-academia-season-5-superhero-anime-recommendations/,"data:image/gif;base64,R0lGODlhAQABAIAAAP///////yH5BAEKAAEALAAAAAABAAEAAAICTAEAOw==",0.0,0.0,0.5574
Inuyasha Spills First Details About Inuyasha and Kagome's Child,Comicbook.com,"May 12, 2020",2020-05-12,Inuyasha is an anime fans never expect a sequel from but they were proved wrong when creator Rumiko Takahashi confirmed such a story is in the works.,https://comicbook.com/anime/news/inuyasha-sequel-anime-yashahime-inuyasha-kagome-daughter-moroha-first-details/,"data:image/gif;base64,R0lGODlhAQABAIAAAP///////yH5BAEKAAEALAAAAAABAAEAAAICTAEAOw==",0.25,0.3333333333333333,0.0
"Stray Kids to release Korean, English versions of anime ...",Jakarta Post,"May 11, 2020",2020-05-11,"Set as their debut Japanese single, “TOP” is the opening theme song of anime Tower of God, which was adapted from manhwa (South Korean comics) under ...",https://www.thejakartapost.com/life/2020/05/11/stray-kids-to-release-korean-english-versions-of-anime-featured-songs.html,"data:image/gif;base64,R0lGODlhAQABAIAAAP///////yH5BAEKAAEALAAAAAABAAEAAAICTAEAOw==",0.0,0.0,0.0
Dragon Quest Will Give Update on New Anime This Month,Comicbook.com,"May 11, 2020",2020-05-11,"Dragon Quest is preparing to rile up fans with a status update on its next anime. Last year, the world learned the popular video game franchise was working on ...",https://comicbook.com/anime/news/dragon-quest-adventure-of-dai-anime-update/,"data:image/gif;base64,R0lGODlhAQABAIAAAP///////yH5BAEKAAEALAAAAAABAAEAAAICTAEAOw==",0.13636363636363635,0.45454545454545453,0.0
Sailor Moon: 5 Anime Characters Sailor Moon Could Defeat (& 5 She Would Lose To),CBR,"May 9, 2020",2020-05-09,"Which anime characters could Sailor Moon defeat in a fight, if it came down it? Some, but not all... By Juliana Failde May 09, 2020.",https://www.cbr.com/sailor-moon-anime-characters-defeat-fight/,"data:image/gif;base64,R0lGODlhAQABAIAAAP///////yH5BAEKAAEALAAAAAABAAEAAAICTAEAOw==",0.0,0.0,-0.6908
One of Japan's Anime Icons Is Sending Fans a Hopeful Message from a Post-Coronavirus Future,Comicbook.com,"May 9, 2020",2020-05-09,"The anime character of Doraemon has been around the country of Japan for some time, first appearing in 1969 as a robot cat who is visiting from the 22nd ...",https://comicbook.com/anime/news/doraemon-coronavirus-pandemic-anime-message/,"data:image/gif;base64,R0lGODlhAQABAIAAAP///////yH5BAEKAAEALAAAAAABAAEAAAICTAEAOw==",0.0,0.125,0.5106
HBO Max will use anime from Crunchyroll to compete with Netflix’s growing empire,The Verge,"May 7, 2020",2020-05-07,"HBO Max subscribers will be able to stream 17 different anime series currently available on Crunchyroll, including Fullmetal Alchemist: Brotherhood, Re:ZERO - ...",https://www.theverge.com/2020/5/7/21250936/hbo-max-crunchyroll-anime-netflix-amazon-funimation-fullmetal-alchemist-death-note-kill-la-kill,"data:image/gif;base64,R0lGODlhAQABAIAAAP///////yH5BAEKAAEALAAAAAABAAEAAAICTAEAOw==",0.0,0.0,0.1779
HBO Max Will Stream Crunchyroll Anime Titles at Launch,IndieWire,"May 7, 2020",2020-05-07,"Seventeen anime titles that stream on Crunchyroll, a leading anime streamer owned by AT&T, will be made available on HBO Max at launch, with new anime ...",https://www.indiewire.com/2020/05/hbo-max-crunchyroll-anime-stream-1202230012/,"data:image/gif;base64,R0lGODlhAQABAIAAAP///////yH5BAEKAAEALAAAAAABAAEAAAICTAEAOw==",0.0,0.0,0.0
Breaking News - HBO Max and Crunchyroll Team to Bring Fans More Anime on May 27th,,"May 7, 2020",2020-05-07,"At Launch, HBO Max Will Have Top Anime Series Including FULLMETAL ALCHEMIST: BROTHERHOOD, RE:ZERO - STARTING LIFE IN ANOTHER WORLD ...",http://www.thefutoncritic.com/news/2020/05/07/hbo-max-and-crunchyroll-team-to-bring-fans-more-anime-on-may-27th-408310/20200507warnermedia01/,"data:image/gif;base64,R0lGODlhAQABAIAAAP///////yH5BAEKAAEALAAAAAABAAEAAAICTAEAOw==",0.5,0.5,0.0
"For 8 years, a hacker operated a massive IoT botnet just to download Anime videos",ZDNet,"May 7, 2020",2020-05-07,Image: Screenshot from Golden Kamuy anime series by Geno Studio. ... that had the sole purpose of connecting to online websites and download anime videos.,https://www.zdnet.com/article/for-8-years-a-hacker-operated-a-massive-iot-botnet-just-to-download-anime-videos/,"data:image/gif;base64,R0lGODlhAQABAIAAAP///////yH5BAEKAAEALAAAAAABAAEAAAICTAEAOw==",0.0,1.0,0.0
The 6 best new summer anime series to watch in 2020,Polygon,"May 4, 2020",2020-05-04,"But even with those delays, there are still plenty of great anime to watch starting in a couple of months. The 2020 summer season has tons of highly anticipated ...",https://www.polygon.com/2020/5/4/21241233/new-anime-series-summer-2020,"data:image/gif;base64,R0lGODlhAQABAIAAAP///////yH5BAEKAAEALAAAAAABAAEAAAICTAEAOw==",0.5681818181818181,0.37727272727272726,0.6369
"If You Love Star Wars, Then These Anime Are For You",Comicbook.com,"May 4, 2020",2020-05-04,"It gives all kinds of fans the best excuse to go back an enjoy some of their favorite moments over the franchise thus far, and thankfully there are several anime ...",https://comicbook.com/anime/news/anime-like-star-wars/,"data:image/gif;base64,R0lGODlhAQABAIAAAP///////yH5BAEKAAEALAAAAAABAAEAAAICTAEAOw==",0.5,0.6,0.1531
AI redraws Japan's labor-intensive anime industry,Nikkei Asian Review,"May 3, 2020",2020-05-03,"The coronavirus has put additional pressure on the stretched-thin Japanese anime industry, which is attracting high-tech startups looking to ease production ...",https://asia.nikkei.com/Business/Business-trends/AI-redraws-Japan-s-labor-intensive-anime-industry,"data:image/gif;base64,R0lGODlhAQABAIAAAP///////yH5BAEKAAEALAAAAAABAAEAAAICTAEAOw==",0.0,0.0,0.0
7 Great Action Anime You Can Only Find on Netflix,Comicbook.com,"May 2, 2020",2020-05-02,"Netflix now has a its fair share of exclusive licenses for seasonal anime releases, but one of the major arrivals early on was The Seven Deadly Sins. This series ...",https://comicbook.com/anime/news/best-action-anime-netflix-exclusives/,"data:image/gif;base64,R0lGODlhAQABAIAAAP///////yH5BAEKAAEALAAAAAABAAEAAAICTAEAOw==",0.3,0.6166666666666667,0.6249
How to Turn Yourself Into an Anime Character With One Click,VICE,"May 1, 2020",2020-05-01,"Selfie 2 Waifu is an online image style transfer tool that turns your selfies into, well, waifus. (In case you don't know, waifus, in otaku culture, are essentially anime ...",https://www.vice.com/en/article/wxewkz/how-to-turn-yourself-into-an-anime-character-with-one-click,"data:image/gif;base64,R0lGODlhAQABAIAAAP///////yH5BAEKAAEALAAAAAABAAEAAAICTAEAOw==",0.0,0.0,0.0
