title,media,date,datetime,desc,link,img,textBlob polarity,textBlob subjectivity,vader polarity
"Anime in America, Podcast By Yedoye Travis Announced by ...",But Why Tho? A Geek Community,"Jun 30, 2020",2020-06-30,"Western fans have since swarmed to anime…but not without some drama and bloodshed. In total, there will be eight episodes for fans to enjoy about conventions, ...",https://butwhythopodcast.com/2020/06/30/crunchyroll-launches-eight-part-podcast-series-anime-in-america-hosted-by-yedoye-travis/,"data:image/gif;base64,R0lGODlhAQABAIAAAP///////yH5BAEKAAEALAAAAAABAAEAAAICTAEAOw==",0.0,0.0,0.0
Scott Pilgrim Vs. The World Director Plans to Revisit Story in 'Anime Form' - IGN,IGN,"Jun 29, 2020",2020-06-29,"The World as an anime project, saying there are ""plans"" to expand the franchise, though nothing is official yet. In an interview with Entertainment Weekly, Wright ...",https://www.ign.com/articles/scott-pilgrim-anime-project-planned-says-edgar-wright,"data:image/gif;base64,R0lGODlhAQABAIAAAP///////yH5BAEKAAEALAAAAAABAAEAAAICTAEAOw==",0.0,0.0,0.0
Asus’ ROG Zephyrus G14 is now available with a hidden LED display on its lid,The Verge,"Jun 29, 2020",2020-06-29,"This “AniMe Matrix” display consists of 1,215 Mini-LEDs that support 256 levels of brightness each and can be used to show anything from the time to music ...",https://www.theverge.com/2020/6/29/21306808/asus-zephyrus-g14-dot-matrix-display-release-date-price-specs-features,"data:image/gif;base64,R0lGODlhAQABAIAAAP///////yH5BAEKAAEALAAAAAABAAEAAAICTAEAOw==",0.11666666666666668,0.3666666666666667,0.0
"Japanese Politician Cosplays As Popular Anime Character For Campaign, Backfires",Geek Culture,"Jun 29, 2020",2020-06-29,"Gotō, who also happens to be a musician, ran his campaign while dressed up as Lelouch vi Britannia/Zero from the iconic 2006 anime series Code Geass: ...",https://geekculture.co/japanese-politician-cosplays-as-popular-anime-character-for-campaign-backfires/,"data:image/gif;base64,R0lGODlhAQABAIAAAP///////yH5BAEKAAEALAAAAAABAAEAAAICTAEAOw==",0.3,0.45,0.4215
Hunter x Hunter Fans Are Reeling From an Anime Time Capsule,Comicbook.com,"Jun 29, 2020",2020-06-29,"There is no way fans could have know that was coming, and netizens were reminded of that when a certain anime time capsule was dug up in the form of a letter ...",https://comicbook.com/anime/news/hunter-x-hunter-hiatus-ending-funny-letter-manga-anime/,"data:image/gif;base64,R0lGODlhAQABAIAAAP///////yH5BAEKAAEALAAAAAABAAEAAAICTAEAOw==",0.0,0.0,0.0
My Hero Academia: 5 Times It Proved To Be The Best Shonen Manga/Anime (& 5 Times It Fell Short),CBR,"Jun 28, 2020",2020-06-28,"Many characters in the anime resemble each other regardless if they were actually connected by blood or not. Nonetheless, this doesn't actually affect the average ...",https://www.cbr.com/my-hero-academia-pros-cons/,"data:image/gif;base64,R0lGODlhAQABAIAAAP///////yH5BAEKAAEALAAAAAABAAEAAAICTAEAOw==",0.5,0.3,0.8316
One Piece: 5 Times It Proved To Be The Best Anime Of Its Generation (& 5 Times It Fell Short),CBR,"Jun 27, 2020",2020-06-27,10 Best Anime: The Enies Lobby Arc · 9 Fell Short: The Animation In The Series' Later Half · 8 Best Anime: Robin's “I Want To Live” Moment · 7 Fell Short: The ...,https://www.cbr.com/one-piece-best-anime-generation-fell-short/,"data:image/gif;base64,R0lGODlhAQABAIAAAP///////yH5BAEKAAEALAAAAAABAAEAAAICTAEAOw==",0.5,0.3,0.6369
Square Enix JRPG The World Ends With You Anime Series ...,Geek Culture,"Jun 26, 2020",2020-06-26,"Usually, when an anime series gets popular enough, it gets adapted into a video game. It's not always the case when it's the other way around, but for a game ...",https://geekculture.co/square-enix-jrpg-the-world-ends-with-you-anime-series-teased/,"data:image/gif;base64,R0lGODlhAQABAIAAAP///////yH5BAEKAAEALAAAAAABAAEAAAICTAEAOw==",0.0,0.0,0.0
A Japanese condom brand has made a weird AF anime about safe sex,Dazed,"Jun 26, 2020",2020-06-26,"Japan's leading condom manufacturer, Okamoto, has created an anime web-series to promote safe sex, and it's pretty rad. Called Condom Battler Goro, the ...",https://www.dazeddigital.com/life-culture/article/49638/1/japanese-condom-brand-okamoto-has-made-anime-about-safe-sex,"data:image/gif;base64,R0lGODlhAQABAIAAAP///////yH5BAEKAAEALAAAAAABAAEAAAICTAEAOw==",0.0,0.5,0.296
‘Cyberpunk 2077’: Developer Reveals New Trailer for Upcoming Game with Keanu Reeves,IndieWire,"Jun 25, 2020",2020-06-25,"The anime is being billed as a spin-off and won't be an adaption of the video game's story, but other details about the project are under wraps. While more ...",https://www.indiewire.com/2020/06/cyberpunk-2077-game-trailer-netflix-anime-series-1234569629/,"data:image/gif;base64,R0lGODlhAQABAIAAAP///////yH5BAEKAAEALAAAAAABAAEAAAICTAEAOw==",-0.13181818181818183,0.42727272727272725,0.0
"Cyberpunk 2077 Netflix anime series announced, Cyberpunk: Edgerunners",Rock Paper Shotgun,"Jun 25, 2020",2020-06-25,"During today's Night City Wire stream, CD Projekt Red announced Cyberpunk: Edgerunners, an anime series spun off from Cyberpunk 2077. Coming to Netflix ...",https://www.rockpapershotgun.com/2020/06/25/cyberpunk-2077-netflix-anime-series-announced-cyberpunk-edgerunners/,"data:image/gif;base64,R0lGODlhAQABAIAAAP///////yH5BAEKAAEALAAAAAABAAEAAAICTAEAOw==",0.0,0.0,0.0
The studio behind Kill la Kill and Promare is making a Cyberpunk 2077 anime for Netflix,The Verge,"Jun 25, 2020",2020-06-25,"Studio Trigger, the anime production company made up of former members of the legendary studio Gainax, is producing a Cyberpunk 2077 anime for Netflix set ...",https://www.theverge.com/2020/6/25/21303233/cyberpunk-2077-anime-edgerunners-netflix-studio-trigger-2022-release-date,"data:image/gif;base64,R0lGODlhAQABAIAAAP///////yH5BAEKAAEALAAAAAABAAEAAAICTAEAOw==",-0.4,0.7,-0.886
G-Shock continues Japanese anime collaborations with One ...,WatchPro USA,"Jun 25, 2020",2020-06-25,"Hot on the heels of a Dragonball Z tribute watch, Casio has collaborated with another Japanese anime series to release a G-Shock for fans of the One Piece ...",https://usa.watchpro.com/g-shock-continues-japanese-anime-collaborations-with-one-piece-ga-110/,"data:image/gif;base64,R0lGODlhAQABAIAAAP///////yH5BAEKAAEALAAAAAABAAEAAAICTAEAOw==",0.0,0.0,0.0
The God of High School is Getting a Digital Premiere Event,Comic Years,"Jun 24, 2020",2020-06-24,"One of the summer anime season's most anticipated series is The God of High School. As one of the Crunchyroll Originals launching in 2020, this series is ...",https://comicyears.com/anime-news/the-god-of-high-school-is-getting-a-digital-premiere-event/,"data:image/gif;base64,R0lGODlhAQABAIAAAP///////yH5BAEKAAEALAAAAAABAAEAAAICTAEAOw==",0.08,0.26999999999999996,0.2732
Attack On Titan: The Anime's 5 Biggest Mysteries That Were Finally Answered (& 5 More That Are Still Unresolved),CBR,"Jun 23, 2020",2020-06-23,Attack On Titan: The Anime's 5 Biggest Mysteries That Were Finally Answered (& 5 More That Are Still Unresolved) · 10 Answered: What's In The Jaeger's ...,https://www.cbr.com/attack-on-titan-biggest-mysteries/,"data:image/gif;base64,R0lGODlhAQABAIAAAP///////yH5BAEKAAEALAAAAAABAAEAAAICTAEAOw==",0.25,0.75,-0.4767
Attack On Titan: 5 Ways It Will Age Well (& 5 Reasons Why It Won't),CBR,"Jun 22, 2020",2020-06-22,"Some anime are great no matter what era it is, but some simply do not age well, either because of the animation style, or because the story does not resonate with ...",https://www.cbr.com/attack-on-titan-anime-age-well-wont-comparison/,"data:image/gif;base64,R0lGODlhAQABAIAAAP///////yH5BAEKAAEALAAAAAABAAEAAAICTAEAOw==",0.0,0.0,-0.25
Japan Sinks: 2020 - 10 Things You Need To Know Before Watching The Anime,CBR,"Jun 20, 2020",2020-06-20,"2o20 has seen Netflix releasing a big exclusive anime series at a near-monthly rate. Compare to the previous years' more mixed bag of exclusive anime series, ...",https://www.cbr.com/japan-sinks-2020-facts/,"data:image/gif;base64,R0lGODlhAQABAIAAAP///////yH5BAEKAAEALAAAAAABAAEAAAICTAEAOw==",-0.1,0.0,0.0
Attack On Titan: 10 Things Fans Never Knew About The Making Of The Anime,CBR,"Jun 19, 2020",2020-06-19,"Anime has always been a great source for progressive and visually stunning animated content, but it's been incredible to see how the medium has exploded so ...",https://www.cbr.com/attack-on-titan-anime-production-trivia/,"data:image/gif;base64,R0lGODlhAQABAIAAAP///////yH5BAEKAAEALAAAAAABAAEAAAICTAEAOw==",0.0,0.0,-0.4767
‘A Whisker Away’ Review: A Sweet Netflix Anime About a Girl Who Turns into a Cat When She’s Sad,IndieWire,"Jun 18, 2020",2020-06-18,"The latest feature produced by emerging anime powerhouse Studio Colorido (“Penguin Highway”), Satô Jun'ichi and Shibayama Tomotaka's sweet and vibrant ...",https://www.indiewire.com/2020/06/a-whisker-away-review-netflix-1202238485/,"data:image/gif;base64,R0lGODlhAQABAIAAAP///////yH5BAEKAAEALAAAAAABAAEAAAICTAEAOw==",-0.07500000000000001,0.825,-0.0258
The Biggest Anime and Manga That Are Ending Soon (Or Just Wrapped),Comicbook.com,"Jun 18, 2020",2020-06-18,"Though the manga story may have ended, there is still a second anime of the series on the horizon, as well as a live action television series from Amazon and a ...",https://comicbook.com/anime/news/anime-coming-to-an-end-demon-slayer-attack-on-titan-food-wars/,"data:image/gif;base64,R0lGODlhAQABAIAAAP///////yH5BAEKAAEALAAAAAABAAEAAAICTAEAOw==",0.0,0.0,0.0
One Piece: 5 Times It Proved To Be The Best Shonen Manga/Anime (5 Times It Fell Short),CBR,"Jun 17, 2020",2020-06-17,Even though the quality of an anime is mostly subjective; there are still some aspects that can prove to be vital to a series' overall performance. 10 Best: Power ...,https://www.cbr.com/one-piece-reasons-best-worst-shonen-manga-anime/,"data:image/gif;base64,R0lGODlhAQABAIAAAP///////yH5BAEKAAEALAAAAAABAAEAAAICTAEAOw==",0.5,0.3,0.6369
The 10 Best Anime Available On Netflix In 2020 (According To IMDb),Screen Rant,"Jun 17, 2020",2020-06-17,"Here are the top ten animes that are available on Netflix right now, as ranked by IMDB. 10 Rilakkuma and Kaoru (8.4). The ...",https://screenrant.com/netflix-2020-anime-series-best-imdb/,"data:image/gif;base64,R0lGODlhAQABAIAAAP///////yH5BAEKAAEALAAAAAABAAEAAAICTAEAOw==",0.7,0.35,0.6369
MBTI®: 10 Anime Characters Who Are ESTPs | CBR,CBR,"Jun 17, 2020",2020-06-17,Here are a few of those hotheads in the anime world. 10 Katsuki Bakugou (My Hero Academia).,https://www.cbr.com/mbti-anime-characters-who-are-estp/,"data:image/gif;base64,R0lGODlhAQABAIAAAP///////yH5BAEKAAEALAAAAAABAAEAAAICTAEAOw==",0.0,0.0,0.0
"Anime: The 10 Most Relatable Working Protagonists Of All Time, Ranked",CBR,"Jun 16, 2020",2020-06-16,"Not all anime protagonists are heroes, swordsmen, and magic-users... these ten are just working the 9-5. By Batool Makki Jun 16, 2020.",https://www.cbr.com/anime-most-relatable-working-protagonists-ranked/,"data:image/gif;base64,R0lGODlhAQABAIAAAP///////yH5BAEKAAEALAAAAAABAAEAAAICTAEAOw==",0.5,0.5,0.0
A Whisker Away: Review: An Unlikable Protagonist Sinks the Netflix Anime,CBR,"Jun 15, 2020",2020-06-15,"This is convenient for anime fans curious about the latest work from screenwriter Mari Okada (Ano Hana, Mobile Suit Gundam: Iron Blooded Orphans) and ...",https://www.cbr.com/review-netflix-anime-a-whisker-away/,"data:image/gif;base64,R0lGODlhAQABAIAAAP///////yH5BAEKAAEALAAAAAABAAEAAAICTAEAOw==",-0.1,0.0,0.0
10 Disaster Anime To Watch Before Netflix's Japan Sinks: 2020 Is Released,CBR,"Jun 14, 2020",2020-06-14,"Unfortunately, Japan has a tragic history when it comes to natural disasters, which might explain why very few anime exist that directly involve these types of ...",https://www.cbr.com/netflix-japan-sinks-2020-disaster-anime-recommendations/,"data:image/gif;base64,R0lGODlhAQABAIAAAP///////yH5BAEKAAEALAAAAAABAAEAAAICTAEAOw==",-0.1,0.0,-0.6249
Shaman King is Getting a Brand-New TV Anime in April 2021,Siliconera,"Jun 12, 2020",2020-06-12,The new anime will cover everything from the start all the way to the end of the manga. It will be based on the 35 volumes from the complete manga edition of ...,https://www.siliconera.com/shaman-king-is-getting-a-brand-new-tv-anime-in-april-2021/,"data:image/gif;base64,R0lGODlhAQABAIAAAP///////yH5BAEKAAEALAAAAAABAAEAAAICTAEAOw==",0.0,0.0,0.0
How Anime and Manga Present Donald Trump | CBR,CBR,"Jun 12, 2020",2020-06-12,"Anime has been parodying Trump long before he became president. Golgo 13 did not feature Trump as we know him, but rather the womanizing, cheating ...",https://www.cbr.com/how-anime-and-manga-present-donald-trump/,"data:image/gif;base64,R0lGODlhAQABAIAAAP///////yH5BAEKAAEALAAAAAABAAEAAAICTAEAOw==",0.0,0.0,0.0
"One of the Weirdest, Goriest, and Best Anime Series of the Year Is out on Netflix",Thrillist,"Jun 12, 2020",2020-06-12,"Created by director Yuuichirou Hayashi (Attack on Titan, Kakegurui) and MAPPA Studios (known for Yuri!! on Ice and, rather confusingly, Dororo), the anime ...",https://www.thrillist.com/entertainment/nation/dorohedoro-review-netflix-anime-series,"data:image/gif;base64,R0lGODlhAQABAIAAAP///////yH5BAEKAAEALAAAAAABAAEAAAICTAEAOw==",1.0,0.3,0.5106
"One of the Weirdest, Goriest, and Best Anime Series of the Year Is out on Netflix",Thrillist,"Jun 12, 2020",2020-06-12,"Created by director Yuuichirou Hayashi (Attack on Titan, Kakegurui) and MAPPA Studios (known for Yuri!! on Ice and, rather confusingly, Dororo), the anime ...",https://www.thrillist.com/entertainment/nation/dorohedoro-review-netflix-anime-series,"data:image/gif;base64,R0lGODlhAQABAIAAAP///////yH5BAEKAAEALAAAAAABAAEAAAICTAEAOw==",1.0,0.3,0.5106
A happy ending? 'Demon Slayer' manga concludes as popularity soars : The Asahi Shimbun,Asahi Shimbun,"Jun 12, 2020",2020-06-12,"... books are now available in digital editions while anime titles are streamed online, allowing publishers to expand content offerings after the original works end.”.",http://www.asahi.com/ajw/articles/13421573,"data:image/gif;base64,R0lGODlhAQABAIAAAP///////yH5BAEKAAEALAAAAAABAAEAAAICTAEAOw==",0.8,1.0,0.7783
MBTI®: 10 Anime Characters Who Are INTPs | CBR,CBR,"Jun 12, 2020",2020-06-12,"INTP is a personality type from Myers-Briggs Type Indicator. Here are some anime characters that fit this type. By Isaiah Jones Jun 12, 2020.",https://www.cbr.com/mbti-anime-characters-intps/,"data:image/gif;base64,R0lGODlhAQABAIAAAP///////yH5BAEKAAEALAAAAAABAAEAAAICTAEAOw==",0.0,0.0,0.0
Chinese anime fans dismayed as 45 Japanese animanted ...,Global Times,"Jun 11, 2020",2020-06-11,"Chinese anime fans dismayed as 45 Japanese animanted films and TV works delayed, call for move from traditional hand-drawn animation to 3D digital.",https://www.globaltimes.cn/content/1191336.shtml,"data:image/gif;base64,R0lGODlhAQABAIAAAP///////yH5BAEKAAEALAAAAAABAAEAAAICTAEAOw==",0.0,0.0,-0.4404
Tencent Believes Investing in Anime and Manga Will Boost Its Global Growth,Motley Fool,"Jun 10, 2020",2020-06-10,"Late last month, Tencent acquired a 20% stake in prominent Japanese anime studio Marvelous Entertainment for about $65 million, making it the company's ...",https://www.fool.com/investing/2020/06/10/tencent-believes-investing-in-anime-and-manga-will.aspx,"data:image/gif;base64,R0lGODlhAQABAIAAAP///////yH5BAEKAAEALAAAAAABAAEAAAICTAEAOw==",0.0,0.0,0.6486
Tencent targets Japanese anime and manga to jump-start ...,,"Jun 10, 2020",2020-06-10,"Tencent Holdings Ltd., spurned in years past by Japan's guarded entertainment industry, is rekindling its courtship of the country's fabled anime and manga ...",https://www.japantimes.co.jp/news/2020/06/10/business/tech/tencent-anime-manga/,"data:image/gif;base64,R0lGODlhAQABAIAAAP///////yH5BAEKAAEALAAAAAABAAEAAAICTAEAOw==",0.0,0.0,0.0
10 Noragami Cosplay That Look Just Like The Anime | CBR,CBR,"Jun 9, 2020",2020-06-09,"The fantastical anime Noragami garnered a devoted collection of fans, and here are the best cosplays derived from the series. By Brianna Albert Jun 09, 2020.",https://www.cbr.com/noragami-anime-cosplay-best/,"data:image/gif;base64,R0lGODlhAQABAIAAAP///////yH5BAEKAAEALAAAAAABAAEAAAICTAEAOw==",0.0,0.0,0.3612
Japan's public broadcaster condemned over 'offensive' BLM anime,The Guardian,"Jun 9, 2020",2020-06-09,Japan's public broadcaster condemned over 'offensive' BLM anime. Social media users have condemned the video for perpetuating stereotypes of African- ...,https://www.theguardian.com/world/2020/jun/09/japans-public-broadcaster-condemned-over-offensive-blm-anime,"data:image/gif;base64,R0lGODlhAQABAIAAAP///////yH5BAEKAAEALAAAAAABAAEAAAICTAEAOw==",0.0,0.06666666666666667,-0.7096
5 Anime With Only One Season That Deserve A Sequel (& 5 That Don't),CBR,"Jun 9, 2020",2020-06-09,"Though not all anime are equal in this regard, in fact, there's just as many anime that really don't deserve to see more episodes. 10 NEEDS ANOTHER SEASON: D ...",https://www.cbr.com/anime-one-season-do-dont-deserve-sequel/,"data:image/gif;base64,R0lGODlhAQABAIAAAP///////yH5BAEKAAEALAAAAAABAAEAAAICTAEAOw==",0.0,1.0,0.0
Cinedigm Announces the Launch of New Global Animation ...,GlobeNewswire,"Jun 8, 2020",2020-06-08,"CONtv Anime features 24/7 programming of anime content for curious newcomers and ardent anime enthusiasts alike, focusing on a diverse range of Anime ...",https://www.globenewswire.com/news-release/2020/06/08/2044970/0/en/Cinedigm-Announces-the-Launch-of-New-Global-Animation-Network-CONtv-Anime.html,"data:image/gif;base64,R0lGODlhAQABAIAAAP///////yH5BAEKAAEALAAAAAABAAEAAAICTAEAOw==",0.06818181818181818,0.22727272727272727,0.0
Shout! Factory Bags Distribution Deal for Anime Series 'B: The ...,Media Play News,"Jun 8, 2020",2020-06-08,Factory and U.K. animation distributor Anime Limited June 8 announced a North American home entertainment distribution deal for the suspenseful anime ...,https://www.mediaplaynews.com/shout-factory-bags-distribution-deal-for-anime-series-b-the-beginning/,"data:image/gif;base64,R0lGODlhAQABAIAAAP///////yH5BAEKAAEALAAAAAABAAEAAAICTAEAOw==",0.0,0.0,0.0
10 Anime Series To Watch If You Liked Netflixâ€™s Baki | CBR,CBR,"Jun 7, 2020",2020-06-07,"Baki is a brutal martial arts anime that does not pull any punches when it comes to its fight scenes. Although there are very few series quite like it, other anime do ...",https://www.cbr.com/netflix-baki-anime-series-similar-recommendations/,"data:image/gif;base64,R0lGODlhAQABAIAAAP///////yH5BAEKAAEALAAAAAABAAEAAAICTAEAOw==",0.6,0.8,0.4215
The unexpected fighting anime killing it on Netflix,Looper,"Jun 5, 2020",2020-06-05,"Daddy issues have always been a rich source of inspiration for the arts, but the Netflix original anime Baki takes this trope to a whole new level. The third season ...",https://www.looper.com/215407/the-unexpected-martial-arts-anime-series-thats-killing-it-on-netflix/,"data:image/gif;base64,R0lGODlhAQABAIAAAP///////yH5BAEKAAEALAAAAAABAAEAAAICTAEAOw==",0.1,1.0,-0.7845
MBTI®: 10 Anime Characters Who Are ENFPs | CBR,CBR,"Jun 4, 2020",2020-06-04,There are plenty of great ENFP characters in anime - these are a few of the best. 10 Touta Matsuda - Death Note. Touta Matsuda ...,https://www.cbr.com/mbti-anime-characters-who-are-enfps/,"data:image/gif;base64,R0lGODlhAQABAIAAAP///////yH5BAEKAAEALAAAAAABAAEAAAICTAEAOw==",0.0,0.0,0.0
Netflix’s Cowboy Bebop Writer Promises The Original Anime Series Is Not ‘Just A Take-Off Point’,LRM Online,"Jun 4, 2020",2020-06-04,"Unfortunately, the anime adaptations haven't quite gotten it down yet — though they have gotten closer. Most recently, Alita: Battle Angel likely got the closest to its ...",https://lrmonline.com/news/netflixs-cowboy-bebop-writer-promises-the-original-anime-series-is-not-just-a-take-off-point/,"data:image/gif;base64,R0lGODlhAQABAIAAAP///////yH5BAEKAAEALAAAAAABAAEAAAICTAEAOw==",0.375,0.75,0.5994
MBTI®: 10 Anime Characters Who Are ENTPs | CBR,CBR,"Jun 4, 2020",2020-06-04,"Rintarou Okabe, the main protagonist of the anime series Steins;Gate, is an ENTP to the core. He's smart and social, but can be a bit of a mad scientist. In terms ...",https://www.cbr.com/anime-characters-mbti-entp-personalities/,"data:image/gif;base64,R0lGODlhAQABAIAAAP///////yH5BAEKAAEALAAAAAABAAEAAAICTAEAOw==",0.0,0.0,0.0
10 Best Anime For New Fans | ScreenRant,Screen Rant,"Jun 4, 2020",2020-06-04,Here are ten fantastic anime shows that newcomers should have no trouble investing in. 10 Erased. Any fans of time-travel ...,https://screenrant.com/anime-series-newbie-friendly-recommendations/,"data:image/gif;base64,R0lGODlhAQABAIAAAP///////yH5BAEKAAEALAAAAAABAAEAAAICTAEAOw==",0.5681818181818181,0.37727272727272726,0.6369
Netflix's ‘Cowboy Bebop’ live-action will change the anime in a big way,Inverse,"Jun 3, 2020",2020-06-03,This means fans anticipating the live-action remake should be in for a big change from the original anime.,https://www.inverse.com/entertainment/netflixs-cowboy-bebop-live-action-series-anime,"data:image/gif;base64,R0lGODlhAQABAIAAAP///////yH5BAEKAAEALAAAAAABAAEAAAICTAEAOw==",0.0,0.1,0.0
Attack On Titan Season 4 Trailer Highlights The Finale's Big Problem,Screen Rant,"Jun 2, 2020",2020-06-02,"Based on the manga series by Hajime Isayama, the Attack on Titan anime has been a major hit, particularly on western shores, and that popularity has invited ...",https://screenrant.com/attack-on-titan-final-season-many-chapters-problem/,"data:image/gif;base64,R0lGODlhAQABAIAAAP///////yH5BAEKAAEALAAAAAABAAEAAAICTAEAOw==",0.0,0.1,-0.7003
Demon Slayer: 10 Classic Japanese Films You Need To Watch If You Enjoy The Anime,CBR,"Jun 1, 2020",2020-06-01,"Kicking off this list is Ninja Scroll, an anime movie from 1993 that follows a mercenary swordsman who battles a team of ninjas with supernatural abilities called ...",https://www.cbr.com/demon-slayer-classic-japanese-films-fans-will-love/,"data:image/gif;base64,R0lGODlhAQABAIAAAP///////yH5BAEKAAEALAAAAAABAAEAAAICTAEAOw==",0.18888888888888888,0.2222222222222222,0.4939
"Dorohedoro Season 1 Ending, Explained | CBR",CBR,"Jun 1, 2020",2020-06-01,"The apocalyptic fantasy anime's first season ends on a high note with Kaiman and Nikkaido reunited in the sorcerer's world, but who knows how long that finite ...",https://www.cbr.com/dorohedoro-season-1-finale-explained/,"data:image/gif;base64,R0lGODlhAQABAIAAAP///////yH5BAEKAAEALAAAAAABAAEAAAICTAEAOw==",0.0,0.0,0.0
