title,media,date,datetime,desc,link,img,textBlob polarity,textBlob subjectivity,vader polarity
John Wick writer adapting Splinter Cell video games as Netflix anime series,EW.com,"Jul 30, 2020",2020-07-30,"This joins the previously announced Cyberpunk 2077 anime series and the Witcher anime movie. By Nick Romano. July 30, 2020 at 03:56 PM EDT.",https://ew.com/tv/splinter-cell-netflix-anime-series-john-wick-writer/,"data:image/gif;base64,R0lGODlhAQABAIAAAP///////yH5BAEKAAEALAAAAAABAAEAAAICTAEAOw==",0.0,0.0,0.0
‘Splinter Cell’ Anime Series From ‘John Wick’ Writer Derek Kolstad Set at Netflix (EXCLUSIVE),Variety,"Jul 30, 2020",2020-07-30,"Netflix and Ubisoft have teamed for an anime series adaptation of the video game “Splinter Cell”, Variety has learned. Derek Kolstad, best known for his work ...",https://variety.com/2020/tv/news/splinter-cell-animated-series-netflix-1234612535/,"data:image/gif;base64,R0lGODlhAQABAIAAAP///////yH5BAEKAAEALAAAAAABAAEAAAICTAEAOw==",0.0,0.0,0.3034
‘Splinter Cell’ Anime Series Adaptation From ‘John Wick’ Writer In Works At Netflix,Deadline,"Jul 30, 2020",2020-07-30,"Netflix has teamed with Ubisoft for an anime series based on the Splinter Cell video game franchise, with John Wick writer Derek Kostad set to write and ...",https://deadline.com/2020/07/splinter-cell-animated-series-adaptation-in-works-at-netflix-1203000001/,"data:image/gif;base64,R0lGODlhAQABAIAAAP///////yH5BAEKAAEALAAAAAABAAEAAAICTAEAOw==",0.0,0.0,0.0
Anime streamer Crunchyroll hits three million subscribers,Digital TV Europe,"Jul 30, 2020",2020-07-30,"Specialist anime steamer Crunchyroll has reached a milestone of three million paid subscribers globally. The service, which is operated by WarnerMedia-owned ...",https://www.digitaltveurope.com/2020/07/30/anime-streamer-crunchyroll-hits-3-million-subscribers/,"data:image/gif;base64,R0lGODlhAQABAIAAAP///////yH5BAEKAAEALAAAAAABAAEAAAICTAEAOw==",0.0,0.0,0.0
Fairy Tail is a Joy to Play Even If You've Never Seen the Anime,GameSpew,"Jul 30, 2020",2020-07-30,"It's not ashamed to boldly lean into its silly, over-the-top anime roots and there are plenty of cutscenes and dialogue that'll make you chuckle. It helps that the ...",https://www.gamespew.com/2020/07/fairy-tail-is-a-joy-to-play-even-if-youve-never-seen-the-anime/,"data:image/gif;base64,R0lGODlhAQABAIAAAP///////yH5BAEKAAEALAAAAAABAAEAAAICTAEAOw==",0.8,0.2,0.7351
Ghost in the Shell Comes to 4K Ultra HD for 25th Anniversary - IGN,IGN,"Jul 29, 2020",2020-07-29,"Twenty-five years after its original debut, the seminal anime movie Ghost in the Shell is finally being released in 4K Ultra HD. Check out the trailer for the new ...",https://www.ign.com/articles/ghost-in-the-shell-4k-ultra-hd-blu-ray-trailer-anime,"data:image/gif;base64,R0lGODlhAQABAIAAAP///////yH5BAEKAAEALAAAAAABAAEAAAICTAEAOw==",0.0,0.0,-0.3182
"The 7 Best Anime Short Films, From Little Witch Academia to Shelter",CBR,"Jul 29, 2020",2020-07-29,It is these shorts that helped establish some of the greatest talent in the anime industry like Makoto Shinkai and Yoh Yoshinari. Here are some of the best anime ...,https://www.cbr.com/7-best-anime-short-films-little-witch-academia-shelter/,"data:image/gif;base64,R0lGODlhAQABAIAAAP///////yH5BAEKAAEALAAAAAABAAEAAAICTAEAOw==",0.2708333333333333,0.3666666666666667,0.4576
WarnerMedia’s Crunchyroll Hits 3 Million Streaming Subscribers As Anime Continues To Gain Traction,Deadline,"Jul 28, 2020",2020-07-28,"Crunchyroll, the anime specialist now controlled by WarnerMedia, has hit a milestone of 3 million subscribers to its streaming service. GM Joanne Waage, who ...",https://deadline.com/2020/07/warnermedias-crunchyroll-hits-3-million-streaming-subscribers-as-anime-continues-to-gain-traction-1202996334/,"data:image/gif;base64,R0lGODlhAQABAIAAAP///////yH5BAEKAAEALAAAAAABAAEAAAICTAEAOw==",0.0,0.0,0.5267
The Boruto Anime May Have Just Solved the Manga's Biggest Mystery,CBR,"Jul 28, 2020",2020-07-28,"The latest episode of the Boruto anime, one set way before the big reveal, may well have solved that mystery by providing details not seen in the manga thus far.",https://www.cbr.com/boruto-anime-may-have-solved-mangas-biggest-mystery/,"data:image/gif;base64,R0lGODlhAQABAIAAAP///////yH5BAEKAAEALAAAAAABAAEAAAICTAEAOw==",0.0,0.0,0.2732
Rick And Morty Gets Turned Into Anime By Tower Of God ...,Geek Culture,"Jul 28, 2020",2020-07-28,"And once again, they have proved that nothing will stop their travels as our favourite duo have now jumped across genres and turned into an anime.",https://geekculture.co/rick-and-morty-gets-turned-into-anime-by-tower-of-god-director/,"data:image/gif;base64,R0lGODlhAQABAIAAAP///////yH5BAEKAAEALAAAAAABAAEAAAICTAEAOw==",0.0,0.0,0.2732
Boruto's Newest Episode Introduces Original Kara Member to the Anime,Comicbook.com,"Jul 27, 2020",2020-07-27,"When the Kara Actuation arc was first announced for the anime, it was revealed that it would be an all-new arc made specifically for the anime that brings the ...",https://comicbook.com/anime/news/boruto-naruto-kara-anime-new-member-deepa-debut/,"data:image/gif;base64,R0lGODlhAQABAIAAAP///////yH5BAEKAAEALAAAAAABAAEAAAICTAEAOw==",0.375,0.75,0.3182
Junji Ito's Uzumaki Anime On Adult Swim Delayed Till 2021,Geek Culture,"Jul 27, 2020",2020-07-27,"Unfortunately for fans who were excited to catch it this year, they will have to wait a little longer as it was announced that the series will debut in 2021 instead due ...",https://geekculture.co/junji-itos-uzumaki-anime-on-adult-swim-delayed-till-2021/,"data:image/gif;base64,R0lGODlhAQABAIAAAP///////yH5BAEKAAEALAAAAAABAAEAAAICTAEAOw==",0.1,0.3,-0.2263
Zack Snyder Anime Norse Mythology Netflix Show In Production,Screen Rant,"Jul 27, 2020",2020-07-27,"The series will be the second to come out of Oliva's animation studio Lex and Otis following the impending release of Trese, another Netflix original anime based ...",https://screenrant.com/zack-snyder-norse-mythology-netflix-show-production-update/,"data:image/gif;base64,R0lGODlhAQABAIAAAP///////yH5BAEKAAEALAAAAAABAAEAAAICTAEAOw==",0.0,0.0,0.0
Thai youths resort to subversive anime in pro-democracy protest,The Straits Times,"Jul 26, 2020",2020-07-26,"As dozens of police watched, the protesters sang a parody of the theme song for Hamtaro - a popular Japanese anime character that is a sparkly-eyed hamster ...",https://www.straitstimes.com/asia/se-asia/thai-youths-resort-to-subversive-anime-in-pro-democracy-protest,"data:image/gif;base64,R0lGODlhAQABAIAAAP///////yH5BAEKAAEALAAAAAABAAEAAAICTAEAOw==",0.0,0.0,-0.4404
"Meet 'Fena: Pirate Princess,' Crunchyroll's Newest Original Anime",Forbes,"Jul 26, 2020",2020-07-26,Anime streaming service Crunchyroll has increasingly chosen to cut out the middleman by airing animated shows that it produces itself. On Saturday at Adult ...,https://www.forbes.com/sites/laurenorsini/2020/07/26/meet-fena-pirate-princess-crunchyrolls-newest-original-anime/,"data:image/gif;base64,R0lGODlhAQABAIAAAP///////yH5BAEKAAEALAAAAAABAAEAAAICTAEAOw==",0.375,0.75,0.3182
"How to get into Idolmaster, 15 years later",Polygon,"Jul 26, 2020",2020-07-26,"Bandai Namco's Idolmaster series is celebrating its 15th anniversary, and as the grandfather of idol anime, it can be really daunting to get into. The series started ...",https://www.polygon.com/2020/7/26/21334764/idolmaster-15-year-anniversary-how-to-get-into,"data:image/gif;base64,R0lGODlhAQABAIAAAP///////yH5BAEKAAEALAAAAAABAAEAAAICTAEAOw==",0.0,0.0,0.0
Japan Sinks: 2020 â€“ the anime disaster series for our times,South China Morning Post,"Jul 26, 2020",2020-07-26,"Japan Sinks: 2020, heart-wrenching disaster series from anime master Masaaki Yuasa. The show strikes a chord as it follows a Tokyo family's struggle for survival ...",https://www.scmp.com/magazines/post-magazine/arts-music/article/3094563/japan-sinks-2020-heart-wrenching-disaster-series,"data:image/gif;base64,R0lGODlhAQABAIAAAP///////yH5BAEKAAEALAAAAAABAAEAAAICTAEAOw==",-0.1,0.0,-0.6249
"‘Fena: Pirate Princess’ Added To Anime Originals Slate By Adult Swim, Crunchyroll – Comic-Con@Home",Deadline,"Jul 25, 2020",2020-07-25,"Fena: Pirate Princess is a 12-episode original anime series about a young orphan girl, Fena Houtman. Fena has been raised on an Island where there is no ...",https://deadline.com/2020/07/fena-pirate-princess-added-anime-originals-adult-swim-crunchyroll-comic-conhome-1202993777/,"data:image/gif;base64,R0lGODlhAQABAIAAAP///////yH5BAEKAAEALAAAAAABAAEAAAICTAEAOw==",0.1,0.3,0.0
"Adult Swim, Crunchyroll Team for ‘Fena: Pirate Princess’ Anime Series",Variety,"Jul 25, 2020",2020-07-25,"“The global anime community is going to love adventuring alongside Fena in this new series setting sail next year,” added Crunchyroll head of development Sarah ...",https://variety.com/2020/tv/news/adult-swim-crunchyroll-fena-pirate-princess-anime-series-1234716307/,"data:image/gif;base64,R0lGODlhAQABAIAAAP///////yH5BAEKAAEALAAAAAABAAEAAAICTAEAOw==",0.1,0.3,0.0
"Japanese YouTuber goes fishing with anime-girl figure, what he catches is too perfect【Video】",SoraNews24,"Jul 25, 2020",2020-07-25,"Cute anime girl figures are great at attracting otaku by the thousands, so using one to catch a fish should be easy! (It should also be mentioned at this point that ...",https://soranews24.com/2020/07/25/japanese-youtuber-goes-fishing-with-anime-girl-figure-what-he-catches-is-too-perfect%E3%80%90video%E3%80%91/,"data:image/gif;base64,R0lGODlhAQABAIAAAP///////yH5BAEKAAEALAAAAAABAAEAAAICTAEAOw==",0.0,0.0,0.0
Sword Art Online: Alicization Rising Steel celebrates the ...,Pocket Gamer,"Jul 23, 2020",2020-07-23,"The third season of the popular anime Sword Art Online (SAO) made its triumphant return to television this July, after a short hiatus. Kirito and company are back, ...",https://www.pocketgamer.com/articles/083602/sword-art-online-alicization-rising-steel-celebrates-the-animes-return-with-a-campaign-of-giveaways/,"data:image/gif;base64,R0lGODlhAQABAIAAAP///////yH5BAEKAAEALAAAAAABAAEAAAICTAEAOw==",0.0,0.0,0.5719
Demon Slayer merchandise to be available at Don Don Donki ...,Mothership.sg,"Jul 21, 2020",2020-07-21,"The manga/anime follows a young boy named Tanjiro Kamado, who becomes a demon slayer after his family was massacred by demons, and his sister turned ...",https://mothership.sg/2020/07/demon-slayer-don-don-donki/,"data:image/gif;base64,R0lGODlhAQABAIAAAP///////yH5BAEKAAEALAAAAAABAAEAAAICTAEAOw==",0.4,0.4,0.0
9 sports-themed anime series to check out on Netflix,Sports Interactive Network Philippines,"Jul 20, 2020",2020-07-20,"Its animé version will also be soon available on Netflix, with the animators revealing that they're hoping for an October drop this year. The hashtag # ...",https://www.spin.ph/life/guide/9-sports-themed-anime-series-to-check-out-a2442-20200720,"data:image/gif;base64,R0lGODlhAQABAIAAAP///////yH5BAEKAAEALAAAAAABAAEAAAICTAEAOw==",0.0,0.0,0.0
Netflix's Disaster Anime 'Japan Sinks: 2020' Is the Perfect Metaphor for This Bad Year,Thrillist,"Jul 20, 2020",2020-07-20,Celebrated anime director Masaaki Yuasa's new Netflix series and the 1988 film 'Akira' both predicted horrible things for 2020 and the Tokyo Olympics. By ...,https://www.thrillist.com/entertainment/nation/japan-sinks-2020-review-masaaki-yuasa-netflix,"data:image/gif;base64,R0lGODlhAQABAIAAAP///////yH5BAEKAAEALAAAAAABAAEAAAICTAEAOw==",0.06666666666666672,0.5555555555555555,-0.6731
HBO Max Announces New Crunchyroll Anime for August 2020,Comicbook.com,"Jul 20, 2020",2020-07-20,"A total of five anime are joining the streaming service on August 4, and they range from classics like Inuyasha to genre-bending hits such as Puella Magi Madoka ...",https://comicbook.com/anime/news/hbo-max-new-shows-anime-august-2020-crunchyroll/,"data:image/gif;base64,R0lGODlhAQABAIAAAP///////yH5BAEKAAEALAAAAAABAAEAAAICTAEAOw==",0.13636363636363635,0.45454545454545453,0.0
Boruto Officially Introduces Kara to the Anime,Comicbook.com,"Jul 19, 2020",2020-07-19,"The anime has officially kicked off the long awaited Kara Actuation arc with the newest episode of the series, and it's been a much longer wait than expected as the ...",https://comicbook.com/anime/news/boruto-naruto-kara-anime-debut-kara-actuation-arc/,"data:image/gif;base64,R0lGODlhAQABAIAAAP///////yH5BAEKAAEALAAAAAABAAEAAAICTAEAOw==",0.0,0.0,0.0
"A poor man's version of an anime cosplayer, I was a ...",The Straits Times,"Jul 18, 2020",2020-07-18,"They were hoping to have a quiet screening of the Digimon Adventure: Last Evolution Kizuna, a movie featuring anime characters they love. Please subscribe or ...",https://www.straitstimes.com/lifestyle/a-poor-mans-version-of-an-anime-cosplayer-i-was-a-bamboozle-of-a-taichi-yagami,"data:image/gif;base64,R0lGODlhAQABAIAAAP///////yH5BAEKAAEALAAAAAABAAEAAAICTAEAOw==",-0.4,0.6,-0.4767
Dragon's Dogma Is Now A Netflix Anime With First Poster And Images Released,Geek Culture,"Jul 15, 2020",2020-07-15,It seems like anime is taking over Netflix by storm this year as the release date of yet another animated series has been announced. The anime adaptation of ...,https://geekculture.co/dragons-dogma-is-now-a-netflix-anime-with-first-poster-and-images-released/,"data:image/gif;base64,R0lGODlhAQABAIAAAP///////yH5BAEKAAEALAAAAAABAAEAAAICTAEAOw==",0.25,0.3333333333333333,0.0
"‘Japan Sinks: 2020’ review: Masaaki Yuasa’s anime series on Netflix is flawed, but relevant",The Hindu,"Jul 15, 2020",2020-07-15,"Directed by Masaaki Yuasa, Japan Sinks: 2020, a 10-episode anime series based on the 1973 novel of the same name, follows a middle-class urban family's ...",https://www.thehindu.com/entertainment/movies/japan-sinks-2020-review-masaaki-yuasas-anime-series-on-netflix-is-flawed-but-relevant/article32090453.ece,"data:image/gif;base64,R0lGODlhAQABAIAAAP///////yH5BAEKAAEALAAAAAABAAEAAAICTAEAOw==",-0.06666666666666665,0.4666666666666666,-0.2617
Is Barron Trump really a secret gamer who loves K-pop and anime?,South China Morning Post,"Jul 15, 2020",2020-07-15,Is Barron Trump really a secret gamer who loves K-pop and anime? The secret life of Donald and Melania Trump's son. What does the future hold for US President ...,https://www.scmp.com/magazines/style/celebrity/article/3093228/barron-trump-really-secret-gamer-who-loves-k-pop-and,"data:image/gif;base64,R0lGODlhAQABAIAAAP///////yH5BAEKAAEALAAAAAABAAEAAAICTAEAOw==",-0.4,0.7,0.5719
"10 Anime Characters Who Can Actually Rival Goku, Ranked By Strength",Screen Rant,"Jul 14, 2020",2020-07-14,"Although barely any anime characters can defeat Goku, there are some who can rival him and put up a fight. 10 Nanika. An entity from the Dark Continent ...",https://screenrant.com/anime-characters-rival-goku-ranked-strength/,"data:image/gif;base64,R0lGODlhAQABAIAAAP///////yH5BAEKAAEALAAAAAABAAEAAAICTAEAOw==",0.0,0.1,0.4939
Anime Distributor Turns To Merchandise And E-Commerce Amid Pandemic For Growth,Forbes,"Jul 13, 2020",2020-07-13,"As the name implies, Chiu's Hong Kong-based Medialink Group connects anime producers in Japan with consumers in mainland China. Medialink gets 80% of ...",https://www.forbes.com/sites/ywang/2020/07/13/anime-distributor-turns-to-merchandise-and-e-commerce-amid-pandemic-for-growth/,"data:image/gif;base64,R0lGODlhAQABAIAAAP///////yH5BAEKAAEALAAAAAABAAEAAAICTAEAOw==",0.0,0.0,0.3818
Here Are Seven Anime With Black Main Characters That You ...,BuzzFeed,"Jul 11, 2020",2020-07-11,What it's about: Michiko & Hatchin is my absolute favorite anime of all time! This was the first anime that I ever I watched that had a Black female protagonist and it ...,https://www.buzzfeed.com/dominibear/top-7-badass-black-anime-leads-you-need-to-watch-984w5eo9mp,"data:image/gif;base64,R0lGODlhAQABAIAAAP///////yH5BAEKAAEALAAAAAABAAEAAAICTAEAOw==",0.0,0.3833333333333333,0.0
There's a Filipina character in dystopian anime 'Japan Sinks: 2020' and Pinoys are rejoicing,GMA News,"Jul 11, 2020",2020-07-11,"Meet Mari Mutoh, representing Cebu, Philippines! This character surprised viewers of dystopian anime show ""Japan Sinks: 2020"" when she revealed her origins ...",https://www.gmanetwork.com/news/hashtag/content/746451/there-s-a-filipina-character-in-dystopian-anime-japan-sinks-2020-and-pinoys-are-rejoicing/story/,"data:image/gif;base64,R0lGODlhAQABAIAAAP///////yH5BAEKAAEALAAAAAABAAEAAAICTAEAOw==",-0.1,0.0,0.5859
Get animated over anime,Bangkok Post,"Jul 10, 2020",2020-07-10,"Your Name was both a commercial and critical success, winning numerous awards, and is now the highest-grossing anime film of all time. For fans of superheroes, ...",https://www.bangkokpost.com/life/social-and-lifestyle/1949056/get-animated-over-anime,"data:image/gif;base64,R0lGODlhAQABAIAAAP///////yH5BAEKAAEALAAAAAABAAEAAAICTAEAOw==",0.0,0.0,0.0
'Japan Sinks: 2020' Review: How Is This Anime So Calming And Terrifying At The Same Time?,Mashable India,"Jul 10, 2020",2020-07-10,"Rife with earthquakes and loss, the anime is perhaps too timely and won't go easy on anyone watching in the titular year. But the result is a close and hella real ...",https://in.mashable.com/entertainment/15492/japan-sinks-2020-review-how-is-this-anime-so-calming-and-terrifying-at-the-same-time,"data:image/gif;base64,R0lGODlhAQABAIAAAP///////yH5BAEKAAEALAAAAAABAAEAAAICTAEAOw==",-0.3666666666666667,0.375,-0.1211
Megan Thee Stallion Connects With Crunchyroll on Limited Edition Anime Merch,Complex,"Jul 9, 2020",2020-07-09,The Houston rapper recently joined forces with Crunchyroll on an anime streetwear capsule under the in-house Crunchyroll Loves line. The unisex pieces include ...,https://www.complex.com/style/2020/07/megan-thee-stallion-crunchyroll-anime-collaboration,"data:image/gif;base64,R0lGODlhAQABAIAAAP///////yH5BAEKAAEALAAAAAABAAEAAAICTAEAOw==",-0.07142857142857142,0.14285714285714285,-0.2263
A Japanese Manga Based On The Beloved Indian Sport Kabaddi Will Soon Come To Life On Television,India Times,"Jul 9, 2020",2020-07-09,"Anime, also known as Japanimation, is hand-drawn and computer animation from Japan. The term 'anime' is derived from the English word animation and is ...",https://www.indiatimes.com/trending/social-relevance/japanese-anime-on-kabaddi-517542.html,"data:image/gif;base64,R0lGODlhAQABAIAAAP///////yH5BAEKAAEALAAAAAABAAEAAAICTAEAOw==",0.35,0.5,0.5106
The God of High School soundtrack: Crunchyroll anime features themes from KSUKE and CIX,HITC,"Jul 6, 2020",2020-07-06,"Crunchyroll's latest original anime, The God of High School has just premiered, but fans already can't get enough of the soundtrack. Let's be honest, the ...",https://www.hitc.com/en-gb/2020/07/06/the-god-of-high-school-soundtrack/,"data:image/gif;base64,R0lGODlhAQABAIAAAP///////yH5BAEKAAEALAAAAAABAAEAAAICTAEAOw==",0.16,0.5399999999999999,0.2732
G-SHOCK Collaborates With Japanese Anime Series,AUGUSTMAN,"Jul 6, 2020",2020-07-06,The fun and functional G-SHOCK designs will appeal to fans of each anime series throughout the world. One piece.,https://www.augustman.com/my/style/watches/g-shock-collaborates-with-japanese-anime-series/,"data:image/gif;base64,R0lGODlhAQABAIAAAP///////yH5BAEKAAEALAAAAAABAAEAAAICTAEAOw==",0.0,0.0,0.0
‘The World Ends With You’ Anime Has A New Trailer,Forbes,"Jul 5, 2020",2020-07-05,"This new anime then has a lot to live up to and the new trailer (shown below) looks as though this could end up being rather good. Released next year, The ...",https://www.forbes.com/sites/olliebarder/2020/07/05/the-world-ends-with-you-anime-has-a-new-trailer/,"data:image/gif;base64,R0lGODlhAQABAIAAAP///////yH5BAEKAAEALAAAAAABAAEAAAICTAEAOw==",0.13636363636363635,0.45454545454545453,0.0
Persona 5 anime is getting an English dub,VG247,"Jul 5, 2020",2020-07-05,"The Persona 5 anime series is officially getting an English dub, and all of the core voice actors are returning â€“ including Joker, who will actually say full ...",https://www.vg247.com/2020/07/05/persona-5-anime-english-dub/,"data:image/gif;base64,R0lGODlhAQABAIAAAP///////yH5BAEKAAEALAAAAAABAAEAAAICTAEAOw==",0.0,0.0,0.0
How anime and super sentai shows sustained Filipino ...,Rappler,"Jul 5, 2020",2020-07-05,"How anime and super sentai shows sustained Filipino imagination of heroism and humanity. Jul 5, 2020 8:00 PM PHT. image.",https://www.rappler.com/entertainment/series/how-anime-super-sentai-shows-sustained-filipino-imagination-heroism-humanity,"data:image/gif;base64,R0lGODlhAQABAIAAAP///////yH5BAEKAAEALAAAAAABAAEAAAICTAEAOw==",0.3333333333333333,0.6666666666666666,0.5994
The World Ends With You Anime Releases Next Year,Kotaku,"Jul 4, 2020",2020-07-04,"Announced this weekend at the digital FunimationCon 2020 event, The World Ends With You The Animation is a new anime launching in 2020 and is based on ...",https://kotaku.com/the-world-ends-with-you-anime-releases-next-year-1844266596,"data:image/gif;base64,R0lGODlhAQABAIAAAP///////yH5BAEKAAEALAAAAAABAAEAAAICTAEAOw==",0.0,0.0,0.0
The World Ends With You Anime Is Coming In 2021 | TheGamer,TheGamer,"Jul 4, 2020",2020-07-04,"The Reaper Game is starting anew, as an anime adaptation of The World Ends with You has been announced for 2021. The World Ends with You was originally ...",https://www.thegamer.com/the-world-ends-with-you-anime-coming-2021/,"data:image/gif;base64,R0lGODlhAQABAIAAAP///////yH5BAEKAAEALAAAAAABAAEAAAICTAEAOw==",0.0,0.0,0.0
BNA: Brand New Animal Review,But Why Tho? A Geek Community,"Jul 4, 2020",2020-07-04,"Similar to Netflix's other furry favorite anime Beastars, BNA uses its humanoid animals to tackle larger themes of intolerance, biomedical ethics, and religion. A ...",https://butwhythopodcast.com/2020/07/04/review-bna-brand-new-animal-is-the-anime-we-need-right-now/,"data:image/gif;base64,R0lGODlhAQABAIAAAP///////yH5BAEKAAEALAAAAAABAAEAAAICTAEAOw==",0.13636363636363635,0.45454545454545453,0.0
5 Anime That Are Great For Beginners (& 5 For The More Seasoned Viewer),Screen Rant,"Jul 4, 2020",2020-07-04,"However, for beginners in the anime format, there are some shows they can start from to know the basic tropes of Japanese animation. For the longtime fans, here ...",https://screenrant.com/beginner-advanced-anime-series/,"data:image/gif;base64,R0lGODlhAQABAIAAAP///////yH5BAEKAAEALAAAAAABAAEAAAICTAEAOw==",0.5166666666666667,0.5,0.6249
How to Watch Anime Expo Lite and FunimationCon,Comicbook.com,"Jul 3, 2020",2020-07-03,Here's how you can tune in! Both conventions are currently running as of this writing and each have jam packed schedules. Anime Expo Lite is offering free ...,https://comicbook.com/anime/news/how-to-watch-anime-expo-lite-funimationcon/,"data:image/gif;base64,R0lGODlhAQABAIAAAP///////yH5BAEKAAEALAAAAAABAAEAAAICTAEAOw==",0.0,0.0,0.0
Naruto’s Entire Anime is Coming to Funimation,Comicbook.com,"Jul 3, 2020",2020-07-03,"With the anime having been made available on Netflix and Crunchyroll in the past, these episodes will cover the first series, pre-Shippuden and Boruto: Naruto ...",https://comicbook.com/anime/news/naruto-funimation-stream-anime-july-2020/,"data:image/gif;base64,R0lGODlhAQABAIAAAP///////yH5BAEKAAEALAAAAAABAAEAAAICTAEAOw==",0.0,0.625,0.0
12 Shocking Facts About Anime You Need To Know,News Landed,"Jul 3, 2020",2020-07-03,"According to a 2004 document from the Japan External Trade Organization, anime films and television shows account for 60% of the world's animation-based ...",https://newslanded.com/2020/07/03/12-shocking-facts-about-anime-you-need-to-know/,"data:image/gif;base64,R0lGODlhAQABAIAAAP///////yH5BAEKAAEALAAAAAABAAEAAAICTAEAOw==",-1.0,1.0,-0.4019
