title,media,date,datetime,desc,link,img,textBlob polarity,textBlob subjectivity,vader polarity
One Piece Creator Reveals Their Favorite Scenes in the Anime,Comicbook.com,"Aug 31, 2020",2020-08-31,"The lengthy interview touched on several topics of Oda's life, and it was there the creator shared favorite moments from the anime. These three scenes from One ...",https://comicbook.com/anime/news/one-piece-anime-manga-best-moments-creator-eiichiro-oda/,"data:image/gif;base64,R0lGODlhAQABAIAAAP///////yH5BAEKAAEALAAAAAABAAEAAAICTAEAOw==",0.5,1.0,0.4588
"Meet Narmak, Creator of the Viral SpongeBob Anime ...",The Diplomat,"Aug 31, 2020",2020-08-31,"Narmak adopted the Japanese term “Suponji Bobu” (スポンジ・ボブ) for his anime interpretation of the beloved American animated series, “SpongeBob ...",https://thediplomat.com/2020/08/meet-narmak-creator-of-the-viral-spongebob-anime-suponjibobu/,"data:image/gif;base64,R0lGODlhAQABAIAAAP///////yH5BAEKAAEALAAAAAABAAEAAAICTAEAOw==",0.0,0.0,0.0
"One Piece anime/manga creator says when he wants the series to end, promises it’ll be “amazing”",SoraNews24,"Aug 28, 2020",2020-08-28,"Eiichiro Oda also gives his thoughts on the quality of One Piece's first-ever chapter. Despite being a tail of nautical adventures, there's no manga/anime that keeps ...",https://soranews24.com/2020/08/28/one-piece-anime-manga-creator-says-when-he-wants-series-to-end-promises-itll-be-amazing/,"data:image/gif;base64,R0lGODlhAQABAIAAAP///////yH5BAEKAAEALAAAAAABAAEAAAICTAEAOw==",0.4,0.5,0.3818
Manga City Tokyo is the most comprehensive exhibition to ...,Time Out,"Aug 28, 2020",2020-08-28,"The portrayal of anime and manga characters is a reflection of Japanese society. As such, it can provide profound historical insight on how Tokyo's culture shifted ...",https://www.timeout.com/tokyo/news/manga-city-tokyo-is-the-most-comprehensive-exhibition-to-date-on-japanese-manga-and-anime-082820,"data:image/gif;base64,R0lGODlhAQABAIAAAP///////yH5BAEKAAEALAAAAAABAAEAAAICTAEAOw==",0.5,0.5,0.3167
One Piece's Creator Reveals When He Will End The Series,Comicbook.com,"Aug 27, 2020",2020-08-27,"Since hitting the scene thanks to the weekly manga publication known as Shonen Jump, One Piece has become one of the most popular anime series in the world, ...",https://comicbook.com/anime/news/one-piece-creator-series-finale-timeline/,"data:image/gif;base64,R0lGODlhAQABAIAAAP///////yH5BAEKAAEALAAAAAABAAEAAAICTAEAOw==",0.0,0.0,0.0
Crunchyroll vs. Funimation: Anime Streaming Subs or Dubs?,PCMag.com,"Aug 27, 2020",2020-08-27,Anime fans know that there's an epic battle being fought between two anime streaming services: Crunchyroll's vast army of subs and Funimation's elite dubs.,https://www.pcmag.com/comparisons/crunchyroll-vs-funimation-anime-streaming-subs-or-dubs,"data:image/gif;base64,R0lGODlhAQABAIAAAP///////yH5BAEKAAEALAAAAAABAAEAAAICTAEAOw==",0.0,0.0,0.0
8 Great Anime Movies Available Streaming,Cinema Blend,"Aug 27, 2020",2020-08-27,"But anime is, at its heart, Japanese animation that literally comes from Japan. So even though there are movies and TV shows from different countries that like to ...",https://www.cinemablend.com/news/2553009/great-anime-movies-available-streaming,"data:image/gif;base64,R0lGODlhAQABAIAAAP///////yH5BAEKAAEALAAAAAABAAEAAAICTAEAOw==",0.6000000000000001,0.575,0.6249
Captain Tsubasa: Rise of New Champions Review: Super Saiyan Soccer,Screen Rant,"Aug 27, 2020",2020-08-27,"Captain Tsubasa is a nearly 40-year-old manga and anime series detailing the rise of Tsubasa Ozora, an extremely gifted soccer player. His friends and rivals ...",https://screenrant.com/captain-tsubasa-rise-new-champions-game-review/,"data:image/gif;base64,R0lGODlhAQABAIAAAP///////yH5BAEKAAEALAAAAAABAAEAAAICTAEAOw==",0.23484848484848483,0.5606060606060606,0.8074
Anime to binge while the world falls apart,Rappler,"Aug 27, 2020",2020-08-27,"We all have our ways of doing that, and for me, it's watching anime until 5 AM. So from my binge list to yours, here are five series to watch while the world burns ...",https://www.rappler.com/entertainment/series/anime-to-binge-while-the-world-falls-apart,"data:image/gif;base64,R0lGODlhAQABAIAAAP///////yH5BAEKAAEALAAAAAABAAEAAAICTAEAOw==",0.0,0.0,0.0
‘Dragon’s Dogma’ Is Getting An Anime Series On Netflix This September,Forbes,"Aug 25, 2020",2020-08-25,"It is here where you take on the role of the Arisen, which is something this new anime series looks like it will cover. The new trailer for the anime (shown below) ...",https://www.forbes.com/sites/olliebarder/2020/08/25/dragons-dogma-is-getting-an-anime-series-on-netflix-this-september/,"data:image/gif;base64,R0lGODlhAQABAIAAAP///////yH5BAEKAAEALAAAAAABAAEAAAICTAEAOw==",0.0,0.0,0.0
This Japanese Citys Manholes Are Decorated With Anime Characters And Have Another Surprise Feature,Rojak Daily,"Aug 25, 2020",2020-08-25,"An unsightly element. Knowing that they cannot do away with it altogether, a city in Japan decided to pretty them up with anime characters instead.",https://rojakdaily.com/lifestyle/article/10371/this-japanese-city-s-manholes-are-decorated-with-anime-characters-and-have-another-surprise-feature,"data:image/gif;base64,R0lGODlhAQABAIAAAP///////yH5BAEKAAEALAAAAAABAAEAAAICTAEAOw==",0.0,0.0,0.2732
WarnerMedia Anime Outfit Crunchyroll Adds Two Higher-Level Subscription Tiers,Deadline,"Aug 24, 2020",2020-08-24,Merchandise — a proven draw for anime fans — is an element of both higher-level tiers. “Fan” subscribers get access to Crunchyroll's anime library of more than ...,https://deadline.com/2020/08/warnermedia-anime-crunchyroll-adds-two-higher-level-subscription-tiers-1203019891/,"data:image/gif;base64,R0lGODlhAQABAIAAAP///////yH5BAEKAAEALAAAAAABAAEAAAICTAEAOw==",0.0,0.0,0.0
Japan city lights up sewer covers with anime characters,The Straits Times,"Aug 21, 2020",2020-08-21,"A total of 28 manhole covers were installed throughout the city on Aug 1, featuring anime characters such as Gundam robot and from Neon Genesis Evangelion ...",https://www.straitstimes.com/asia/east-asia/japan-city-lights-up-sewer-covers-with-anime-characters,"data:image/gif;base64,R0lGODlhAQABAIAAAP///////yH5BAEKAAEALAAAAAABAAEAAAICTAEAOw==",0.0,0.0,0.0
6 Marvel Anime To Watch To Get Your Hero Fix | CBR,CBR,"Aug 21, 2020",2020-08-21,"In 2010 Marvel teamed up with anime studio MADHOUSE to create anime that reimagined Marvel heroes for a Japanese audience. This project, dubbed Marvel ...",https://www.cbr.com/6-marvel-anime-get-your-hero-fix/,"data:image/gif;base64,R0lGODlhAQABAIAAAP///////yH5BAEKAAEALAAAAAABAAEAAAICTAEAOw==",0.0,0.0,0.7506
Haruhi Suzumiya's 'Endless Eight' Arc Is the Most Relatable Anime for This Moment,CBR,"Aug 21, 2020",2020-08-21,"Time loops are a popular anime trope. From Puella Magi Madoka Magica to Steins;Gate to even Dragon Ball, the idea of getting stuck in an unending cycle of ...",https://www.cbr.com/haruhi-suzumiya-endless-eight-arc-relatable/,"data:image/gif;base64,R0lGODlhAQABAIAAAP///////yH5BAEKAAEALAAAAAABAAEAAAICTAEAOw==",0.1875,0.625,0.0
Manholes get glowing anime makeover in Japan's Tokorozawa,CNA,"Aug 20, 2020",2020-08-20,"Bookmark. TOKOROZAWA, Japan: A set of manhole covers in Japan's Tokorozawa city, north of Tokyo, has been decorated with anime characters that glow in the ...",https://www.channelnewsasia.com/news/asia/manholes-get-glowing-anime-makeover-in-japan-s-tokorozawa-13035470,"data:image/gif;base64,R0lGODlhAQABAIAAAP///////yH5BAEKAAEALAAAAAABAAEAAAICTAEAOw==",0.0,0.0,0.0
Great Pretender review: Netflix’s new anime delivers a thrilling heist,Polygon,"Aug 20, 2020",2020-08-20,"In 1987, legendary Queen's frontman Freddie Mercury released his cover of “The Great Pretender,” a 1955 song performed by The Platters about pretending to ...",https://www.polygon.com/2020/8/20/21376734/great-pretender-review-netflix-new-anime-wit-studio,"data:image/gif;base64,R0lGODlhAQABAIAAAP///////yH5BAEKAAEALAAAAAABAAEAAAICTAEAOw==",0.3954545454545455,0.7348484848484849,0.802
Manholes in a Japan town get glowing anime makeover,The Indian Express,"Aug 20, 2020",2020-08-20,"A set of manhole covers in Japan's Tokorozawa city, north of Tokyo, has been decorated with anime characters that glow in the dark, to the delight of locals and ...",https://indianexpress.com/article/trending/trending-globally/japan-manhole-anime-glow-in-the-dark-6562495/,"data:image/gif;base64,R0lGODlhAQABAIAAAP///////yH5BAEKAAEALAAAAAABAAEAAAICTAEAOw==",0.0,0.0,0.0
Top 5 Fantasy Anime For Your Bucket List,That Hashtag Show,"Aug 19, 2020",2020-08-19,Demon Slayer: Kimetsu no Yaiba is the anime adaptation of the manga series by Koyoharu Gotouge. The manga itself ran for a respectable 23 volumes beginning ...,https://www.thathashtagshow.com/2020/08/19/top-5-fantasy-anime-for-your-bucket-list/,"data:image/gif;base64,R0lGODlhAQABAIAAAP///////yH5BAEKAAEALAAAAAABAAEAAAICTAEAOw==",0.5,0.5,0.2023
"New Report Reveals Anime Piracy's Unfair Impact on Fans in India, Southeast Asia",Comicbook.com,"Aug 19, 2020",2020-08-19,"Anime piracy has been a part of the fandom for decades now, but one of its biggest resources was shutdown this past weekend. KissAnime and KissManga were ...",https://comicbook.com/anime/news/kissanime-close-anime-piracy-users-india-southeast-asia/,"data:image/gif;base64,R0lGODlhAQABAIAAAP///////yH5BAEKAAEALAAAAAABAAEAAAICTAEAOw==",-0.18181818181818182,0.7272727272727273,-0.4767
Legal Anime Streaming Sites To Fill The KissAnime Void,Geek Culture,"Aug 18, 2020",2020-08-18,"There are in fact a number of other websites that one can use to stream anime legally, and best of all, some even offer anime free of charge. Without further ado, ...",https://geekculture.co/legal-anime-streaming-sites-to-fill-the-kissanime-void/,"data:image/gif;base64,R0lGODlhAQABAIAAAP///////yH5BAEKAAEALAAAAAABAAEAAAICTAEAOw==",0.2,0.2,0.128
Cartoon Network launches anime block in LatAm,Kidscreen,"Aug 18, 2020",2020-08-18,"Curated by the anime-focused streamer, the new programming block launches August 31 and will run Monday to Friday from midnight to one a.m., and feature ...",https://kidscreen.com/2020/08/18/cartoon-network-launches-anime-block-in-latam/,"data:image/gif;base64,R0lGODlhAQABAIAAAP///////yH5BAEKAAEALAAAAAABAAEAAAICTAEAOw==",0.0,0.0,-0.4404
Here's Why Free Anime Can't Benefit Studios in the Long Run,Comicbook.com,"Aug 18, 2020",2020-08-18,"As technology has advanced, it has become increasingly easy getting access to anime from Japan, and many series are streamed simultaneously nowadays. Sites ...",https://comicbook.com/anime/news/free-anime-streaming-harmful-industry-youtube-piracy/,"data:image/gif;base64,R0lGODlhAQABAIAAAP///////yH5BAEKAAEALAAAAAABAAEAAAICTAEAOw==",0.17500000000000002,0.6000000000000001,0.2071
The Demon Slayer x Uniqlo Collab Is Finally Here,TeenVogue.com,"Aug 18, 2020",2020-08-18,ANIME DEMON SLAYER: KIMETSU NO YAIBA UT Â· ANIME DEMON SLAYER: KIMETSU NO YAIBA UT (Black).,https://www.teenvogue.com/story/demon-slayer-uniqlo-anime-collaboration,"data:image/gif;base64,R0lGODlhAQABAIAAAP///////yH5BAEKAAEALAAAAAABAAEAAAICTAEAOw==",0.0,1.0,0.0
Persona 5 Anime Dub Starts Streaming on Funimation Today,Game Rant,"Aug 18, 2020",2020-08-18,"Thankfully at this year's Anime Expo Lite anime distributor Aniplex announced that it would be releasing a dub for Persona 5: The Animation which, starting ...",https://gamerant.com/persona-5-anime-funimation-release-date/,"data:image/gif;base64,R0lGODlhAQABAIAAAP///////yH5BAEKAAEALAAAAAABAAEAAAICTAEAOw==",0.0,0.0,0.0
Pokemon: It's the Perfect Time to Phase Ash Out of the Anime,CBR,"Aug 16, 2020",2020-08-16,"9, has made history as the first main Pokémon anime episode to not feature either of the series' iconic duo, Ash and Pikachu. Instead, it elected to focus on Goh, ...",https://www.cbr.com/pokemon-goh-perfect-time-to-phase-ash-out-of-anime/,"data:image/gif;base64,R0lGODlhAQABAIAAAP///////yH5BAEKAAEALAAAAAABAAEAAAICTAEAOw==",1.0,1.0,0.5719
"Which anime character are you: Singapore edition, Digital News",AsiaOne,"Aug 16, 2020",2020-08-16,"That's what we thought, too - but unlike the usual quizzes online, we decided to pair the anime characters with quintessential Singaporean personalities.",https://www.asiaone.com/digital/which-anime-character-are-you-singapore-edition,"data:image/gif;base64,R0lGODlhAQABAIAAAP///////yH5BAEKAAEALAAAAAABAAEAAAICTAEAOw==",0.0,0.0,0.0
The 9 best superhero anime shows to stream online right now - Insider,INSIDER,"Aug 16, 2020",2020-08-16,"From spotting Stan Lee's cameo in ""Heroman"" to keeping track of the complex plot twists in ""Cyborg 009: Call of Justice,"" the anime universe has something for ...",https://www.insider.com/best-superhero-anime-shows-to-stream-netflix-amazon-prime-crunchyroll-2020-8,"data:image/gif;base64,R0lGODlhAQABAIAAAP///////yH5BAEKAAEALAAAAAABAAEAAAICTAEAOw==",0.6428571428571428,0.4178571428571428,0.6369
"KissAnime, longstanding pirate anime streaming site, is ...",Mothership.sg,"Aug 15, 2020",2020-08-15,"KissAnime is a longstanding piracy website where people illegally stream anime shows. On August 15, 2020, moderators on the KissAnime subreddit posted a ...",https://mothership.sg/2020/08/kissanime-taken-down/,"data:image/gif;base64,R0lGODlhAQABAIAAAP///////yH5BAEKAAEALAAAAAABAAEAAAICTAEAOw==",0.0,0.0,0.0
Crunchyroll Anime-Streaming Service Reportedly Being Sold To Sony For At Least $1 Billion,Geek Culture,"Aug 15, 2020",2020-08-15,"WarnerMedia is reportedly looking to sell off their anime-streaming service, Crunchyroll to Sony Pictures Entertainment, for at least $1 Billion. This is part of its ...",https://geekculture.co/crunchyroll-anime-streaming-service-reportedly-being-sold-to-sony-for-at-least-1-billion/,"data:image/gif;base64,R0lGODlhAQABAIAAAP///////yH5BAEKAAEALAAAAAABAAEAAAICTAEAOw==",-0.3,0.4,0.0
5 Anime to Watch After You've Beaten Ghost of Tsushima | CBR,CBR,"Aug 15, 2020",2020-08-15,Here are five action anime recommendations that offer up a similar feel and story. Sword of the Stranger. This is a ...,https://www.cbr.com/5-anime-like-ghost-of-tsushima/,"data:image/gif;base64,R0lGODlhAQABAIAAAP///////yH5BAEKAAEALAAAAAABAAEAAAICTAEAOw==",0.0,0.0,-0.6249
'Cells At Work!' Season 2 Trailer: Hilarious Anime With Cells As Characters Returns In 2021,Mashable India,"Aug 14, 2020",2020-08-14,"The anime is based on Akane Shimizu's manga about anthropomorphized cells including Red Blood Cells, White Blood Cells and Platelets working together to ...",https://in.mashable.com/entertainment/16347/cells-at-work-season-2-trailer-hilarious-anime-with-cells-as-characters-returns-in-2021,"data:image/gif;base64,R0lGODlhAQABAIAAAP///////yH5BAEKAAEALAAAAAABAAEAAAICTAEAOw==",0.5,1.0,0.4574
Anime companies unite to release 3000 free anime series on ...,Mothership.sg,"Aug 13, 2020",2020-08-13,"A group of anime companies have come together to launch a YouTube channel which aims to provide free anime shows on the platform. 3,000 anime titles by ...",https://mothership.sg/2020/08/free-anime-youtube/,"data:image/gif;base64,R0lGODlhAQABAIAAAP///////yH5BAEKAAEALAAAAAABAAEAAAICTAEAOw==",0.4,0.8,0.5106
WarnerMedia Looking to Sell Crunchyroll Anime-Streaming Service for at Least $1 Billion,Variety,"Aug 12, 2020",2020-08-12,"WarnerMedia is looking to offload Crunchyroll, its anime subscription-streaming service — with an asking price of at least $1 billion — as parent company AT&T ...",https://variety.com/2020/digital/news/warnermedia-selling-crunchyroll-anime-sony-1234733441/,"data:image/gif;base64,R0lGODlhAQABAIAAAP///////yH5BAEKAAEALAAAAAABAAEAAAICTAEAOw==",-0.3,0.4,0.0
"10 Best Pokemon, According To The Anime | Game Rant",Game Rant,"Aug 11, 2020",2020-08-11,"For many, it's more than just an anime. It's something they grew up with. Those who have experienced the thrill of discussing the latest episode of Pokémon the ...",https://gamerant.com/best-pokemon-according-to-anime/,"data:image/gif;base64,R0lGODlhAQABAIAAAP///////yH5BAEKAAEALAAAAAABAAEAAAICTAEAOw==",0.3,0.35,0.4215
Netflix Anime ‘Great Pretender’ Part 1: Coming to Netflix in August 2020,What's on Netflix,"Aug 11, 2020",2020-08-11,"Great Pretender is an upcoming internationally licensed Netflix Original Japanese crime-anime series, written by Ryōta Kosawa. The series has been produced by ...",https://www.whats-on-netflix.com/news/netflix-anime-great-pretender-part-1-coming-to-netflix-in-august-2020/,"data:image/gif;base64,R0lGODlhAQABAIAAAP///////yH5BAEKAAEALAAAAAABAAEAAAICTAEAOw==",0.8,0.75,0.0
The Deep Influence of the A-Bomb on Anime and Manga,The Wire,"Aug 10, 2020",2020-08-10,"At the end of Katsuhiro Otomo's dystopian Japanese anime film Akira, a throbbing, white mass · We can see the lasting images of the firebombings and the atomic ...",https://thewire.in/film/the-deep-influence-of-the-a-bomb-on-anime-and-manga,"data:image/gif;base64,R0lGODlhAQABAIAAAP///////yH5BAEKAAEALAAAAAABAAEAAAICTAEAOw==",0.0,0.4,0.0
Japan's Top Studios Combine to Launch Youtube Channel to Stream Free Anime,Comicbook.com,"Aug 10, 2020",2020-08-10,"Japan's Top Studios Combine to Launch Youtube Channel to Stream Free Anime. By Megan Peters - August 10, 2020 02:27 pm EDT.",https://comicbook.com/anime/news/dragon-ball-toei-animation-kodansha-youtube-overseas-anime-manga/,"data:image/gif;base64,R0lGODlhAQABAIAAAP///////yH5BAEKAAEALAAAAAABAAEAAAICTAEAOw==",0.45,0.65,0.6249
New 'Rick and Morty' anime special reveals shared identity ...,NME.com,"Aug 10, 2020",2020-08-10,New 'Rick and Morty' anime special reveals shared identity plot line. The new special seems to change everything you knew about the show...,https://www.nme.com/news/tv/new-rick-and-morty-anime-special-reveals-shared-identity-plot-line-2724483,"data:image/gif;base64,R0lGODlhAQABAIAAAP///////yH5BAEKAAEALAAAAAABAAEAAAICTAEAOw==",0.24675324675324675,0.512987012987013,0.6249
Sony sets out to conquer entertainment world with anime,Nikkei Asian Review,"Aug 8, 2020",2020-08-08,"""Our group wants to contribute to delivering Japanese anime to fans worldwide,"" said Sony President Kenichiro Yoshida at a strategy meeting on May 19, ...",https://asia.nikkei.com/Business/Media-Entertainment/Sony-sets-out-to-conquer-entertainment-world-with-anime,"data:image/gif;base64,R0lGODlhAQABAIAAAP///////yH5BAEKAAEALAAAAAABAAEAAAICTAEAOw==",0.0,0.0,0.4215
Japan Animation Leaders Unite for YouTube Initiative,Variety,"Aug 7, 2020",2020-08-07,"Toei Animation, Kodansha and other anime content providers have banded together to start a channel on YouTube. The goal is to have 30 companies providing ...",https://variety.com/2020/streaming/asia/japan-animation-unified-youtube-anime-initiative-1234728555/,"data:image/gif;base64,R0lGODlhAQABAIAAAP///////yH5BAEKAAEALAAAAAABAAEAAAICTAEAOw==",0.0,0.0,0.0
Summer 2020's roster of new anime TV shows is short but sweet,The Japan Times,"Aug 7, 2020",2020-08-07,Summer 2020's anime season is a rare beast in that the average person could conceivably sample every new show. Such a feat usually requires superhuman ...,https://www.japantimes.co.jp/culture/2020/08/07/tv/summer-anime-2020/,"data:image/gif;base64,R0lGODlhAQABAIAAAP///////yH5BAEKAAEALAAAAAABAAEAAAICTAEAOw==",0.1621212121212121,0.4681818181818182,0.6124
Inuyasha Spin-off Anime Yashahime: Princess Half-Demon ...,Geek Culture,"Aug 7, 2020",2020-08-07,It was first reported back in May that the massively popular fantasy adventure manga/anime series Inuyasha will be getting a spin-off anime series titled ...,https://geekculture.co/inuyasha-spin-off-anime-yashahime-princess-half-demon-releases-first-trailer-introducing-the-main-cast/,"data:image/gif;base64,R0lGODlhAQABAIAAAP///////yH5BAEKAAEALAAAAAABAAEAAAICTAEAOw==",0.0,0.0,0.0
"Asus ROG Zephyrus G14 laptop with AMD Ryzen 9 processor, optional AniMe Matrix display launched in India",Financial Express,"Aug 6, 2020",2020-08-06,"Asus has launched the ROG Zephyrus G14 with AniMe Matrix at a starting price of Rs 98,990 while the option without the AniMe Matrix will start at Rs 80,990.",https://www.financialexpress.com/industry/technology/asus-rog-zephyrus-g14-laptop-with-amd-ryzen-9-processor-optional-anime-matrix-display-launched-in-india/2047215/,"data:image/gif;base64,R0lGODlhAQABAIAAAP///////yH5BAEKAAEALAAAAAABAAEAAAICTAEAOw==",0.0,0.0,0.128
"8 ""dark"" anime to watch that are almost true to real-life situations",Mashable SE Asia,"Aug 5, 2020",2020-08-05,"Get ready anime fans, it's time to get your minds blown. In this list of ""dark"" animes, we include titles that are generally known for its more mature themes as well ...",https://sea.mashable.com/culture/11779/8-dark-anime-to-watch-that-are-almost-true-to-real-life-situations,"data:image/gif;base64,R0lGODlhAQABAIAAAP///////yH5BAEKAAEALAAAAAABAAEAAAICTAEAOw==",0.09999999999999999,0.525,0.3626
'Sword Art Online' puts players in world of anime,Worcester Telegram,"Aug 4, 2020",2020-08-04,"""Sword Art Online"" is one of the most prominent and unique titles in anime. Centering around characters playing as avatars in a virtual reality MMO world, the ...",https://www.telegram.com/story/entertainment/2020/08/04/video-game-review-sword-art-online-puts-players-in-world-of-anime/42522777/,"data:image/gif;base64,R0lGODlhAQABAIAAAP///////yH5BAEKAAEALAAAAAABAAEAAAICTAEAOw==",0.0,0.0,0.0
One Piece Fans Go Off Online Over Anime's New Opening,Comicbook.com,"Aug 3, 2020",2020-08-03,Where does Opening 23 rank among your favorite opening themes in the anime overall? Let us know your thoughts in the comments or you can even reach out to ...,https://comicbook.com/anime/news/one-piece-opening-23-anime-wano-reactions/,"data:image/gif;base64,R0lGODlhAQABAIAAAP///////yH5BAEKAAEALAAAAAABAAEAAAICTAEAOw==",0.13636363636363635,0.45454545454545453,0.0
"‘John Wick’ writer to pen, produce ‘Splinter Cell’ anime series adaptation - The Jakarta Post",Jakarta Post,"Aug 2, 2020",2020-08-02,Tom Clancy's award-winning video game saga “Splinter Cell” will be having its own anime series adaptation with the help of “John Wick” trilogy writer Derek ...,https://www.thejakartapost.com/life/2020/08/01/john-wick-writer-to-pen-produce-splinter-cell-anime-series-adaptation.html,"data:image/gif;base64,R0lGODlhAQABAIAAAP///////yH5BAEKAAEALAAAAAABAAEAAAICTAEAOw==",0.0,0.0,0.0
Mask-Wearing Anime Characters Perfect for Cosplaying Now | CBR,CBR,"Aug 2, 2020",2020-08-02,"However, the mandated face coverings regulation has permitted us to wear some of our favorite anime character cosplays featuring masks. From subtlety to ...",https://www.cbr.com/mask-wearing-anime-characters-perfect-for-cosplaying-now/,"data:image/gif;base64,R0lGODlhAQABAIAAAP///////yH5BAEKAAEALAAAAAABAAEAAAICTAEAOw==",1.0,1.0,0.5719
Here's How Much of Fairy Tail's Anime You Need to Watch to Play the Game,Comicbook.com,"Aug 1, 2020",2020-08-01,"For anime fans, you will need to have seen at least 100 or so episodes to fully embrace the story of the Fairy Tail game. For manga fans, you will need to have read ...",https://comicbook.com/anime/news/fairy-tail-game-anime-manga-story-background-explained/,"data:image/gif;base64,R0lGODlhAQABAIAAAP///////yH5BAEKAAEALAAAAAABAAEAAAICTAEAOw==",-0.1,0.30000000000000004,0.34
