title,media,date,datetime,desc,link,img,textBlob polarity,textBlob subjectivity,vader polarity
Travel through Japan with Anime,Outlook India,"Sep 30, 2020",2020-09-30,"Acclaimed directors like Isao Takahata, Makoto Shinkai, Hayao Miyazaki, and Satoshi Kon have firmly placed the flag of anime on the global entertainment scene.",https://www.outlookindia.com/outlooktraveller/explore/story/70884/6-films-to-discover-japan-the-anime-way,"data:image/gif;base64,R0lGODlhAQABAIAAAP///////yH5BAEKAAEALAAAAAABAAEAAAICTAEAOw==",0.0,0.0,0.0
What the Alita movie does better than the anime,Looper,"Sep 30, 2020",2020-09-30,"For one, Motorball is never mentioned in the anime, though it's a major part of the film. It's these little details taken from the manga that arguably make the ...",https://www.looper.com/254768/what-the-alita-battle-angel-movie-does-better-than-the-anime/,"data:image/gif;base64,R0lGODlhAQABAIAAAP///////yH5BAEKAAEALAAAAAABAAEAAAICTAEAOw==",0.5,0.5,0.4404
Japan's hit anime 'Your Name' is getting a Hollywood live ...,Time Out,"Sep 29, 2020",2020-09-29,"Makoto Shinkai's anime will receive an American spin in a Chicago-based story, directed by Lee Isaac Chung. By. Kasey Furutani. Posted: Tuesday 29 ...",https://www.timeout.com/tokyo/news/japans-hit-anime-your-name-is-getting-a-hollywood-live-action-remake-092920,"data:image/gif;base64,R0lGODlhAQABAIAAAP///////yH5BAEKAAEALAAAAAABAAEAAAICTAEAOw==",0.13636363636363635,0.5,0.0
Seiko Reveals 'Naruto' and 'Boruto'-Themed Watches,HYPEBAE,"Sep 29, 2020",2020-09-29,"Japanese watch brand Seiko is revamping its 5 Sports timepiece with details inspired by popular anime series, Naruto and Boruto. Referencing seven ...",https://hypebae.com/2020/9/seiko-5-sports-naruto-themed-watches-boruto-sasuke-gaara-limited-edition-anime-manga-accessories-release-info,"data:image/gif;base64,R0lGODlhAQABAIAAAP///////yH5BAEKAAEALAAAAAABAAEAAAICTAEAOw==",0.0,0.0,0.0
Xbox Has New Anime Girl Mascot In Latest Attempt To Crack Japan Market,Screen Rant,"Sep 27, 2020",2020-09-27,"Xbox has revealed its newest mascot - a very Japanese anime girl - at this year's Tokyo Game Show. In the past, Xbox has notoriously struggled to penetrate the ...",https://screenrant.com/xbox-anime-mascot-tgs-2020-microsoft-japan/,"data:image/gif;base64,R0lGODlhAQABAIAAAP///////yH5BAEKAAEALAAAAAABAAEAAAICTAEAOw==",0.3181818181818182,0.6772727272727272,0.0
Malaysia's politicians transform into anime characters with ...,Coconuts,"Sep 25, 2020",2020-09-25,"Here's photo evidence that Malaysia's political drama is worthy of an anime series, thanks to Snapchat's new photo filter. The new filter was added to the platform ...",https://coconuts.co/kl/lifestyle/malaysias-politicians-transform-into-anime-characters-with-snapchat-filter-photos/,"data:image/gif;base64,R0lGODlhAQABAIAAAP///////yH5BAEKAAEALAAAAAABAAEAAAICTAEAOw==",0.0,0.0,0.0
JoJo's Bizarre Adventure Animator Hints At The Anime's Return,Comicbook.com,"Sep 25, 2020",2020-09-25,JoJo's Bizarre Adventure Animator Hints At The Anime's Return ... the body of his rival of Jonathan Joestar in the final moments of the first season of the anime.,https://comicbook.com/anime/news/jojos-bizarre-adventure-animator-anime-return-confirmation-stone-ocean/,"data:image/gif;base64,R0lGODlhAQABAIAAAP///////yH5BAEKAAEALAAAAAABAAEAAAICTAEAOw==",0.4,0.6,0.0
Japanese giant Gundam robot shows off its moves,CNN,"Sep 24, 2020",2020-09-24,(CNN) A giant robot based on a character from a classic anime series has undergone testing in the Japanese city of Yokohama. The massive humanoid ...,https://www.cnn.com/2020/09/23/asia/japan-gundam-robot-test-scli-intl-scn/index.html,"data:image/gif;base64,R0lGODlhAQABAIAAAP///////yH5BAEKAAEALAAAAAABAAEAAAICTAEAOw==",0.0,0.5,0.0
The Misfit Of Demon King Academy: 5 Anime Heroes Anos Voldigoad Can Defeat (& 5 He Cannot),CBR,"Sep 24, 2020",2020-09-24,The Misfit Of Demon King Academy: 5 Anime Heroes Anos Voldigoad Can Defeat (& 5 He Cannot) · 10 Cannot Defeat: Wendelin Von Benno Baumeister · 9 Would ...,https://www.cbr.com/misfit-demon-king-academy-anos-voldigoad-anime-heroes-defeat/,"data:image/gif;base64,R0lGODlhAQABAIAAAP///////yH5BAEKAAEALAAAAAABAAEAAAICTAEAOw==",0.0,0.0,0.0772
Crunchyroll Fall 2020 Anime Lineup Announced,IGN,"Sep 24, 2020",2020-09-24,"In total, Crunchyroll is debuting 25 new or returning series for streaming, a bit of good news for fans who were saddened to see so many anime series delayed ...",https://www.ign.com/articles/crunchyroll-fall-2020-anime-lineup-announced,"data:image/gif;base64,R0lGODlhAQABAIAAAP///////yH5BAEKAAEALAAAAAABAAEAAAICTAEAOw==",0.0,0.0,0.0
Sword Art Online Creator Explains How the Anime Helped His Writing,Comicbook.com,"Sep 24, 2020",2020-09-24,"""The anime has made it easier for Kawahara to imagine what the characters would say in a given situation, as he now imagines their VAs talking,"" their summary ...",https://comicbook.com/anime/news/sword-art-online-alicization-anime-sao-kirito-writing/,"data:image/gif;base64,R0lGODlhAQABAIAAAP///////yH5BAEKAAEALAAAAAABAAEAAAICTAEAOw==",0.0,0.0,0.0
Here’s How You Can Transform Yourself Into An Anime Character On Snapchat,The Rakyat Post,"Sep 24, 2020",2020-09-24,"September 24, 2020. Credit: TRP. There's a Snapchat filter that is able to transform you into an anime character, and it's currently trending worldwide. This is the ...",https://www.therakyatpost.com/2020/09/24/anime-snapchat-filter-viral/,"data:image/gif;base64,R0lGODlhAQABAIAAAP///////yH5BAEKAAEALAAAAAABAAEAAAICTAEAOw==",0.0,0.0,0.0
Anime Face Filter: Best & Trending Examples | Screen Rant,Screen Rant,"Sep 23, 2020",2020-09-23,"Anime is derived from the English word animation, and is used to describe a particular style of animated works, especially those originating in Japan.",https://screenrant.com/best-anime-face-filter-examples-trending-twitter/,"data:image/gif;base64,R0lGODlhAQABAIAAAP///////yH5BAEKAAEALAAAAAABAAEAAAICTAEAOw==",1.0,0.3,0.4215
New anime filter on Snapchat causes trending Twitter hashtag,pennlive.com,"Sep 22, 2020",2020-09-22,"The anime filter, which renders a person's face into the Japanese art form, recently inspired a slew of tweets (unsurprisingly under the hashtag “#animefilter”) by ...",https://www.pennlive.com/life/2020/09/new-anime-filter-on-snapchat-causes-trending-twitter-hashtag.html,"data:image/gif;base64,R0lGODlhAQABAIAAAP///////yH5BAEKAAEALAAAAAABAAEAAAICTAEAOw==",0.13636363636363635,0.45454545454545453,0.0
"Fruits Basket season 3, the final season, coming in 2021",Polygon,"Sep 22, 2020",2020-09-22,"This version of the show, which premiered in 2019, hews to the original manga more closely than the 2001 anime. Fruits Basket follows a plucky orphan named ...",https://www.polygon.com/2020/9/22/21451376/fruits-basket-season-3-date,"data:image/gif;base64,R0lGODlhAQABAIAAAP///////yH5BAEKAAEALAAAAAABAAEAAAICTAEAOw==",0.0,1.0,0.0
10 Horror Anime Series That Never Finished Adapting Their Source Material,CBR,"Sep 22, 2020",2020-09-22,"Brynhildr in the Darkness came from the creator of the famous series Elfen Lied. While the manga was well received in Japan, the anime series didn't quite do it ...",https://www.cbr.com/horror-anime-source-material-adaptation/,"data:image/gif;base64,R0lGODlhAQABAIAAAP///////yH5BAEKAAEALAAAAAABAAEAAAICTAEAOw==",0.0,0.0,-0.5719
One Piece Live-Action Show Writer Explains How The Anime Saved His Life,Screen Rant,"Sep 22, 2020",2020-09-22,"The head writer on Netflix's One Piece adaptation, Matt Owens, says that the anime saved his life when he was in a dark place. The franchise, born of the manga ...",https://screenrant.com/one-piece-show-writer-creator-eiichiro-oda-trust/,"data:image/gif;base64,R0lGODlhAQABAIAAAP///////yH5BAEKAAEALAAAAAABAAEAAAICTAEAOw==",0.0,0.0,0.4215
‘Dragon’s Dogma’ Season 2: Netflix Renewal Status & Release Date,What's on Netflix,"Sep 21, 2020",2020-09-21,"The anime is based on Capcom's highly underrated JRPG of the same name. Shinya Sugai served as the series director, while Kurasumi Sunayama wrote the ...",https://www.whats-on-netflix.com/news/dragons-dogma-season-2-netflix-renewal-status-release-date/,"data:image/gif;base64,R0lGODlhAQABAIAAAP///////yH5BAEKAAEALAAAAAABAAEAAAICTAEAOw==",0.0,0.0,0.0
Asus ROG Zephyrus G14 AniMe Matrix Preview,PCMag.com,"Sep 21, 2020",2020-09-21,"The Asus ROG Zephyrus G14 AniMe Matrix is a fun spin on an excellent gaming notebook, adding a customizable, dynamic LED grid to the laptop's lid. You've ...",https://www.pcmag.com/reviews/asus-rog-zephyrus-g14-anime-matrix,"data:image/gif;base64,R0lGODlhAQABAIAAAP///////yH5BAEKAAEALAAAAAABAAEAAAICTAEAOw==",0.0,0.0,0.0
"Avanguardia concept megayacht inspired by anime, designed to look like a swan - Business Insider",Business Insider,"Sep 20, 2020",2020-09-20,"The design was inspired by 1970s and 1980s Japanese anime shows, according to its maker. The ""neck"" is movable, and the ""head"" — which otherwise serves as ...",https://www.businessinsider.com/avanguardia-concept-megayacht-inspired-japanese-anime-designed-swan-2020-9,"data:image/gif;base64,R0lGODlhAQABAIAAAP///////yH5BAEKAAEALAAAAAABAAEAAAICTAEAOw==",0.0,0.0,0.6908
New Sword Art Online Anime Announced,Comicbook.com,"Sep 19, 2020",2020-09-19,"Sword Art Online used its Official Twitter Account to announce the brand new anime that will follow the solo adventures of Asuna, taking us through her ...",https://comicbook.com/anime/news/sword-art-online-progressive-anime-asuna-kirito-aincrad/,"data:image/gif;base64,R0lGODlhAQABAIAAAP///////yH5BAEKAAEALAAAAAABAAEAAAICTAEAOw==",0.13636363636363635,0.45454545454545453,0.0
Your Name: Lee Isaac Chung to Helm Paramount Remake of ...,Bleeding Cool News,"Sep 19, 2020",2020-09-19,The original anime feature film is still one of Japan's biggest hits- it made $303 million in Japan alone and earned a massive following from anime fans across ...,https://bleedingcool.com/movies/your-name-lee-isaac-chung-to-helm-paramount-remake-of-hit-anime/,"data:image/gif;base64,R0lGODlhAQABAIAAAP///////yH5BAEKAAEALAAAAAABAAEAAAICTAEAOw==",0.0,0.0,0.0
The best anime on Netflix right now,EW.com,"Sep 18, 2020",2020-09-18,"Traditionally, anime refers to Japanimation, i.e. animation of a unique and vibrant style of animation that spans hand-drawn and computer-generated artistry.",https://ew.com/tv/best-anime-on-netflix/,"data:image/gif;base64,R0lGODlhAQABAIAAAP///////yH5BAEKAAEALAAAAAABAAEAAAICTAEAOw==",0.6428571428571428,0.4178571428571428,0.6369
The Promised Neverland Season 2 Updates: Is The Anime Returning?,Screen Rant,"Sep 18, 2020",2020-09-18,"The Promised Neverland is an anime series based on the manga, but is it returning for a second season? A live-action movie is also in the works. By Padraig ...",https://screenrant.com/promised-neverland-season-2-updates-release-date-story/,"data:image/gif;base64,R0lGODlhAQABAIAAAP///////yH5BAEKAAEALAAAAAABAAEAAAICTAEAOw==",0.0,0.0,0.3612
WATCH: First teaser for 2021 remake of anime 'Shaman King',ABS-CBN News,"Sep 17, 2020",2020-09-17,"MANILA — In what feels like a huge, nostalgic gift for Japanese anime fans ahead of the Christmas season, as a teaser for the 2021 remake “Shaman King” was ...",https://news.abs-cbn.com/entertainment/09/17/20/watch-first-teaser-for-2021-remake-of-anime-shaman-king,"data:image/gif;base64,R0lGODlhAQABAIAAAP///////yH5BAEKAAEALAAAAAABAAEAAAICTAEAOw==",0.25,0.3333333333333333,-0.25
Netflix's Dragon's Dogma: Season 1 Review,IGN,"Sep 17, 2020",2020-09-17,"This is a spoiler-free review of Netflix's Dragon's Dogma anime series, which is based on Capcom's fantasy RPG of the same name.",https://www.ign.com/articles/netflixs-dragons-dogma-season-1-review,"data:image/gif;base64,R0lGODlhAQABAIAAAP///////yH5BAEKAAEALAAAAAABAAEAAAICTAEAOw==",0.0,0.0,0.0
Anime Avatars Are Going Mainstream on Twitch,WIRED,"Sep 15, 2020",2020-09-15,"In lieu of her face, Anys had commissioned a 3D anime model of herself that tracked her words and movements, enacting them live. Anys was scrolling through ...",https://www.wired.com/story/vtube-streaming-twitch-pokimane/,"data:image/gif;base64,R0lGODlhAQABAIAAAP///////yH5BAEKAAEALAAAAAABAAEAAAICTAEAOw==",0.0,0.0,0.0
10 Anime To Watch If You Liked The Great Pretender | CBR,CBR,"Sep 13, 2020",2020-09-13,"The latest entry in Netflix's growing list of original Anime, The Great Pretender, has finally premiered in the west. With a distinct visual style, bombastic jazz ...",https://www.cbr.com/the-great-pretender-anime-recommendations/,"data:image/gif;base64,R0lGODlhAQABAIAAAP///////yH5BAEKAAEALAAAAAABAAEAAAICTAEAOw==",0.7,0.775,0.7845
Cowboy Bebop & 9 Other Anime That Are Perfect To Start Off With,CBR,"Sep 12, 2020",2020-09-12,"Anime has so much content, it can be overwhelming for newcomers. Which series are perfect gateways into Japanese animation? By Derek Faraci Sep 12, 2020.",https://www.cbr.com/best-anime-series-newcomers/,"data:image/gif;base64,R0lGODlhAQABAIAAAP///////yH5BAEKAAEALAAAAAABAAEAAAICTAEAOw==",0.4375,0.6875,0.5719
Best anime on Netflix: 10 must-watch TV shows to binge,NME.com,"Sep 10, 2020",2020-09-10,Anime is as cool as it's ever been â€“ and many of you are finally starting to dive into one of TV's most underrated genres. It's more than just a different type of ...,https://www.nme.com/en_asia/features/anime-on-netflix-best-tv-shows-2750394,"data:image/gif;base64,R0lGODlhAQABAIAAAP///////yH5BAEKAAEALAAAAAABAAEAAAICTAEAOw==",1.0,0.3,0.6369
Funimation-VIZ Media Deal Adds ‘Expansive’ Catalog Of Anime Series,Forbes,"Sep 9, 2020",2020-09-09,"The company said it streams more than 700 anime series and 13,000+ hours of content on 15 platforms in 47 countries. It claims more than 25 million followers ...",https://www.forbes.com/sites/dbloom/2020/09/09/funimation-grows-deal-with-viz-adds-expansive-catalog-of-anime-series/,"data:image/gif;base64,R0lGODlhAQABAIAAAP///////yH5BAEKAAEALAAAAAABAAEAAAICTAEAOw==",0.0,0.0,0.0
"Anime in America, Dads, and 7 More Podcasts Worth Trying",Vulture,"Sep 9, 2020",2020-09-09,"The extent to which Americans consume anime is a surprisingly hard data point to pin down with much certainty. Hard enough, it turns out, that cursory Google ...",https://www.vulture.com/2020/09/anime-in-america-talk-aint-cheap-podcasts.html,"data:image/gif;base64,R0lGODlhAQABAIAAAP///////yH5BAEKAAEALAAAAAABAAEAAAICTAEAOw==",0.4,0.3,0.2911
Eric Trump Accuses Google of Using Anime to Hide the Truth,Game Rant,"Sep 9, 2020",2020-09-09,"His complaint? When one types ""mob"" or ""mobs"" into the search bar, the website produces mostly results from the anime Mob Psycho 100. To contrast ...",https://gamerant.com/eric-trump-google-anime-hide-the-truth-mobs/,"data:image/gif;base64,R0lGODlhAQABAIAAAP///////yH5BAEKAAEALAAAAAABAAEAAAICTAEAOw==",0.0,0.0,-0.2023
Eric Trump Insists Google Is Manipulating Americans With Images Of An Anime Character,HuffPost,"Sep 8, 2020",2020-09-08,"Eric Trump searched for the word “mob,” received images from the anime “Mob Psycho 100,” and immediately thought a conspiracy was afoot. By Jeremy Blum.",https://www.huffpost.com/entry/eric-trump-google-mob-psycho-100_n_5f57ccb6c5b646e336624100,"data:image/gif;base64,R0lGODlhAQABAIAAAP///////yH5BAEKAAEALAAAAAABAAEAAAICTAEAOw==",0.0,0.0,-0.3612
‘The Idhun Chronicles’ Creators on Netflix’s First Spanish Anime Series,Variety,"Sep 8, 2020",2020-09-08,"This is Netflix's first anime series from Spain, but were there other countries involved? Blasco: This has been a collaboration between studios, as is often the case ...",https://variety.com/2020/tv/global/netflix-the-idhun-chronicles-1234762034/,"data:image/gif;base64,R0lGODlhAQABAIAAAP///////yH5BAEKAAEALAAAAAABAAEAAAICTAEAOw==",0.125,0.16666666666666666,0.0
Becoming an “Otaku”: How I Learned Japanese from Anime ...,Nippon.com,"Sep 7, 2020",2020-09-07,"To tell the truth, I feel slightly hesitant about claiming this status. I am far from an expert on the two-dimensional world of manga and anime characters, and part of ...",https://www.nippon.com/en/japan-topics/g00925/,"data:image/gif;base64,R0lGODlhAQABAIAAAP///////yH5BAEKAAEALAAAAAABAAEAAAICTAEAOw==",0.225,0.42500000000000004,0.0
Netflix Announce Movie Prequel and Anime Series for Zack Snyder's Upcoming 'Army of the Dead',HYPEBEAST,"Sep 6, 2020",2020-09-06,"Zack Snyder's upcoming zombie film Army of the Dead won't arrive until next year, but Netflix has already ordered a prequel film and anime series for it.",https://hypebeast.com/2020/9/netflix-zack-snyder-army-of-the-dead-prequel-anime,"data:image/gif;base64,R0lGODlhAQABAIAAAP///////yH5BAEKAAEALAAAAAABAAEAAAICTAEAOw==",-0.2,0.4,-0.6486
'Great Pretender' anime features S'pore landmarks & scenery,Mothership.sg,"Sep 5, 2020",2020-09-05,Singapore has served as an inspiration and has been referenced multiple times over the years in different anime. Featured in Great Pretender. The latest anime to ...,https://mothership.sg/2020/09/anime-great-pretender-singapore/,"data:image/gif;base64,R0lGODlhAQABAIAAAP///////yH5BAEKAAEALAAAAAABAAEAAAICTAEAOw==",0.8,0.75,0.6249
Zack Snyder’s 'Army Of The Dead' to get prequel and anime series at Netflix,Yahoo Movies UK,"Sep 5, 2020",2020-09-05,"While the film isn't going to be released onto Netflix until 2021, the studio announced on Thursday that a prequel and an anime spin-off, entitled Army Of The ...",https://uk.movies.yahoo.com/zack-snyders-army-of-the-dead-to-get-prequel-and-anime-series-at-netflix-122430708.html,"data:image/gif;base64,R0lGODlhAQABAIAAAP///////yH5BAEKAAEALAAAAAABAAEAAAICTAEAOw==",-0.2,0.4,-0.6486
Food Wars Finally Introduces Soma's Mother to the Anime,Comicbook.com,"Sep 5, 2020",2020-09-05,"While she had been hinted at before through flashbacks, the anime finally gave us a flashback all about her. Episode 10 of Food Wars: The Fifth Plate sees Soma ...",https://comicbook.com/anime/news/food-wars-soma-mother-tamako-yukihira-anime-debut-season-5/,"data:image/gif;base64,R0lGODlhAQABAIAAAP///////yH5BAEKAAEALAAAAAABAAEAAAICTAEAOw==",0.0,1.0,-0.5574
Sega Dreamcast darling Shenmue is becoming an anime series,The Verge,"Sep 4, 2020",2020-09-04,"... the game's 20-year-old reputation for innovation couldn't carry forward to the modern day, but perhaps the story will carry itself as a focused anime series.",https://www.theverge.com/2020/9/4/21293203/sega-dreamcast-shenmue-anime-crunchyroll-adult-swim,"data:image/gif;base64,R0lGODlhAQABAIAAAP///////yH5BAEKAAEALAAAAAABAAEAAAICTAEAOw==",0.45,0.8500000000000001,0.5859
‘Shenmue’ Anime Series Based On SEGA Game Franchise Greenlit By Crunchyroll & Adult Swim,Deadline,"Sep 4, 2020",2020-09-04,"Crunchyroll and Adult Swim Productions also have teamed on the recently announced Fena: Pirate Princess, an original anime series set to premiere on Adult ...",https://deadline.com/2020/09/shenmue-anime-series-based-on-sega-game-franchise-greenlit-by-crunchyroll-adult-swim-1234569523/,"data:image/gif;base64,R0lGODlhAQABAIAAAP///////yH5BAEKAAEALAAAAAABAAEAAAICTAEAOw==",-0.15000000000000002,0.35,0.0
"Shenmue anime coming to Crunchyroll, Adult Swim from One Punch Man director",Polygon,"Sep 4, 2020",2020-09-04,"Crunchyroll and Adult Swim announced Shenmue, an original, 13-episode anime series that follows the journey of Ryo Hazuki. The animated Shenmue series ...",https://www.polygon.com/2020/9/4/21423311/shenmue-anime-crunchyroll-adult-swim-animation-sega,"data:image/gif;base64,R0lGODlhAQABAIAAAP///////yH5BAEKAAEALAAAAAABAAEAAAICTAEAOw==",0.1,0.3,0.0
Zack Snyder's 'Army of the Dead': Prequel and Anime Series in the Works,Hollywood Reporter,"Sep 3, 2020",2020-09-03,"Dave Bautista, Ana de la Reguera, Tig Notaro, Omari Hardwick and Ella Purnell will reprise their roles in Netflix's anime series. Months before its debut, Zack ...",https://www.hollywoodreporter.com/heat-vision/zack-snyders-army-of-the-dead-prequel-and-anime-series-in-the-works,"data:image/gif;base64,R0lGODlhAQABAIAAAP///////yH5BAEKAAEALAAAAAABAAEAAAICTAEAOw==",-0.2,0.4,-0.6486
Zack Snyder Netflix Zombie Pic ‘Army Of The Dead’ Spawning Film Prequel & Anime Series,Deadline,"Sep 3, 2020",2020-09-03,"The anime series, Army of the Dead: Lost Vegas, chronicles the origin story of Scott (Dave Bautista) and his rescue crew during the initial fall of Vegas as they ...",https://deadline.com/2020/09/zack-snyder-netflix-army-of-the-dead-movie-prequel-anime-series-1234569725/,"data:image/gif;base64,R0lGODlhAQABAIAAAP///////yH5BAEKAAEALAAAAAABAAEAAAICTAEAOw==",-0.2,0.4,0.0
Zack Snyder's Army of the Dead Getting Prequel & Anime Series At Netflix,Screen Rant,"Sep 3, 2020",2020-09-03,"Zack Snyder's upcoming Netflix zombie heist movie, Army of the Dead, is getting a prequel and an anime series on the streaming service. By Daniel Gillespie Sep ...",https://screenrant.com/zack-snyder-army-dead-netflix-movie-prequel-anime/,"data:image/gif;base64,R0lGODlhAQABAIAAAP///////yH5BAEKAAEALAAAAAABAAEAAAICTAEAOw==",-0.2,0.4,-0.6486
Where anime is concerned no one from the black community ...,The Voice Online,"Sep 2, 2020",2020-09-02,"ARTHELL ISOM is the first ever black owner of an anime studio in Japan. He has worked on internationally recognised shows like Attack on Titan, Naruto and ...",https://www.voice-online.co.uk/entertainment/2020/09/02/where-anime-is-concerned-no-one-from-the-black-community-had-ever-blazed-this-kind-of-trail-so-arthell-isom-did-it-himself/,"data:image/gif;base64,R0lGODlhAQABAIAAAP///////yH5BAEKAAEALAAAAAABAAEAAAICTAEAOw==",-0.16666666666666666,0.43333333333333335,-0.296
Why Sword Art Online Is So Hated | CBR,CBR,"Sep 2, 2020",2020-09-02,"The series follows Kirito and his friends' adventures as they attempt to escape SAO, as well as other video game universes in the anime's later seasons. Though ...",https://www.cbr.com/why-sword-art-online-is-so-hated/,"data:image/gif;base64,R0lGODlhAQABAIAAAP///////yH5BAEKAAEALAAAAAABAAEAAAICTAEAOw==",-0.9,0.7,-0.7481
"Aggretsuko season 3 isn’t relatable anime, but it is like Perfect Blue",Polygon,"Sep 1, 2020",2020-09-01,"The primary appeal of the anime series Aggretsuko, directed and written by Rarecho, has always been its relatability. The show, based on a character created ...",https://www.polygon.com/entertainment/2020/9/1/21417399/aggretsuko-season-3-review-spoilers,"data:image/gif;base64,R0lGODlhAQABAIAAAP///////yH5BAEKAAEALAAAAAABAAEAAAICTAEAOw==",0.5,0.55,0.8519
Children of the Sea review: Netflix’s lavish anime movie is weirdly comforting,Polygon,"Sep 1, 2020",2020-09-01,"Fiction stories often throw around real statistics, using them to frame the stakes or mold audience expectations. For instance, Netflix's newest anime movie, ...",https://www.polygon.com/2020/9/1/21417507/children-of-the-sea-review-anime-movie-netflix-amazon,"data:image/gif;base64,R0lGODlhAQABAIAAAP///////yH5BAEKAAEALAAAAAABAAEAAAICTAEAOw==",-0.5,1.0,0.128
