title,media,date,datetime,desc,link,img,textBlob polarity,textBlob subjectivity,vader polarity
AMD Reveals More Radeon RX 6000 Series vs. Nvidia RTX 3000 Benchmarks,PCMag.com,"Oct 30, 2020",2020-10-30,"Nvidia's RTX 3090 and 3080 cards both outperform AMD's trio of products. benchmark (Credit: AMD). On other games, such as Gears 5, Forza Horizon 4, and ...",https://www.pcmag.com/news/amd-reveals-more-radeon-rx-6000-series-vs-nvidia-rtx-3000-benchmarks,"data:image/gif;base64,R0lGODlhAQABAIAAAP///////yH5BAEKAAEALAAAAAABAAEAAAICTAEAOw==",0.5,0.5,0.0
"Nvidia’s RTX 3070 GPU stock will be gone in a flash, Newegg tells us",TechRadar,"Oct 29, 2020",2020-10-29,"Nvidia's RTX 3070 graphics card finally goes on sale later today, and we've already heard worrying rumblings about stock levels – and now US retailer Newegg ...",https://www.techradar.com/sg/news/nvidias-rtx-3070-gpu-stock-will-be-gone-in-a-flash-newegg-tells-us,"data:image/gif;base64,R0lGODlhAQABAIAAAP///////yH5BAEKAAEALAAAAAABAAEAAAICTAEAOw==",0.0,0.0,0.0
Nvidia's RTX 3070 Graphics Card Launch Was Another Letdown,PCMag.com,"Oct 29, 2020",2020-10-29,"We were among the users hoping to buy the RTX 3070 Founders Edition from Nvidia's website. The sun wasn't even out, and yet our adrenaline was up in an all- ...",https://www.pcmag.com/news/nvidias-rtx-3070-graphics-card-launch-was-another-letdown,"data:image/gif;base64,R0lGODlhAQABAIAAAP///////yH5BAEKAAEALAAAAAABAAEAAAICTAEAOw==",0.0,0.0,0.0
"Nvidia’s RTX 3070 preorders were pure hell, so I live blogged",The Verge,"th · Oct 29, 2020",2020-10-29,"Nvidia's RTX 3070 preorders were pure hell, so I live blogged. I hope you enjoy my suffering. By Taylor Lyles@TayNixster Oct 29, 2020, 1 ...",https://www.theverge.com/tldr/2020/10/29/21539965/nvidia-rtx-3070-preorders-sold-out-micro-center-best-buy-newegg,"data:image/gif;base64,R0lGODlhAQABAIAAAP///////yH5BAEKAAEALAAAAAABAAEAAAICTAEAOw==",0.17532467532467533,0.5,-0.6808
SoftBank CEO hails Nvidia boss as next Steve Jobs,Nikkei Asian Review,"Oct 29, 2020",2020-10-29,TOKYO -- SoftBank Group Chairman Masayoshi Son said Thursday the company's decision to sell U.K. chip designer Arm to U.S. chipmaker Nvidia will create ...,https://asia.nikkei.com/Business/SoftBank2/SoftBank-CEO-hails-Nvidia-boss-as-next-Steve-Jobs,"data:image/gif;base64,R0lGODlhAQABAIAAAP///////yH5BAEKAAEALAAAAAABAAEAAAICTAEAOw==",0.0,0.0,0.0
"AMD, Nvidia chip away at Intel’s semiconductor dominance",Livemint,"Oct 29, 2020",2020-10-29,The transaction would extend Nvidia's reach into the booming smartphone market where Arm-designed chips dominate. The AMD and Nvidia transactions—which ...,https://www.livemint.com/companies/news/amd-nvidia-chip-away-at-intel-s-semiconductor-dominance-11603947580778.html,"data:image/gif;base64,R0lGODlhAQABAIAAAP///////yH5BAEKAAEALAAAAAABAAEAAAICTAEAOw==",0.0,0.0,0.2023
AMD’s Radeon RX 6000 GPUs are a serious challenge to Nvidia’s dominance,TNW,"Oct 29, 2020",2020-10-29,"Ray-tracing has been a huge part of Nvidia's graphics push the last few years, so the new cards support accelerated DirectX raytracing on each compute unit for ...",https://thenextweb.com/plugged/2020/10/29/amds-new-radeon-rx-6000-cards-are-a-serious-challenge-to-nvidias-dominance/,"data:image/gif;base64,R0lGODlhAQABAIAAAP///////yH5BAEKAAEALAAAAAABAAEAAAICTAEAOw==",-0.3333333333333333,0.6666666666666666,0.2023
Nvidia GeForce RTX 3070 review: the 1440p sweet spot,The Verge,"Oct 27, 2020",2020-10-27,"Last month, Nvidia's RTX 3080 ushered in the next generation of 4K gaming with an impressive leap in performance over the 2080 model it replaced.",https://www.theverge.com/2020/10/27/21534142/nvidia-geforce-rtx-3070-review,"data:image/gif;base64,R0lGODlhAQABAIAAAP///////yH5BAEKAAEALAAAAAABAAEAAAICTAEAOw==",0.35,0.65,0.4588
Nvidia might be preparing to fight AMD Big Navi with the RTX 3080 Ti,TechRadar,"Oct 27, 2020",2020-10-27,It looks like Nvidia has yet another Ampere GPU in the works in the form of the RTX 3080 Ti. Following rumors that Nvidia is planning to launch RTX 3070 Ti and ...,https://www.techradar.com/news/nvidia-might-be-preparing-to-fight-amd-big-navi-with-the-rtx-3080-ti,"data:image/gif;base64,R0lGODlhAQABAIAAAP///////yH5BAEKAAEALAAAAAABAAEAAAICTAEAOw==",0.0,0.1,-0.3818
Nvidia may be planning an RTX 3070 Ti to counter AMD Big Navi,TechRadar,"Oct 26, 2020",2020-10-26,"There's yet more evidence that Nvidia is planning to launch an RTX 3070 Ti ... as a stripped-back version of Nvidia's flagship Ampere GPU, according to the leak.",https://www.techradar.com/sg/news/nvidia-may-be-planning-an-rtx-3070-ti-to-counter-amd-big-navi,"data:image/gif;base64,R0lGODlhAQABAIAAAP///////yH5BAEKAAEALAAAAAABAAEAAAICTAEAOw==",0.0,0.1,0.0
Leaked AMD Big Navi benchmarks could have Nvidia worried,TechRadar,"Oct 23, 2020",2020-10-23,"New benchmark results for the rumored AMD Radeon RX 6800 XT have surfaced online, suggesting the GPU could outperform the Nvidia RTX 3080.",https://www.techradar.com/sg/news/leaked-amd-big-navi-benchmarks-could-have-nvidia-worried,"data:image/gif;base64,R0lGODlhAQABAIAAAP///////yH5BAEKAAEALAAAAAABAAEAAAICTAEAOw==",0.0,0.1,-0.5423
Nvidia deal for Arm will drive computing power growth says SoftBank's Son,The Business Times,"Oct 23, 2020",2020-10-23,"[TOKYO] SoftBank Group Corp CEO Masayoshi Son said on Thursday the sale of chip designer Arm to Nvidia Corp will drive growth in computing power, in his ...",https://www.businesstimes.com.sg/technology/nvidia-deal-for-arm-will-drive-computing-power-growth-says-softbanks-son,"data:image/gif;base64,R0lGODlhAQABAIAAAP///////yH5BAEKAAEALAAAAAABAAEAAAICTAEAOw==",0.0,0.0,0.3818
Nvidia Dominates (Again) Latest MLPerf Inference Results,HPCwire,"Oct 22, 2020",2020-10-22,"Leaving aside Nvidia's dominance, MLPerf continues improving its benchmark suite and process. It added several models, added new categories based on form ...",https://www.hpcwire.com/2020/10/22/nvidia-dominates-again-latest-mlperf-inference-results/,"data:image/gif;base64,R0lGODlhAQABAIAAAP///////yH5BAEKAAEALAAAAAABAAEAAAICTAEAOw==",0.5,0.9,0.0516
NVIDIA Smashes Performance Records on AI Inference,GlobeNewswire,"Oct 21, 2020",2020-10-21,"NVIDIA Extends Lead on MLPerf Benchmark with A100 Delivering up to 237x Faster AI Inference Than CPUs, Enabling Businesses to Move AI from Research to ...",https://www.globenewswire.com/news-release/2020/10/21/2112117/0/en/NVIDIA-Smashes-Performance-Records-on-AI-Inference.html,"data:image/gif;base64,R0lGODlhAQABAIAAAP///////yH5BAEKAAEALAAAAAABAAEAAAICTAEAOw==",0.0,0.0,0.0
"Huawei, China firms are said to seek curbs on Nvidia's Arm deal",The Business Times,"Oct 21, 2020",2020-10-21,Chinese technology companies including Huawei Technologies have expressed strong concerns to local regulators about Nvidia's proposed acquisition of Arm ...,https://www.businesstimes.com.sg/technology/huawei-china-firms-are-said-to-seek-curbs-on-nvidias-arm-deal,"data:image/gif;base64,R0lGODlhAQABAIAAAP///////yH5BAEKAAEALAAAAAABAAEAAAICTAEAOw==",0.0,0.0,0.0
"Nvidia reveals the next PC games to get ray tracing, including World of Warcraft: Shadowlands",TechRadar,"Oct 21, 2020",2020-10-21,"Nvidia has announced the next dozen PC games which will benefit from either ray tracing or DLSS, or indeed both of those features in most cases. That includes ...",https://www.techradar.com/sg/news/nvidia-reveals-the-next-pc-games-to-get-ray-tracing-including-world-of-warcraft-shadowlands,"data:image/gif;base64,R0lGODlhAQABAIAAAP///////yH5BAEKAAEALAAAAAABAAEAAAICTAEAOw==",0.0,0.0,0.0
AMD Radeon RX 6900 XT Big Navi GPU could crush the Nvidia RTX 3080 and Xbox Series X,TechRadar,"Oct 20, 2020",2020-10-20,"New rumors have emerged that suggest AMD is working on a seriously powerful 'Big Navi' graphics card that will take on Nvidia's new RTX 3080, as well as the ...",https://www.techradar.com/sg/news/amd-radeon-rx-6900-xt-big-navi-gpu-could-crush-the-nvidia-rtx-3080-and-xbox-series-x,"data:image/gif;base64,R0lGODlhAQABAIAAAP///////yH5BAEKAAEALAAAAAABAAEAAAICTAEAOw==",0.0,0.1,-0.1531
NVIDIA's AI Reduces Video Streaming Bandwidth ...,InfoQ.com,"Oct 20, 2020",2020-10-20,"The core AI algorithm in Maxine is based on NVIDIA's research on GANs. GANs use two deep-learning models, a generator which learns to create ""realistic"" data ...",https://www.infoq.com/news/2020/10/nvidia-video-bandwidth/,"data:image/gif;base64,R0lGODlhAQABAIAAAP///////yH5BAEKAAEALAAAAAABAAEAAAICTAEAOw==",0.0,0.0,0.0
"Nvidia RTX 3070 Cards Still in Short Supply, at Least According to This Retailer",PCMag.com,"Oct 19, 2020",2020-10-19,"Danish retailer Proshop ordered 4,280 Nvidia RTX 3070 graphics card in the run-up to next week's launch. But so far, it's only received 106 units. Michael Kan.",https://www.pcmag.com/news/nvidia-rtx-3070-cards-still-in-short-supply-at-least-according-to-this,"data:image/gif;base64,R0lGODlhAQABAIAAAP///////yH5BAEKAAEALAAAAAABAAEAAAICTAEAOw==",-0.15,0.35,0.0
Nvidia will build the 'world's fastest AI supercomputer',TechRadar,"Oct 17, 2020",2020-10-17,"' The upcoming Leonardo system will use nearly 14,000 Nvidia A100 GPUs for a variety of high-performance computing tasks. The peak performance of the ...",https://www.techradar.com/sg/news/nvidia-will-build-the-worlds-fastest-ai-supercomputer,"data:image/gif;base64,R0lGODlhAQABAIAAAP///////yH5BAEKAAEALAAAAAABAAEAAAICTAEAOw==",0.0,0.0,0.0
CINECA to Build World's Fastest AI Supercomputer with ...,GlobeNewswire,"Oct 15, 2020",2020-10-15,"NVIDIA's computing platform accelerates all of these workloads while providing extremely high throughput and low power consumption, making it ideal for ...",https://www.globenewswire.com/news-release/2020/10/15/2109449/0/en/CINECA-to-Build-World-s-Fastest-AI-Supercomputer-with-NVIDIA-and-Atos.html,"data:image/gif;base64,R0lGODlhAQABAIAAAP///////yH5BAEKAAEALAAAAAABAAEAAAICTAEAOw==",0.0,0.0,0.0
"NVIDIA Will Power the World's Most Powerful AI Supercomputer, Leonardo",Motley Fool,"Oct 15, 2020",2020-10-15,"The supercomputer arms race is on, and NVIDIA (NASDAQ:NVDA) is leaving the competition in the dust. Of the world's 500 most powerful supercomputers, ...",https://www.fool.com/investing/2020/10/15/nvidia-will-power-the-worlds-most-powerful-ai-supe/,"data:image/gif;base64,R0lGODlhAQABAIAAAP///////yH5BAEKAAEALAAAAAABAAEAAAICTAEAOw==",0.4,0.75,0.4754
"Nvidia will power world’s fastest AI supercomputer, to be located in Europe",TechCrunch,"Oct 15, 2020",2020-10-15,"The Leonardo system will offer as much as 10 exaflops of FP16 AI performance capabilities, and be made up of more than 14,000 Nvidia Ampere-based GPUS ...",https://techcrunch.com/2020/10/15/nvidia-will-power-worlds-fastest-ai-supercomputer-to-be-located-in-europe/,"data:image/gif;base64,R0lGODlhAQABAIAAAP///////yH5BAEKAAEALAAAAAABAAEAAAICTAEAOw==",0.0,0.0,0.0
Nvidia's Geforce RTX 3090 GPU is very good at cracking passwords and that's good news for some,TechRadar,"Oct 15, 2020",2020-10-15,"For those unaware, Nvidia's RTX 3090 is the company's latest flagship graphics card which features a GA102 graphics processor with 10,496 cores and 24GB of ...",https://www.techradar.com/sg/news/the-nvidia-geforce-rtx-3090-is-very-good-at-cracking-passwords-and-thats-bad-news,"data:image/gif;base64,R0lGODlhAQABAIAAAP///////yH5BAEKAAEALAAAAAABAAEAAAICTAEAOw==",0.8049999999999999,0.6900000000000002,0.7264
An AMD-Xilinx deal would be fraught with more risk than the Nvidia-Arm tie-up,MarketWatch,"Oct 13, 2020",2020-10-13,"Nvidia's opportunity with Arm Holdings is clear. At AMD, there are more open questions if it buys Xilinx. Lisa Su, chief executive officer of Advanced Micro ...",https://www.marketwatch.com/story/semiconductor-sands-shift-as-nvidia-and-amd-have-big-plans-with-acquisitions-2020-10-13,"data:image/gif;base64,R0lGODlhAQABAIAAAP///////yH5BAEKAAEALAAAAAABAAEAAAICTAEAOw==",0.5,0.5,-0.3384
"Nvidia Removes RTX 3080, RTX 3090 From Online Store",Forbes,"Oct 12, 2020",2020-10-12,Nvidia's 30 Series launch is still experiencing challenges thanks to all this demand for its powerful new graphics cards. First it was bots and scalpers robbing ...,https://www.forbes.com/sites/jasonevangelho/2020/10/12/nvidia-removes-rtx-3080-rtx-3090-from-online-store/,"data:image/gif;base64,R0lGODlhAQABAIAAAP///////yH5BAEKAAEALAAAAAABAAEAAAICTAEAOw==",0.0,0.0,0.0
"Nvidia admits defeat with RTX 3080 and 3090 Founders Edition stock, passes baton to Best Buy",TechRadar,"Oct 10, 2020",2020-10-10,Nvidia said in a statement: “We have heard your feedback regarding the Nvidia online store and are working to improve the experience. RECOMMENDED ...,https://www.techradar.com/sg/news/nvidia-admits-defeat-with-rtx-3080-and-3090-founders-edition-stock-passes-baton-to-best-buy,"data:image/gif;base64,R0lGODlhAQABAIAAAP///////yH5BAEKAAEALAAAAAABAAEAAAICTAEAOw==",1.0,0.3,0.5267
Nvidia and Huawei face an uncertain future in Britain's high-tech capital,CNBC,"Oct 8, 2020",2020-10-08,"Nvidia announced that it intends to buy Arm and set up a new AI research center, while Huawei plans to build a $1.3 billion R&D lab in the city. However, the ...",https://www.cnbc.com/2020/10/08/nvidia-and-huawei-face-uncertain-future-in-britains-high-tech-capital.html,"data:image/gif;base64,R0lGODlhAQABAIAAAP///////yH5BAEKAAEALAAAAAABAAEAAAICTAEAOw==",0.0,0.125,-0.296
Nvidia RTX 3080 and 3070 GPUs could arrive with twice the VRAM in December,TechRadar,"Oct 8, 2020",2020-10-08,"Currently, the RTX 3080 graphics card has 10GB of video memory on board, which Nvidia has claimed is plenty enough for contemporary games (although future- ...",https://www.techradar.com/sg/news/nvidia-rtx-3080-and-3070-gpus-could-arrive-with-twice-the-vram-in-december,"data:image/gif;base64,R0lGODlhAQABAIAAAP///////yH5BAEKAAEALAAAAAABAAEAAAICTAEAOw==",0.0,0.0,0.0
NVIDIA Wants To Change The Game Yet Again With The 'DPU',Forbes,"Oct 8, 2020",2020-10-08,"This week, I tuned into NVIDIA's annual GPU Technology Conference, or GTC, albeit virtually due to the pandemic. The processor powerhouse has a long ...",https://www.forbes.com/sites/patrickmoorhead/2020/10/08/nvidia-wants-to-change-the-game-yet-again-with-the-dpu/,"data:image/gif;base64,R0lGODlhAQABAIAAAP///////yH5BAEKAAEALAAAAAABAAEAAAICTAEAOw==",-0.1,0.25,0.0
NVIDIA (NVDA) Could Break Out to New Highs,Investopedia,"Oct 7, 2020",2020-10-07,"BMO Capital Markets raised its NVIDIA price target from $565 to $650 on Tuesday, while Needham analyst Rajvindra Gill just highlighted the new Data Processing ...",https://www.investopedia.com/nvidia-nvda-could-break-out-to-new-highs-5080964,"data:image/gif;base64,R0lGODlhAQABAIAAAP///////yH5BAEKAAEALAAAAAABAAEAAAICTAEAOw==",0.13636363636363635,0.45454545454545453,0.0
NVIDIA to build the UK's most powerful supercomputer to aid ...,MobiHealthNews,"Oct 6, 2020",2020-10-06,"Dr Hal Barron, chief scientific officer and president, R&D, GSK, said: â€œNVIDIA's investment in computing, combined with the power of deep learning, will enable ...",https://www.mobihealthnews.com/news/emea/nvidia-build-uk-s-most-powerful-supercomputer-aid-ai-research-healthcare,"data:image/gif;base64,R0lGODlhAQABAIAAAP///////yH5BAEKAAEALAAAAAABAAEAAAICTAEAOw==",0.4,0.75,0.4754
"Naver, Linköping, and C-DAC order Nvidia's DGX SuperPOD ...",DatacenterDynamics,"Oct 6, 2020",2020-10-06,"140 units is the maximum Nvidia's DGX platform can scale to. Linköping University will deploy 60 DGX systems, naming the system BerzeLiUs. It will be used for AI ...",https://www.datacenterdynamics.com/en/news/naver-link%C3%B6ping-and-c-dac-order-nvidias-dgx-superpod-supercomputers/,"data:image/gif;base64,R0lGODlhAQABAIAAAP///////yH5BAEKAAEALAAAAAABAAEAAAICTAEAOw==",0.0,0.0,0.0
OSS Presents AI on the Fly® and Data Center in the Sky ...,,"Oct 6, 2020",2020-10-06,"OSS Presents AI on the Fly® and Data Center in the Sky™ Solutions at NVIDIA's GPU Technology Conference This Week. Email Print Friendly Share. October 06, ...",https://www.globenewswire.com/news-release/2020/10/06/2104296/0/en/OSS-Presents-AI-on-the-Fly-and-Data-Center-in-the-Sky-Solutions-at-NVIDIA-s-GPU-Technology-Conference-This-Week.html,"data:image/gif;base64,R0lGODlhAQABAIAAAP///////yH5BAEKAAEALAAAAAABAAEAAAICTAEAOw==",-0.1,0.1,0.0
Supermicro doubles GPU capabilities,DataCenterNews Asia,"Oct 6, 2020",2020-10-06,"""NVIDIA A100 Tensor Core GPUs with TensorFloat 32 provides up to 20 times more compute capacity compared to the previous generation without requiring ...",https://datacenternews.asia/story/supermicro-doubles-gpu-capabilities,"data:image/gif;base64,R0lGODlhAQABAIAAAP///////yH5BAEKAAEALAAAAAABAAEAAAICTAEAOw==",0.0,0.0,0.0
Nvidia might finally have made video conferencing OK,TechRadar,"Oct 6, 2020",2020-10-06,Nvidia Maxine is a cloud-native streaming video AI platform that allows service providers to bring new AI-powered capabilities to the over 30m web meetings that ...,https://www.techradar.com/news/nvidia-might-finally-have-made-video-conferencing-ok,"data:image/gif;base64,R0lGODlhAQABAIAAAP///////yH5BAEKAAEALAAAAAABAAEAAAICTAEAOw==",0.25,0.75,0.4466
NVIDIA Building UK's Most Powerful Supercomputer ...,GlobeNewswire,"Oct 5, 2020",2020-10-05,"GSK, AstraZeneca, Guy's and St Thomas' NHS Foundation Trust, King's College London, Oxford Nanopore to Tap NVIDIA's New 'Cambridge-1' AI Supercomputer.",https://www.globenewswire.com/news-release/2020/10/05/2103592/0/en/NVIDIA-Building-UK-s-Most-Powerful-Supercomputer-Dedicated-to-AI-Research-in-Healthcare.html,"data:image/gif;base64,R0lGODlhAQABAIAAAP///////yH5BAEKAAEALAAAAAABAAEAAAICTAEAOw==",0.4,0.75,0.4754
Nvidia to build the U.K.'s fastest supercomputer for AI drug ...,FierceBiotech,"Oct 5, 2020",2020-10-05,Nvidia's Cambridge-1 is expected to come online before the end of the year as the most powerful supercomputer in the U.K. and the 29th fastest in the world.,https://www.fiercebiotech.com/medtech/nvidia-to-build-cambridge-1-uk-s-fastest-supercomputer-for-ai-drug-hunters-at-gsk,"data:image/gif;base64,R0lGODlhAQABAIAAAP///////yH5BAEKAAEALAAAAAABAAEAAAICTAEAOw==",0.0,0.0,0.0
Nvidia CEO anticipates supply shortages for the RTX 3080 and 3090 to last until 2021,The Verge,"Oct 5, 2020",2020-10-05,"If you are looking to get your hands on an Nvidia RTX 3080 or 3090 graphics card, you're probably going to have to wait until 2021. Nvidia CEO Jensen Huang ...",https://www.theverge.com/2020/10/5/21503001/nvidia-rtx-3080-and-3090-supply-issues-2021,"data:image/gif;base64,R0lGODlhAQABAIAAAP///////yH5BAEKAAEALAAAAAABAAEAAAICTAEAOw==",0.0,0.06666666666666667,-0.1531
Global Technology Leaders Adopt NVIDIA EGX Edge AI ...,GlobeNewswire,"Oct 5, 2020",2020-10-05,"The NVIDIA EGX Edge AI platform is widely adopted by world's leading tech companies, bringing a new wave of secure, GPU-accelerated servers to enterprise ...",https://www.globenewswire.com/news-release/2020/10/05/2103585/0/en/Global-Technology-Leaders-Adopt-NVIDIA-EGX-Edge-AI-Platform-to-Infuse-Intelligence-at-the-Edge-of-Every-Business.html,"data:image/gif;base64,R0lGODlhAQABAIAAAP///////yH5BAEKAAEALAAAAAABAAEAAAICTAEAOw==",0.0,0.0,0.1779
NVIDIA Announces Cloud-AI Video-Streaming Platform to ...,GlobeNewswire,"Oct 5, 2020",2020-10-05,"GPU-Accelerated AI Platform, NVIDIA Maxine, Enables Video-Conference Providers to Vastly Improve Streaming Quality and Offer AI-Powered Features ...",https://www.globenewswire.com/news-release/2020/10/05/2103583/0/en/NVIDIA-Announces-Cloud-AI-Video-Streaming-Platform-to-Better-Connect-Millions-Working-and-Studying-Remotely.html,"data:image/gif;base64,R0lGODlhAQABAIAAAP///////yH5BAEKAAEALAAAAAABAAEAAAICTAEAOw==",0.0,0.0,0.0
NVIDIA Launches The Most Affordable Developer Kit For The AI Community,Forbes,"Oct 5, 2020",2020-10-05,"According to NVIDIA, the Jetson Nano 2GB Developer Kit is the ideal platform for teaching, learning, and developing AI and robotics applications. It uses the same ...",https://www.forbes.com/sites/janakirammsv/2020/10/05/nvidia-launches-the-most-affordable-developer-kit-for-the-ai-community/,"data:image/gif;base64,R0lGODlhAQABAIAAAP///////yH5BAEKAAEALAAAAAABAAEAAAICTAEAOw==",0.5,0.5,0.0
NVIDIA Unveils Jetson Nano 2GB: The Ultimate AI and ...,GlobeNewswire,"Oct 5, 2020",2020-10-05,"The Jetson Nano 2GB Developer Kit is the latest offering in NVIDIA's Jetson AI at the Edge platform, which ranges from entry-level AI devices to advanced ...",https://www.globenewswire.com/news-release/2020/10/05/2103589/0/en/NVIDIA-Unveils-Jetson-Nano-2GB-The-Ultimate-AI-and-Robotics-Starter-Kit-for-Students-Educators-Robotics-Hobbyists.html,"data:image/gif;base64,R0lGODlhAQABAIAAAP///////yH5BAEKAAEALAAAAAABAAEAAAICTAEAOw==",0.0,1.0,0.0
Nvidia Launches $59 Jetson Nano 2GB Single-Board Computer,PCMag.com,"Oct 5, 2020",2020-10-05,"The Nano 2GB only costs $59 and Nvidia describes it as ""ideal for learning, building, and teaching AI and robotics. This is backed up by a Linux environment to ...",https://www.pcmag.com/news/nvidia-launches-59-jetson-nano-2gb-single-board-computer,"data:image/gif;base64,R0lGODlhAQABAIAAAP///////yH5BAEKAAEALAAAAAABAAEAAAICTAEAOw==",0.0,0.0,0.0
NVIDIA Announces Partnership with GSK's AI-Powered Lab ...,,"Oct 5, 2020",2020-10-05,"A Model for the Industry, GSK's AI Hub Will Integrate State-of-the-Art Computing Platforms for Imaging, Genomics and AI, Including NVIDIA DGX A100 Systems, ...",https://www.globenewswire.com/news-release/2020/10/05/2103587/0/en/NVIDIA-Announces-Partnership-with-GSK-s-AI-Powered-Lab-for-Discovery-of-Medicines-and-Vaccines.html,"data:image/gif;base64,R0lGODlhAQABAIAAAP///////yH5BAEKAAEALAAAAAABAAEAAAICTAEAOw==",0.0,0.0,0.0
"NVIDIA Announces Omniverse Open Beta, Letting Designers ...",GlobeNewswire,"Oct 5, 2020",2020-10-05,"A collaborative creation on NVIDIA Omniverse, rendered in real time using NVIDIA RTX. SANTA CLARA, Calif., Oct. 05, 2020 (GLOBE NEWSWIRE) -- GTC – Tens ...",https://www.globenewswire.com/news-release/2020/10/05/2103586/0/en/NVIDIA-Announces-Omniverse-Open-Beta-Letting-Designers-Collaborate-in-Real-Time-from-Home-or-Around-the-World.html,"data:image/gif;base64,R0lGODlhAQABAIAAAP///////yH5BAEKAAEALAAAAAABAAEAAAICTAEAOw==",0.0,0.5,0.0
AMAX Accelerates Next-Gen AI Computing With NVIDIA A100 ...,PRNewswire,"Oct 5, 2020",2020-10-05,"AMAX's AceleMax reference design data center servers provide single and dual AMD EPYC 7002 CPU options, four or eight NVIDIA A100 PCIe GPUs for up to ...",https://www.prnewswire.com/news-releases/amax-accelerates-next-gen-ai-computing-with-nvidia-a100-gpus-301145462.html,"data:image/gif;base64,R0lGODlhAQABAIAAAP///////yH5BAEKAAEALAAAAAABAAEAAAICTAEAOw==",0.0,0.0,0.0
Nvidia delays RTX 3070 launch to October 29th,The Verge,"Oct 2, 2020",2020-10-02,"Nvidia has delayed the launch of its upcoming GeForce RTX 3070 graphics card so there's more stock available on launch day. In a blog post, the company ...",https://www.theverge.com/2020/10/2/21498386/nvidia-rtx-3070-release-date-october-29th-delay-stock-shortages,"data:image/gif;base64,R0lGODlhAQABAIAAAP///////yH5BAEKAAEALAAAAAABAAEAAAICTAEAOw==",0.0,0.0,0.0
"If You Can Buy the Dips In Nvidia Stock, It’s Worth the Price to Ride Along",Nasdaq,"Oct 2, 2020",2020-10-02,"Meanwhile, revenue from Nvidia's professional visualization segment during Q2 was $203 million and the automotive segment revenue was $111 million. Data ...",https://www.nasdaq.com/articles/if-you-can-buy-the-dips-in-nvidia-stock-its-worth-the-price-to-ride-along-2020-10-02,"data:image/gif;base64,R0lGODlhAQABAIAAAP///////yH5BAEKAAEALAAAAAABAAEAAAICTAEAOw==",0.3,0.1,0.2263
Tech investors predict Nvidia's $40 billion Arm acquisition will be blocked,CNBC,"Oct 1, 2020",2020-10-01,"LONDON â€“ Nvidia's $40 billion acquisition of chip designer Arm will most likely be blocked, according to two technology investors and artificial intelligence ...",https://www.cnbc.com/2020/10/01/tech-investors-predict-nvidias-arm-acquisition-will-be-blocked.html,"data:image/gif;base64,R0lGODlhAQABAIAAAP///////yH5BAEKAAEALAAAAAABAAEAAAICTAEAOw==",0.0,0.0,-0.2732
