title,media,date,datetime,desc,link,img,textBlob polarity,textBlob subjectivity,vader polarity
AMD Rolls Out Desktop Processor Lineup Based on Zen 3 ...,Electronic Design,2 weeks ago,2020-12-12 22:02:36.954622,"Lisa Su, AMD's chief executive officer, said that Zen 3 adds to its advantages over Intel in the market for PC chips, where it is gaining ground on its larger rival in ...",https://www.electronicdesign.com/technologies/embedded-revolution/article/21144767/amd-amd-rolls-out-desktop-processor-lineup-based-on-zen-3-architecture,"data:image/gif;base64,R0lGODlhAQABAIAAAP///////yH5BAEKAAEALAAAAAABAAEAAAICTAEAOw==",0.0,0.0,0.0
AMD's Frank Azor confirms Radeon RX 6000's ray tracing and ...,Notebookcheck.net,"Oct 31, 2020",2020-10-31 00:00:00.000000,AMD is working on its own implementation of super sampling similar to NVIDIA's DLSS technology. AMD's super-sampling technique is likely to be based on ...,https://www.notebookcheck.net/AMD-s-Frank-Azor-confirms-Radeon-RX-6000-s-ray-tracing-and-super-sampling-info-will-be-available-in-the-run-up-to-launch.500179.0.html,"data:image/gif;base64,R0lGODlhAQABAIAAAP///////yH5BAEKAAEALAAAAAABAAEAAAICTAEAOw==",0.0,0.0,0.0
Radeon RX 6000 Launch Signals AMD’s Valiant Return To High End PC Gaming GPUs,Forbes,"Oct 30, 2020",2020-10-30 00:00:00.000000,"AMD's competitive strategy is nuanced as you might expect, however, so let's break things down quickly. AMD Radeon RX 6800 And 6800 XT Take On GeForce ...",https://www.forbes.com/sites/davealtavilla/2020/10/30/radeon-rx-6000-launch-signals-amds-valiant-return-to-high-end-pc-gaming-gpus/,"data:image/gif;base64,R0lGODlhAQABAIAAAP///////yH5BAEKAAEALAAAAAABAAEAAAICTAEAOw==",0.16,0.5399999999999999,0.0
AMD Reveals More Radeon RX 6000 Series vs. Nvidia RTX 3000 Benchmarks,PCMag.com,"Oct 30, 2020",2020-10-30 00:00:00.000000,"Interestingly, the tests were produced over a PC unit running AMD's upcoming Ryzen 9 5900X CPU. The benchmarks can also be toggled to show the ...",https://www.pcmag.com/news/amd-reveals-more-radeon-rx-6000-series-vs-nvidia-rtx-3000-benchmarks,"data:image/gif;base64,R0lGODlhAQABAIAAAP///////yH5BAEKAAEALAAAAAABAAEAAAICTAEAOw==",0.5,0.5,0.0
Early 'reviews' of AMD Ryzen 5 5600X show it beating Intel Core i9-9900k,TechRadar,"Oct 30, 2020",2020-10-30 00:00:00.000000,Two 'early' reviews of the soon to be released AMD Ryzen 7 5800X and Ryzen 5 5600X CPUs show impressive performance gains using the Zen 3 architecture ...,https://www.techradar.com/sg/news/early-reviews-of-amd-ryzen-5-5600x-shows-it-beating-intel-core-i9-9900k,"data:image/gif;base64,R0lGODlhAQABAIAAAP///////yH5BAEKAAEALAAAAAABAAEAAAICTAEAOw==",0.1,0.3,-0.4588
AMD and Its Chip Rivals Are Making Big Acquisitions. What It Means for Stocks.,Barron's,"Oct 30, 2020",2020-10-30 00:00:00.000000,"The all-stock transaction, announced Tuesday, values Xilinx shares at $143, roughly a 25% premium to the previous day's ending price. AMD expects the ...",https://www.barrons.com/articles/amd-and-its-chip-rivals-are-making-big-acquisitions-what-it-means-for-stocks-51604095826,"data:image/gif;base64,R0lGODlhAQABAIAAAP///////yH5BAEKAAEALAAAAAABAAEAAAICTAEAOw==",0.0,0.1,0.0
"AMD, Nvidia chip away at Intel’s semiconductor dominance",Livemint,"Oct 29, 2020",2020-10-29 00:00:00.000000,"and Texas Instruments Inc., both of which have a market value well above AMD's roughly $93 billion. But those companies largely compete in different markets: ...",https://www.livemint.com/companies/news/amd-nvidia-chip-away-at-intel-s-semiconductor-dominance-11603947580778.html,"data:image/gif;base64,R0lGODlhAQABAIAAAP///////yH5BAEKAAEALAAAAAABAAEAAAICTAEAOw==",0.0,0.0,0.2023
AMD's US$35b deal pushes 2020 towards a record for chip M&A,The Business Times,"Oct 29, 2020",2020-10-29 00:00:00.000000,"AMD's US$35b deal pushes 2020 towards a record for chip M&A. Thu, Oct 29, 2020 - 5:50 AM. ADVANCED Micro Devices Inc's US ...",https://www.businesstimes.com.sg/technology/amds-us35b-deal-pushes-2020-towards-a-record-for-chip-ma-0,"data:image/gif;base64,R0lGODlhAQABAIAAAP///////yH5BAEKAAEALAAAAAABAAEAAAICTAEAOw==",0.0,0.0,0.0
"AMD's $35 Billion Proposal to Xilinx Is Less About NVIDIA, More About Taking On Intel",Motley Fool,"Oct 29, 2020",2020-10-29 00:00:00.000000,"First, AMD is fronting no cash here. Instead, it is using its skyrocketing stock price as a currency -- shares are up over 70% this year, valuing the company at over ...",https://www.fool.com/investing/2020/10/29/amd-35-buying-xilinx-less-about-nvidia-more-intel/,"data:image/gif;base64,R0lGODlhAQABAIAAAP///////yH5BAEKAAEALAAAAAABAAEAAAICTAEAOw==",0.16666666666666669,0.2833333333333333,0.0
Intel defends against AMD Ryzen 5000 with tease of 11th Gen Rocket Lake info,TechRadar,"Oct 29, 2020",2020-10-29 00:00:00.000000,"AMD Ryzen 5000 processors are on the way, landing in-store on November 5. Since the October 8 reveal, though, Intel has been pretty quiet, even though its ...",https://www.techradar.com/news/intel-defends-against-amd-ryzen-5000-with-tease-of-11th-gen-rocket-lake-info,"data:image/gif;base64,R0lGODlhAQABAIAAAP///////yH5BAEKAAEALAAAAAABAAEAAAICTAEAOw==",0.0,0.0,-0.3182
AMD Stock Is Soaring — Should It Buy Skyworks Solutions?,Forbes,"Oct 28, 2020",2020-10-28 00:00:00.000000,AMD's acquisition of Xilinx is aimed at helping it boost revenue from selling chips into data centers — from 15% in 2019 to 30% of total sales by 2023. Xilinx makes ...,https://www.forbes.com/sites/petercohan/2020/10/28/amd-stock-is-soaring---should-it-buy-skyworks-solutions/,"data:image/gif;base64,R0lGODlhAQABAIAAAP///////yH5BAEKAAEALAAAAAABAAEAAAICTAEAOw==",0.0,0.0,0.1779
AMD to buy rival chipmaker Xilinx in $47.7 billion all-stock deal,The Straits Times,"Oct 28, 2020",2020-10-28 00:00:00.000000,"Xilinx investors will get 1.7234 AMD shares for each Xilinx stock they own. That values Xilinx at about US$143 a share, 25 per cent more than the closing price on ...",https://www.straitstimes.com/business/companies-markets/amd-to-buy-rival-chipmaker-xilinx-in-477-billion-all-stock-deal,"data:image/gif;base64,R0lGODlhAQABAIAAAP///////yH5BAEKAAEALAAAAAABAAEAAAICTAEAOw==",0.0,0.0,0.0
AMD to acquire rival chipmaker Xilinx for $35bn,Nikkei Asian Review,"Oct 28, 2020",2020-10-28 00:00:00.000000,"The deal, expected to close by the end of next year, marks AMD's largest acquisition to date. It would create a combined company with 13,000 engineers and ...",https://asia.nikkei.com/Business/Business-deals/AMD-to-acquire-rival-chipmaker-Xilinx-for-35bn,"data:image/gif;base64,R0lGODlhAQABAIAAAP///////yH5BAEKAAEALAAAAAABAAEAAAICTAEAOw==",0.0,0.0,0.0
AMD Unveils Next-Generation PC Gaming with AMD Radeon ...,GlobeNewswire,"Oct 28, 2020",2020-10-28 00:00:00.000000,AMD RDNA™ 2 gaming architecture provides up to 2X higher performance in select titles with the AMD Radeon™ RX 6900 XT graphics card compared to the ...,https://www.globenewswire.com/news-release/2020/10/28/2116182/0/en/AMD-Unveils-Next-Generation-PC-Gaming-with-AMD-Radeon-RX-6000-Series-Bringing-Leadership-4K-Resolution-Performance-to-AAA-Gaming.html,"data:image/gif;base64,R0lGODlhAQABAIAAAP///////yH5BAEKAAEALAAAAAABAAEAAAICTAEAOw==",0.0,0.0,0.0
"AMD is raking the cash in, with Ryzen CPUs selling better than ever",TechRadar,"Oct 28, 2020",2020-10-28 00:00:00.000000,AMD's Computing and Graphics division (CPUs and GPUs) managed to attain a revenue of $1.67 billion which was almost a third stronger than in the same ...,https://www.techradar.com/news/amd-is-raking-the-cash-in-with-ryzen-cpus-selling-better-than-ever,"data:image/gif;base64,R0lGODlhAQABAIAAAP///////yH5BAEKAAEALAAAAAABAAEAAAICTAEAOw==",0.5,0.5,0.4404
Nvidia might be preparing to fight AMD Big Navi with the RTX 3080 Ti,TechRadar,"Oct 27, 2020",2020-10-27 00:00:00.000000,Nvidia might be preparing to fight AMD Big Navi with the RTX 3080 Ti ... powerful variant of flagship Ampere GPU in order to counter AMD's incoming Radeon ...,https://www.techradar.com/news/nvidia-might-be-preparing-to-fight-amd-big-navi-with-the-rtx-3080-ti,"data:image/gif;base64,R0lGODlhAQABAIAAAP///////yH5BAEKAAEALAAAAAABAAEAAAICTAEAOw==",0.0,0.1,-0.3818
"AMD Ryzen 7 5800X leak shows CPU outgunning Core i9-10900K, with Intel looking in real trouble",TechRadar,"Oct 27, 2020",2020-10-27 00:00:00.000000,"AMD's Ryzen 7 5800X looks like it's handily beaten Intel's current Comet Lake ... As you can see, the AMD CPU managed to hit a single-thread result of 650, and ...",https://www.techradar.com/sg/news/amd-ryzen-7-5800x-leak-shows-cpu-outgunning-core-i9-10900k-with-intel-looking-in-real-trouble,"data:image/gif;base64,R0lGODlhAQABAIAAAP///////yH5BAEKAAEALAAAAAABAAEAAAICTAEAOw==",-0.30000000000000004,0.30000000000000004,-0.6249
AMD Reports Q3 2020 Earnings: Making Money and Setting ...,AnandTech,"Oct 27, 2020",2020-10-27 00:00:00.000000,"An atypical earnings release to say the least, an early-morning release allowed AMD investors and others to get a look at the very latest in AMD's financials while ...",https://www.anandtech.com/show/16198/amd-reports-q3-2020-earnings-making-money-and-settings-records-yet-again,"data:image/gif;base64,R0lGODlhAQABAIAAAP///////yH5BAEKAAEALAAAAAABAAEAAAICTAEAOw==",0.0,0.0,0.0
Cramer reacts to AMD-Xilinx tie-up: 'I think the stock's a steal',CNBC,"Oct 27, 2020",2020-10-27 00:00:00.000000,CNBC's Jim Cramer on Tuesday reacted to AMD's price fall after the chipmaker announced it was acquiring Xilinx. â€œI think AMD still has a ton of upside. You're ...,https://www.cnbc.com/2020/10/27/cramer-reacts-to-amd-xilinx-tie-up-i-think-the-stocks-a-steal.html,"data:image/gif;base64,R0lGODlhAQABAIAAAP///////yH5BAEKAAEALAAAAAABAAEAAAICTAEAOw==",0.0,0.0,-0.4939
AMD Ryzen 9 5950X CPU could blow Intel away with record-breaking performance,TechRadar,"Oct 26, 2020",2020-10-26 00:00:00.000000,"A leaked benchmark for AMD's Ryzen 9 5950X shows it setting a new record in PassMark for mainstream processors, and by quite some way. The chart-topping ...",https://www.techradar.com/sg/news/amd-ryzen-9-5950x-cpu-blows-away-the-competition-in-leaked-benchmark,"data:image/gif;base64,R0lGODlhAQABAIAAAP///////yH5BAEKAAEALAAAAAABAAEAAAICTAEAOw==",0.0,0.0,0.0
AMD Could Repurpose First-Gen RDNA GPUs for Cryptocurrency Mining,PCMag.com,"Oct 24, 2020",2020-10-24 00:00:00.000000,"Though the cryptocurrency mining rush seems to have faded a bit over the past few years, the industry is still kicking. Case in point: AMD is reportedly looking for ...",https://www.pcmag.com/news/amd-could-repurpose-first-gen-rdna-gpus-for-cryptocurrency-mining,"data:image/gif;base64,R0lGODlhAQABAIAAAP///////yH5BAEKAAEALAAAAAABAAEAAAICTAEAOw==",0.0,0.0,0.0
AMD earnings: Gain expected from Intel's pain yet again,MarketWatch,"Oct 23, 2020",2020-10-23 00:00:00.000000,"What analysts are saying. Cowen analyst Matthew Ramsay, who has an outperform rating, said he expects AMD's third-quarter results to “move higher on strong ...",https://www.marketwatch.com/story/amd-earnings-gain-expected-from-intels-pain-yet-again-11603493293,"data:image/gif;base64,R0lGODlhAQABAIAAAP///////yH5BAEKAAEALAAAAAABAAEAAAICTAEAOw==",-0.1,0.4,0.0258
AMD's 5600X Chip Claims Top Score in Single-Threaded Performance,PCMag.com,"Oct 23, 2020",2020-10-23 00:00:00.000000,"One of AMD's newest chips, the $299 Ryzen 5 5600X, has beat Intel's competing processors to take the crown on PassMark's test for fastest single-threaded ...",https://www.pcmag.com/news/amds-5600x-chip-claims-top-score-in-single-threaded-performance,"data:image/gif;base64,R0lGODlhAQABAIAAAP///////yH5BAEKAAEALAAAAAABAAEAAAICTAEAOw==",0.5,0.5,0.2023
AMD's 5600X Chip Claims Top Score in Single-Threaded Performance,PCMag.com,"Oct 23, 2020",2020-10-23 00:00:00.000000,"One of AMD's newest chips, the $299 Ryzen 5 5600X, has beat Intel's competing processors to take the crown on PassMark's test for fastest single-threaded ...",https://www.pcmag.com/news/amds-5600x-chip-claims-top-score-in-single-threaded-performance,"data:image/gif;base64,R0lGODlhAQABAIAAAP///////yH5BAEKAAEALAAAAAABAAEAAAICTAEAOw==",0.5,0.5,0.2023
AMD Ryzen 5 5600X takes the PassMark 1T CPU crown,HEXUS,"Oct 23, 2020",2020-10-23 00:00:00.000000,"AMD announced the Ryzen 5000 series of processors back on the 8th October. Four SKUs become available on 5th November; the AMD Ryzen 9 5950X, the ...",https://hexus.net/tech/news/cpu/146404-amd-ryzen-5-5600x-takes-passmark-1t-cpu-crown/,"data:image/gif;base64,R0lGODlhAQABAIAAAP///////yH5BAEKAAEALAAAAAABAAEAAAICTAEAOw==",0.0,0.0,0.0
Leaked AMD Big Navi benchmarks could have Nvidia worried,TechRadar,"Oct 23, 2020",2020-10-23 00:00:00.000000,"In Fire Strike Extreme, for example, the so-called AMD RX 6800 XT scores 13,066, giving it a hefty lead over the RTX 3080 (10,688), and an even bigger lead over ...",https://www.techradar.com/sg/news/leaked-amd-big-navi-benchmarks-could-have-nvidia-worried,"data:image/gif;base64,R0lGODlhAQABAIAAAP///////yH5BAEKAAEALAAAAAABAAEAAAICTAEAOw==",0.0,0.1,-0.5423
AMD Ryzen 9 5950X 16-core monster could be the first Ryzen chip to hit 5GHz,TechRadar,"Oct 22, 2020",2020-10-22 00:00:00.000000,"While AMD advertises the maximum boost speed of the 5950X as 4.9GHz, it looks like AMD's Precision Boost Overdrive (PBO) tech is able to push the chip even ...",https://www.techradar.com/news/amd-ryzen-9-5950x-16-core-monster-could-be-the-first-ryzen-chip-to-hit-5ghz,"data:image/gif;base64,R0lGODlhAQABAIAAAP///////yH5BAEKAAEALAAAAAABAAEAAAICTAEAOw==",0.25,0.3333333333333333,0.0
The Resurrection Of Cray And AMD In A Trifurcating HPC Space,The Next Platform,"Oct 22, 2020",2020-10-22 00:00:00.000000,AMD and Cray certainly had a lot of success together in HPC with the Opteron line of processors and the proprietary “SeaStar” and “Gemini” interconnects that ...,http://www.nextplatform.com/2020/10/22/the-resurrection-of-cray-and-amd-in-a-trifurcating-hpc-space/,"data:image/gif;base64,R0lGODlhAQABAIAAAP///////yH5BAEKAAEALAAAAAABAAEAAAICTAEAOw==",0.0,0.0,0.0
"AMD Tries to Block Scalpers From Buying Up Ryzen 5000 CPUs, New Radeon Cards",PCMag.com,"Oct 21, 2020",2020-10-21 00:00:00.000000,"AMD wants to avoid the launch day debacle rival Nvidia faced with its RTX 3080 and 3090 graphics cards, which scalpers have been purchasing using ...",https://www.pcmag.com/news/amd-tries-to-block-scalpers-from-buying-up-ryzen-5000-cpus-new-radeon-cards,"data:image/gif;base64,R0lGODlhAQABAIAAAP///////yH5BAEKAAEALAAAAAABAAEAAAICTAEAOw==",0.018181818181818174,0.42727272727272725,-0.4404
HPE And AMD Bag The Big Supercomputer Deal Down Under,The Next Platform,"Oct 19, 2020",2020-10-19 00:00:00.000000,HPE And AMD Bag The Big Supercomputer Deal Down Under ... of Epyc CPUs and Instinct GPUs from AMD as the compute engines in the machine. The design ...,http://www.nextplatform.com/2020/10/19/hpe-and-amd-bag-the-big-supercomputer-deal-down-under/,"data:image/gif;base64,R0lGODlhAQABAIAAAP///////yH5BAEKAAEALAAAAAABAAEAAAICTAEAOw==",-0.07777777777777779,0.19444444444444448,0.0
AMD’s Zen 3 Bursts Onto The Scene With New Ryzen 5000 Series,Forbes,"Oct 16, 2020",2020-10-16 00:00:00.000000,"Two weeks ago, AMD spoke to the gaming world with the claims at its launch of its well-anticipated Ryzen 5000 Series of desktop processors, the first to be built ...",https://www.forbes.com/sites/patrickmoorhead/2020/10/16/amds-zen-3-bursts-onto-the-scene-with-new-ryzen-5000-series/,"data:image/gif;base64,R0lGODlhAQABAIAAAP///////yH5BAEKAAEALAAAAAABAAEAAAICTAEAOw==",0.13636363636363635,0.45454545454545453,0.0
AMD Stock Forms Base Ahead Of Q3 Earnings Report,Investor's Business Daily,"Oct 16, 2020",2020-10-16 00:00:00.000000,AMD Earnings Overshadowed By Xilinx Chatter. A solid third-quarter report would help quell fears that AMD's organic growth is weakening. Those fears were ...,https://www.investors.com/news/technology/amd-stock-forms-base-q3-earnings/,"data:image/gif;base64,R0lGODlhAQABAIAAAP///////yH5BAEKAAEALAAAAAABAAEAAAICTAEAOw==",-0.8,1.0,0.0
Where Will AMD Be in 5 Years?,Motley Fool,"Oct 15, 2020",2020-10-15 00:00:00.000000,"Despite AMD's massive share price success, another 50-fold increase appears unlikely. Nonetheless, the stock could see continuing gains. AMD stock trades at a ...",https://www.fool.com/investing/2020/10/15/where-will-amd-be-in-five-years/,"data:image/gif;base64,R0lGODlhAQABAIAAAP///////yH5BAEKAAEALAAAAAABAAEAAAICTAEAOw==",0.0,0.0,0.0
An AMD-Xilinx deal would be fraught with more risk than the Nvidia-Arm tie-up,MarketWatch,"Oct 13, 2020",2020-10-13 00:00:00.000000,"At AMD, there are more open questions if it buys Xilinx. Lisa Su, chief executive officer of Advanced Micro Devices. Bloomberg News.",https://www.marketwatch.com/story/semiconductor-sands-shift-as-nvidia-and-amd-have-big-plans-with-acquisitions-2020-10-13,"data:image/gif;base64,R0lGODlhAQABAIAAAP///////yH5BAEKAAEALAAAAAABAAEAAAICTAEAOw==",0.5,0.5,-0.3384
Intel just revealed a surprise new processor to beat AMD Ryzen in budget gaming PCs,TechRadar,"Oct 12, 2020",2020-10-12 00:00:00.000000,"Intel just revealed a surprise new processor to beat AMD Ryzen in budget gaming PCs. By Darren Allan October 12, 2020. Comet Lake to conquer the budget end ...",https://www.techradar.com/sg/news/intel-just-revealed-a-surprise-new-processor-to-beat-amd-ryzen-in-budget-gaming-pcs,"data:image/gif;base64,R0lGODlhAQABAIAAAP///////yH5BAEKAAEALAAAAAABAAEAAAICTAEAOw==",0.13636363636363635,0.45454545454545453,0.2732
AMD Ryzen 5000 processors are coming to these older motherboards,TechRadar,"Oct 12, 2020",2020-10-12 00:00:00.000000,"One of the best things about AMD is that, unlike its competitor Intel, when it releases a new generation of CPUs, they are often supported by older motherboards, ...",https://www.techradar.com/sg/news/amd-ryzen-5000-processors-are-coming-to-these-older-motherboards,"data:image/gif;base64,R0lGODlhAQABAIAAAP///////yH5BAEKAAEALAAAAAABAAEAAAICTAEAOw==",0.16666666666666666,0.3333333333333333,0.0
EETimes - AMD and Xilinx: A Match Made in Silicon Valley? -,EE Times,"Oct 12, 2020",2020-10-12 00:00:00.000000,The other unusual part of this deal is that AMD's CEO Lisa Su is known to be rather conservative in business deals and the company just got out from some ...,https://www.eetimes.com/amd-and-xilinx-a-match-made-in-silicon-valley/,"data:image/gif;base64,R0lGODlhAQABAIAAAP///////yH5BAEKAAEALAAAAAABAAEAAAICTAEAOw==",0.0,0.0,0.0
Xilinx (XLNX) Rallies 14% as AMD Reportedly Eyes Acquisition,Yahoo Finance,"Oct 12, 2020",2020-10-12 00:00:00.000000,Why AMD Intends to Buy Xilinx? The two companies are so different to each other that the deal makes sense in our view. Advanced Micro is specialized in making ...,https://finance.yahoo.com/news/xilinx-xlnx-rallies-14-amd-111211724.html,"data:image/gif;base64,R0lGODlhAQABAIAAAP///////yH5BAEKAAEALAAAAAABAAEAAAICTAEAOw==",0.0,0.0,0.0
What to expect from AMD's potential Xilinx acquisition,Business Insider,"Oct 12, 2020",2020-10-12 00:00:00.000000,"AMD makes semiconductors that are widely used in consumer electronics and data centers. AMD's chips for consumer hardware are used by the likes of Apple, ...",https://www.businessinsider.com/what-to-expect-from-amd-potential-xilinx-acquisition-2020-10,"data:image/gif;base64,R0lGODlhAQABAIAAAP///////yH5BAEKAAEALAAAAAABAAEAAAICTAEAOw==",0.0,1.0,0.0
AMD's new Ryzen 5000 processors bring the competition PC ...,Techgoondu,"Oct 11, 2020",2020-10-11 00:00:00.000000,"The much-hyped update to AMD's Ryzen PC chips is expected to match or even exceed Intel's current lineup, and with a competitive price as well. That's great ...",https://www.techgoondu.com/2020/10/11/amds-new-ryzen-5000-processors-bring-the-competition-pc-users-have-missed/,"data:image/gif;base64,R0lGODlhAQABAIAAAP///////yH5BAEKAAEALAAAAAABAAEAAAICTAEAOw==",0.13636363636363635,0.45454545454545453,0.0
AMD said to be in talks to buy rival Xilinx in US$30b deal,The Business Times,"Oct 10, 2020",2020-10-10 00:00:00.000000,"That gives it a market capitalisation of US$25.9 billion, about a quarter of AMD's value. Shares of Santa Clara, California-based AMD closed at US$86.51. The ...",https://www.businesstimes.com.sg/technology/amd-said-to-be-in-talks-to-buy-rival-xilinx-in-us30b-deal,"data:image/gif;base64,R0lGODlhAQABAIAAAP///////yH5BAEKAAEALAAAAAABAAEAAAICTAEAOw==",0.0,0.0,0.0
AMD announces Ryzen 5000 series of desktop processors based on Zen 3 architecture - GSMArena.com news,GSMArena.com,"Oct 9, 2020",2020-10-09 00:00:00.000000,AMD claims the 5950X has the highest single and multi-threaded performance of any mainstream desktop CPU. The CPU also has a massive 64MB of L3 cache ...,https://www.gsmarena.com/amd_announces_ryzen_5000_series_of_desktop_processors_based_on_zen_3_architecture-news-45701.php,"data:image/gif;base64,R0lGODlhAQABAIAAAP///////yH5BAEKAAEALAAAAAABAAEAAAICTAEAOw==",0.0,0.0,0.0
AMD Big Navi may not be the Nvidia RTX 3080 killer people hoped for,TechRadar,"Oct 9, 2020",2020-10-09 00:00:00.000000,"One of the big themes of AMD's Ryzen 5000 launch was how good these processors are at gaming, and to prove it, AMD showed off benchmark results of its high- ...",https://www.techradar.com/sg/news/amd-big-navi-may-not-be-the-nvidia-rtx-3080-killer-people-hoped-for,"data:image/gif;base64,R0lGODlhAQABAIAAAP///////yH5BAEKAAEALAAAAAABAAEAAAICTAEAOw==",0.0,0.1,-0.4019
"Xilinx, Advanced Micro Devices, NXP: What to Watch When the Stock Market Opens Today",Wall Street Journal,"Oct 9, 2020",2020-10-09 00:00:00.000000,"AMD stock edged down over 3%. Newsletter Sign-up. Markets. A pre-markets primer packed with news, trends and ...",https://www.wsj.com/articles/xilinx-amd-alibaba-what-to-watch-when-the-stock-market-opens-today-11602242121,"data:image/gif;base64,R0lGODlhAQABAIAAAP///////yH5BAEKAAEALAAAAAABAAEAAAICTAEAOw==",0.4,0.6,0.25
AMD Launches AMD Ryzen 5000 Series Desktop Processors ...,GlobeNewswire,"Oct 8, 2020",2020-10-08 00:00:00.000000,AMD Ryzen™ 5000 Series Desktop Processors built on new “Zen 3” core architecture deliver across-the board leadership performance for gamers and content ...,https://www.globenewswire.com/news-release/2020/10/08/2105823/0/en/AMD-Launches-AMD-Ryzen-5000-Series-Desktop-Processors-The-Fastest-Gaming-CPUs-in-the-World.html,"data:image/gif;base64,R0lGODlhAQABAIAAAP///////yH5BAEKAAEALAAAAAABAAEAAAICTAEAOw==",0.0,0.0,0.0
How AMD is Using its Ryzen Mobile Processors to Deal With a Changing World,NDTV,"th · Oct 8, 2020",2020-10-08 00:00:00.000000,"Gadgets 360: What notebook categories and price segments are seeing the most demand in India, and how will AMD's offerings stand out? Vinay Sinha: India is a ...",https://gadgets.ndtv.com/laptops/features/how-amd-is-using-its-ryzen-mobile-processors-to-deal-with-a-changing-world-2307179,"data:image/gif;base64,R0lGODlhAQABAIAAAP///////yH5BAEKAAEALAAAAAABAAEAAAICTAEAOw==",0.0,0.0,0.0
Intel Announces Rocket Lake 2021 Release Ahead of AMD's Zen 3 Announcement,Tom's Hardware,"Oct 7, 2020",2020-10-07 00:00:00.000000,"It will be a bit hard for Intel to steal the spotlight, given that AMD's Zen 3 announcement is tomorrow, likely meaning the new Ryzen chips will ship this year.",https://www.tomshardware.com/news/intel-announces-rocket-lake-q1-2021-release-ahead-of-amd-zen-3-announcement-pcie-4,"data:image/gif;base64,R0lGODlhAQABAIAAAP///////yH5BAEKAAEALAAAAAABAAEAAAICTAEAOw==",0.0,0.0,0.0
AMD’s Infinity Cache could be Big Navi’s secret weapon to beat Nvidia’s RTX 3000 GPUs,TechRadar,"Oct 6, 2020",2020-10-06 00:00:00.000000,"AMD's Infinity Cache could be Big Navi's secret weapon to beat Nvidia's RTX 3000 GPUs. By Darren Allan October 06, 2020. To Infinity Cache and beyond?",https://www.techradar.com/sg/news/amds-infinity-cache-could-be-big-navis-secret-weapon-to-beat-nvidias-rtx-3000-gpus,"data:image/gif;base64,R0lGODlhAQABAIAAAP///////yH5BAEKAAEALAAAAAABAAEAAAICTAEAOw==",-0.2,0.39999999999999997,-0.296
AMD RX 5700 series ceases production to clear room for Big Navi,TechRadar,"Oct 2, 2020",2020-10-02 00:00:00.000000,"The RX 5700 series is AMD's flagship graphics cards, going up against the GeForce RTX 2060 Super and the RTX 2070, though falling short of the RTX 2080 and ...",https://www.techradar.com/sg/news/amd-rx-5700-series-ceases-production-to-clear-room-for-big-navi,"data:image/gif;base64,R0lGODlhAQABAIAAAP///////yH5BAEKAAEALAAAAAABAAEAAAICTAEAOw==",0.05000000000000001,0.24166666666666664,0.3818
AMD Ryzen 9 5900X CPU-Z bench shows impressive 1T gains - CPU - News,HEXUS,"Oct 1, 2020",2020-10-01 00:00:00.000000,"AMD's Ryzen 7 3700X (8C/16T) processor scores 511/5433 in the same tests, and was chosen the a comparison baseline by the tester. Some other 1T/nT ...",https://hexus.net/tech/news/cpu/145873-amd-ryzen-9-5900x-cpu-z-bench-shows-impressive-1t-gains/,"data:image/gif;base64,R0lGODlhAQABAIAAAP///////yH5BAEKAAEALAAAAAABAAEAAAICTAEAOw==",1.0,1.0,0.6908
