title,media,date,datetime,desc,link,img,textBlob polarity,textBlob subjectivity,vader polarity
This is the cheapest AMD Ryzen laptop this Cyber Monday but it has one big flaw,TechRadar,4 weeks ago,2020-11-28 22:03:10.963277,"This 2020 model comes with the AMD Ryzen 3 3200U, a dual-core CPU with a base clock of 2.6GHz. It's comparable to an Intel Core i3-8121U processor, which is ...",https://www.techradar.com/sg/news/this-is-the-cheapest-amd-ryzen-laptop-this-cyber-monday-but-it-has-one-big-flaw,"data:image/gif;base64,R0lGODlhAQABAIAAAP///////yH5BAEKAAEALAAAAAABAAEAAAICTAEAOw==",0.0,0.1,0.0
Nvidia RTX 3060 Ti almost catches the AMD Radeon RX 6800 in leaked benchmarks,TechRadar,4 weeks ago,2020-11-28 22:03:10.926246,That marginal difference between the two GPUs is particularly impressive when you consider the rumored price difference between the two cards; the AMD ...,https://www.techradar.com/sg/news/nvidia-rtx-3060-ti-almost-catches-the-amd-radeon-rx-6800-in-leaked-benchmarks,"data:image/gif;base64,R0lGODlhAQABAIAAAP///////yH5BAEKAAEALAAAAAABAAEAAAICTAEAOw==",0.0,0.0,-0.3182
AMD stock rallies to record close after CEO sounds positive notes on 2021 and PC market,MarketWatch,4 weeks ago,2020-11-28 22:03:08.730279,"1. Advertisement. In a conference interview with Credit Suisse analyst John Pitzer, AMD CEO Lisa Su said she doesn't see ...",https://www.marketwatch.com/story/amd-stock-rallies-toward-new-highs-after-ceo-sounds-positive-note-on-2021-pc-market-11606767386,"data:image/gif;base64,R0lGODlhAQABAIAAAP///////yH5BAEKAAEALAAAAAABAAEAAAICTAEAOw==",0.22727272727272727,0.5454545454545454,0.5574
"Cyber Monday CPU Deals 2020: Top AMD Ryzen, Intel i7 ...",GlobeNewswire,4 weeks ago,2020-11-28 22:03:01.969097,"Compare the latest offers on Intel i7 8700K, AMD Ryzen Threadripper and more CPUs. Check out the latest deals by clicking the links below. Best CPU & ...",https://www.globenewswire.com/news-release/2020/11/29/2135890/0/en/Cyber-Monday-CPU-Deals-2020-Top-AMD-Ryzen-Intel-i7-More-CPU-Deals-Rounded-Up-by-Retail-Fuse.html,"data:image/gif;base64,R0lGODlhAQABAIAAAP///////yH5BAEKAAEALAAAAAABAAEAAAICTAEAOw==",0.5,0.5,0.2023
AMD Big Navi GPU launch was reportedly worse than Nvidia’s RTX 3000 fail,TechRadar,4 weeks ago,2020-11-28 22:02:54.974871,"AMD's Big Navi graphics card could have been in shorter supply on their launch than rival Nvidia's Ampere models, at least going by one report – which is pretty ...",https://www.techradar.com/sg/news/amd-big-navi-gpu-launch-was-reportedly-worse-than-nvidias-rtx-3000-fail,"data:image/gif;base64,R0lGODlhAQABAIAAAP///////yH5BAEKAAEALAAAAAABAAEAAAICTAEAOw==",-0.3,0.3333333333333333,-0.765
Nvidia Says Feature Similar to AMD's Smart Access Memory Tech is Coming to Ampere,Tom's Hardware,1 month ago,2020-11-26 22:03:10.959245,"If Nvidia has things it's way, AMD's latest new performance-boosting technology for RX 6000 ""Big Navi"" graphics cards might not be a huge one-sided advantage ...",https://www.tomshardware.com/news/nvidia-amd-smart-access-memory-tech-ampere,"data:image/gif;base64,R0lGODlhAQABAIAAAP///////yH5BAEKAAEALAAAAAABAAEAAAICTAEAOw==",0.10714285714285714,0.5214285714285715,0.4019
AMD Ryzen 7 5800X CPU Review,KitGuru,1 month ago,2020-11-26 22:03:10.955245,"More challenging, though, is the often £90 availability price increase versus the 105W TDP 8-core Zen 2 chip, or £120-130 extra versus the Ryzen 7 3700X. AMD's ...",https://www.kitguru.net/components/cpu/luke-hill/amd-ryzen-7-5800x-cpu-review/,"data:image/gif;base64,R0lGODlhAQABAIAAAP///////yH5BAEKAAEALAAAAAABAAEAAAICTAEAOw==",0.0,0.0,0.0
Lenovo IdeaPad S540 13-inch: AMD Ryzen ensures a very ...,Notebookcheck.net,1 month ago,2020-11-26 22:03:10.951245,The Intel Core i5-1035G7 cannot even pretend to keep up with AMD's CPU. Find out whether the current 13.3-inch subnotebook powerhouse can iron out a large ...,https://www.notebookcheck.net/Lenovo-IdeaPad-S540-13-inch-AMD-Ryzen-ensures-a-very-good-rating-despite-cut-corners.506222.0.html,"data:image/gif;base64,R0lGODlhAQABAIAAAP///////yH5BAEKAAEALAAAAAABAAEAAAICTAEAOw==",0.2,0.3,0.0
AMD Stock Is Higher on Another Upgrade to Buy,Barron's,1 month ago,2020-11-26 22:03:10.947247,"Rakers wrote in a note to clients that AMD's impressive hardware has been underappreciated, and the traction it has gained from supercomputer sales validate ...",https://www.barrons.com/articles/amd-stock-is-higher-on-another-upgrade-to-buy-51604695093,"data:image/gif;base64,R0lGODlhAQABAIAAAP///////yH5BAEKAAEALAAAAAABAAEAAAICTAEAOw==",0.25,0.5,0.0
AMD Big Navi graphics cards could be in short supply well into 2021,TechRadar,1 month ago,2020-11-26 22:03:10.943276,"Tom's observes that all tech stores have sold out their stock of third-party Big Navi cards, and AMD's reference boards for that matter, in a by now familiar scene ...",https://www.techradar.com/sg/news/amd-big-navi-graphics-cards-could-be-in-short-supply-well-into-2021,"data:image/gif;base64,R0lGODlhAQABAIAAAP///////yH5BAEKAAEALAAAAAABAAEAAAICTAEAOw==",0.0,0.2,0.2732
New Arm-based gaming PC set to take on Intel and AMD rigs,TechRadar,1 month ago,2020-11-26 22:03:10.939276,We expected the company to leverage the CPUs low power consumption to compete with inexpensive processors from AMD and Intel inside small form-factor ...,https://www.techradar.com/sg/news/new-arm-based-gaming-pc-set-to-take-on-intel-and-amd-rigs,"data:image/gif;base64,R0lGODlhAQABAIAAAP///////yH5BAEKAAEALAAAAAABAAEAAAICTAEAOw==",0.13636363636363635,0.45454545454545453,0.0
"AMD has a subtle dig at Intel, suggesting Alder Lake CPUs don’t make sense",TechRadar,1 month ago,2020-11-26 22:03:10.935279,AMD has come out and said that it doesn't make any sense to be taking a leaf out of ARM's book by using something similar to big.LITTLE tech for Ryzen ...,https://www.techradar.com/sg/news/amd-has-a-subtle-dig-at-intel-suggesting-alder-lake-cpus-dont-make-sense,"data:image/gif;base64,R0lGODlhAQABAIAAAP///////yH5BAEKAAEALAAAAAABAAEAAAICTAEAOw==",-0.3333333333333333,0.5,0.0
AMD promises RDNA 3 GPUs will be as big a leap forward as Big Navi,TechRadar,1 month ago,2020-11-26 22:03:10.931274,AMD's Big Navi graphics cards featuring its RDNA 2 architecture aren't even out yet – they go on sale in a week on November 18 – but already the company is ...,https://www.techradar.com/sg/news/amd-promises-rdna-3-gpus-will-be-as-big-a-leap-forward-as-big-navi,"data:image/gif;base64,R0lGODlhAQABAIAAAP///////yH5BAEKAAEALAAAAAABAAEAAAICTAEAOw==",0.0,0.1,0.3818
AMD Helping to Bring Smart Access Memory to Nvidia GPUs,Tom's Hardware,1 month ago,2020-11-26 22:03:08.748279,"If AMD did a lot of hardware-level optimization, that could give AMD's CPUs , GPUs and relevant motherboards better performance with this feature over Intel and ...",https://www.tomshardware.com/news/amd-allows-SAM-on-nvidia-gpus,"data:image/gif;base64,R0lGODlhAQABAIAAAP///////yH5BAEKAAEALAAAAAABAAEAAAICTAEAOw==",0.21428571428571427,0.6428571428571429,0.5994
Why AMD Stock Popped Today,Motley Fool,1 month ago,2020-11-26 22:03:08.744278,"Goldman Sachs analyst Toshiya Hari raised his rating on AMD's stock from neutral to ""conviction buy"" and boosted his price forecast from $84 to $96. Hari's new ...",https://www.fool.com/investing/2020/11/04/why-amd-stock-popped-today/,"data:image/gif;base64,R0lGODlhAQABAIAAAP///////yH5BAEKAAEALAAAAAABAAEAAAICTAEAOw==",0.0,0.0,0.0
"A history of Intel vs. AMD desktop performance, with CPU charts galore",Ars Technica,1 month ago,2020-11-26 22:03:08.739279,"The comment wars between Intel and AMD fans have been hot for the last few release cycles, with a lot of digital ink spilled about which company has—or has ...",https://arstechnica.com/gadgets/2020/11/a-history-of-intel-vs-amd-desktop-performance-with-cpu-charts-galore/,"data:image/gif;base64,R0lGODlhAQABAIAAAP///////yH5BAEKAAEALAAAAAABAAEAAAICTAEAOw==",0.0,0.0,0.0
Overclocked AMD Radeon RX 6800 XT performance apparently matches the Nvidia RTX 3090,TechRadar,1 month ago,2020-11-26 22:03:08.735279,"We had our hopes up regarding rumors of AMD's line of GPUs exceeding their officially listed frequencies, but these whispers may now have some weight to them.",https://www.techradar.com/sg/news/overclocked-amd-radeon-rx-6800-xt-performance-apparently-matches-the-nvidia-rtx-3090,"data:image/gif;base64,R0lGODlhAQABAIAAAP///////yH5BAEKAAEALAAAAAABAAEAAAICTAEAOw==",0.05,0.35,0.0
"AMD, Apple Chipmakers Qorvo, Qualcomm Lead 5 Stocks ...",Investor's Business Daily,1 month ago,2020-11-26 22:03:08.726307,"AMD stock, Qorvo (QRVO), Qualcomm (QCOM) Analog Devices (ADI) and Taiwan Semiconductor (TSM) are top stocks to watch this week. All but one of the chip ...",https://www.investors.com/news/technology/amd-stock-qorvo-qualcomm-taiwan-semiconductor-analog-devices-near-buy-points/,"data:image/gif;base64,R0lGODlhAQABAIAAAP///////yH5BAEKAAEALAAAAAABAAEAAAICTAEAOw==",0.0,0.0,0.0
AMD Radeon RX 6800 Rumored To Be 50% Faster Than GeForce RTX 3090 At Mining,Wccftech,1 month ago,2020-11-26 22:03:08.723309,"AMD 6800 card just arrived, mining performance at default is amazing, it reached 1.5 times performance of 3090, or even more. I guess non of you will be able to ...",https://wccftech.com/amd-radeon-rx-6800-50-faster-geforce-rtx-3090-at-crypto-mining-rumor/,"data:image/gif;base64,R0lGODlhAQABAIAAAP///////yH5BAEKAAEALAAAAAABAAEAAAICTAEAOw==",0.0,0.0,0.0
Is AMD’s Radeon RX 6800 a cryptocurrency mining beast?,PC Gamer,1 month ago,2020-11-26 22:03:08.719312,"If accurate, it would make the 6800 and by implication all AMD RDNA 2 cards dramatically more efficient for crypto mining than Nvidia's Ampere GPUs. It would ...",https://www.pcgamer.com/amd-radeon-rx-6800-rdna2-cryptocurrency-mining/,"data:image/gif;base64,R0lGODlhAQABAIAAAP///////yH5BAEKAAEALAAAAAABAAEAAAICTAEAOw==",0.0,0.0,0.0
AMD Radeon RX 6800 may be 50% faster than GeForce RTX 3090 for cryptomining,TechRadar,1 month ago,2020-11-26 22:03:08.715309,"If the rumors are true, then the new AMD Radeon RX 6800 (not the RX 6800XT) is 50% better at mining for cryptocurrency than the current crypto champ, the ...",https://www.techradar.com/sg/news/amd-radeon-rx-6800-may-be-50-faster-than-geforce-rtx-3090-for-cryptomining,"data:image/gif;base64,R0lGODlhAQABAIAAAP///////yH5BAEKAAEALAAAAAABAAEAAAICTAEAOw==",0.0,0.0,0.0
AMD Is Shattering Intel's Dominance in Style,Motley Fool,1 month ago,2020-11-26 22:03:08.711310,This was AMD's highest share of the overall CPU market since the final quarter of 2007. And what's most impressive about this effort is that the latest numbers don't ...,https://www.fool.com/investing/2020/11/13/amd-is-shattering-intels-dominance-in-style/,"data:image/gif;base64,R0lGODlhAQABAIAAAP///////yH5BAEKAAEALAAAAAABAAEAAAICTAEAOw==",0.0,0.0,0.2023
"IBM and AMD will work together on security, artificial intelligence",MarketWatch,1 month ago,2020-11-26 22:03:01.965097,"IBM shares are up 0.3% in premarket trading Wednesday, while AMD shares are up 1.4%. IBM shares have lost 12% so far this year as AMD's have risen 70%.",https://www.marketwatch.com/story/ibm-and-amd-will-work-together-on-security-artificial-intelligence-2020-11-11,"data:image/gif;base64,R0lGODlhAQABAIAAAP///////yH5BAEKAAEALAAAAAABAAEAAAICTAEAOw==",-0.6,1.0,0.6705
IBM and AMD team for 'confidential computing' for AI and HPC ...,DatacenterDynamics,1 month ago,2020-11-26 22:03:01.958097,IBM has signed a multi-year joint development agreement (JDA) with AMD to improve both companies' security and artificial intelligence (AI) products.,https://www.datacenterdynamics.com/en/news/ibm-and-amd-team-confidential-computing-ai-and-hpc-cloud/,"data:image/gif;base64,R0lGODlhAQABAIAAAP///////yH5BAEKAAEALAAAAAABAAEAAAICTAEAOw==",0.0,0.0,0.0
AMDâ€™s Ryzen 5000 Processors Get Faster For Free With Precision Boost Overdrive 2 Feature,Forbes,1 month ago,2020-11-26 22:03:01.953096,"AMD is to roll out a new feature called Precision Boost Overdrive 2, which can dramatically increase both single-threaded and multi-threaded performance in ...",https://www.forbes.com/sites/antonyleather/2020/11/23/amds-ryzen-5000-processors-get--faster-for-free-with-precision-boost-overdrive-2-feature/,"data:image/gif;base64,R0lGODlhAQABAIAAAP///////yH5BAEKAAEALAAAAAABAAEAAAICTAEAOw==",0.4,0.8,0.7184
The AMD Radeon RX 6800 XT might run into the same RTX 3080 stock issues,TechRadar,1 month ago,2020-11-26 22:03:01.948097,"It's no secret at this point that no matter how excellent the AMD RTX 3080 and RTX 3090 are, it's still basically impossible to find them. And, it looks like the new ...",https://www.techradar.com/sg/news/the-amd-radeon-rx-6800-xt-might-run-into-the-same-rtx-3080-stock-issues,"data:image/gif;base64,R0lGODlhAQABAIAAAP///////yH5BAEKAAEALAAAAAABAAEAAAICTAEAOw==",0.0,0.125,0.0
AMD Radeon RX 6700 XT and RX 6700 may be coming in January 2021,TechRadar,1 month ago,2020-11-26 22:03:01.943095,"AMD has always maintained that Big Navi was going to be available across the GPU market, so the introduction of a lower-end GPU based on AMD's new ray- ...",https://www.techradar.com/sg/news/amd-radeon-rx-6700-xt-and-rx-6700-may-be-coming-in-january-2021,"data:image/gif;base64,R0lGODlhAQABAIAAAP///////yH5BAEKAAEALAAAAAABAAEAAAICTAEAOw==",0.0,0.0,0.0
Nvidia RTX 3080 vs AMD Radeon RX 6800 XT: Which graphics card will win?,Tom's Guide,1 month ago,2020-11-26 22:03:01.938097,"But AMD was holding back, revving its engines only to drop the clutch and zoom towards team green. After years, Nvidia and AMD are going at it neck and neck, ...",https://www.tomsguide.com/news/nvidia-rtx-3080-vs-amd-radeon-rx-6800-xt,"data:image/gif;base64,R0lGODlhAQABAIAAAP///////yH5BAEKAAEALAAAAAABAAEAAAICTAEAOw==",0.8,0.4,0.5859
AMD Ryzen Embedded V2000 series processor launched: All you need to know,India TV,1 month ago,2020-11-26 22:03:01.933097,"As claimed by the company, the new chipset is based on the innovative 7nm process technology and features Zen 2' cores and high-performance AMD Radeon ...",https://www.indiatvnews.com/technology/news-amd-ryzen-embedded-v2000-series-processor-launched-664077,"data:image/gif;base64,R0lGODlhAQABAIAAAP///////yH5BAEKAAEALAAAAAABAAEAAAICTAEAOw==",0.0,0.0,0.128
AMD Ryzen 5000 smashes processor sales records,TechRadar,1 month ago,2020-11-26 22:03:01.927095,"The AMD Ryzen 5000 series of processors went on sale last week, but almost as soon as sales went live, they sold out, and some retailers have said it ended up ...",https://www.techradar.com/sg/news/amd-ryzen-5000-smashes-processor-sales-records,"data:image/gif;base64,R0lGODlhAQABAIAAAP///////yH5BAEKAAEALAAAAAABAAEAAAICTAEAOw==",0.0,0.0,0.0
AMD Ryzen 9 5950X Review: A Shockingly Powerful Procesor For Gamers And Content Creators,Forbes,1 month ago,2020-11-26 22:03:01.922097,"In fact, it offers similar performance to Intel's high-end desktop Core i9-10980XE and is also faster than AMD's own first and second generation Threadripper CPUs ...",https://www.forbes.com/sites/antonyleather/2020/11/11/amd-ryzen-9-5950x-review-a-shockingly-powerful-procesor-for-gamers-and-content-creators/,"data:image/gif;base64,R0lGODlhAQABAIAAAP///////yH5BAEKAAEALAAAAAABAAEAAAICTAEAOw==",0.3,1.0,0.2732
AMD Ryzen 7 5800U leak suggests a superb laptop chip that could blow away Intel,TechRadar,1 month ago,2020-11-26 22:02:54.971901,"AMD's Ryzen 7 5800U flagship 'Cezanne' APU is shaping up to be a big leap forward for laptops, at least if a freshly leaked benchmark is anything to go by.",https://www.techradar.com/sg/news/amd-ryzen-7-5800u-leak-suggests-a-superb-laptop-chip-that-could-blow-away-intel,"data:image/gif;base64,R0lGODlhAQABAIAAAP///////yH5BAEKAAEALAAAAAABAAEAAAICTAEAOw==",1.0,1.0,0.4019
Is AMD About to Bury NVIDIA With Its Latest RX 6000 Graphics Cards?,Motley Fool,1 month ago,2020-11-26 22:02:54.967871,"Priced at $999, AMD's flagship Radeon RX 6900 XT closely matches NVIDIA's flagship offering -- the RTX 3090 -- in terms of performance, according to AMD's ...",https://www.fool.com/investing/2020/11/03/is-amd-about-to-bury-nvidia-with-its-latest-rx-600/,"data:image/gif;base64,R0lGODlhAQABAIAAAP///////yH5BAEKAAEALAAAAAABAAEAAAICTAEAOw==",0.5,0.9,0.0
The AMD Radeon RX 6700 could be coming soon to challenge the Nvidia RTX 3070,TechRadar,1 month ago,2020-11-26 22:02:54.963903,"That's according to Twitter leaker Patrick Shur, who suggests that the incoming Radeon RX 6700 and RX 6700 XT will be based on AMD's new Navi 22 silicon ...",https://www.techradar.com/sg/news/the-amd-radeon-rx-6700-could-be-coming-soon-to-challenge-the-nvidia-rtx-3070,"data:image/gif;base64,R0lGODlhAQABAIAAAP///////yH5BAEKAAEALAAAAAABAAEAAAICTAEAOw==",0.0,0.0,0.0772
AMD insists it shipped tons of Ryzen 5000 CPUs despite it ...,gizmochina,1 month ago,2020-11-26 22:02:54.959903,"Although, Frank Azor, AMD's chief architect of gaming solutions and marketing have assured that this would not be the case and insists that a large demand is the ...",https://www.gizmochina.com/2020/11/10/amd-shipped-tons-ryzen-5000-sold-out-everywhere/,"data:image/gif;base64,R0lGODlhAQABAIAAAP///////yH5BAEKAAEALAAAAAABAAEAAAICTAEAOw==",0.0,0.0,0.0
"AMD insists Ryzen 5000 shipped tons of units, even though they're sold out everywhere",TechRadar,1 month ago,2020-11-26 22:02:54.955900,"This prompted a response from Frank Azor, AMD's chief architect of gaming solutions and marketing, assuring us that this would not be the case. RECOMMENDED ...",https://www.techradar.com/sg/news/amd-ryzen-5000-sales,"data:image/gif;base64,R0lGODlhAQABAIAAAP///////yH5BAEKAAEALAAAAAABAAEAAAICTAEAOw==",0.0,0.0,0.0
AMD Unveils AMD Ryzen™ Embedded V2000 Processors with Enhanced Performance and Power Efficiency,,1 month ago,2020-11-26 22:02:54.951903,"AMD Ryzen Embedded V2000 Series processors deliver double the cores1, up to 2x the performance-per-watt2 and an estimated 15 percent IPC uplift3 over ...",https://finance.yahoo.com/news/amd-unveils-amd-ryzen-embedded-140000963.html,"data:image/gif;base64,R0lGODlhAQABAIAAAP///////yH5BAEKAAEALAAAAAABAAEAAAICTAEAOw==",0.0,0.0,0.3612
Intel's 10-Nanometer Challenges Spell a Tougher Fight ...,RealMoney,1 month ago,2020-11-26 22:02:54.947901,"But Rocket Lake-S only scales up to 8 cores, 2 less than Comet Lake-S and 8 less than AMD's 3rd and 4th-gen Ryzen desktop CPU lines. As for the server CPU ...",https://realmoney.thestreet.com/investing/technology/intel-s-10-nanometer-challenges-spell-a-tougher-fight-against-amd-and-others-15478453,"data:image/gif;base64,R0lGODlhAQABAIAAAP///////yH5BAEKAAEALAAAAAABAAEAAAICTAEAOw==",0.0,0.0,-0.1531
"AMD Reaches Highest CPU Market Share Since 2007, Q3 2020 Report (Updated)",Tom's Hardware,1 month ago,2020-11-26 22:02:54.942902,The report comes on the heels of AMD's stellar financial results that pointed towards such amazing growth. It also comes after Intel's recent disappointing earnings ...,https://www.tomshardware.com/news/amd-vs-intel-q3-2020-cpu-market-share-report,"data:image/gif;base64,R0lGODlhAQABAIAAAP///////yH5BAEKAAEALAAAAAABAAEAAAICTAEAOw==",0.0,0.0,0.34
AMD Ryzen 5 5600X leaked benchmarks destroy Intel Core i5-10600k,TechRadar,1 month ago,2020-11-26 22:02:54.938870,"The Cinebench R15 CPU benchmark scores for the Ryzen 5 5600X are astounding, if the latest AMD leak posted to Twitter by TUM_APISAK is in fact true. pic.",https://www.techradar.com/sg/news/amd-ryzen-5-5600x-leaked-benchmarks-destroy-intel-core-i5-10600k,"data:image/gif;base64,R0lGODlhAQABAIAAAP///////yH5BAEKAAEALAAAAAABAAEAAAICTAEAOw==",-0.2,0.0,-0.7003
Leaked listing shows RTX 3000 mobile GPUs paired with AMD Ryzen 5000H CPU,TechRadar,1 month ago,2020-11-26 22:02:50.516068,Next-generation laptops packing the latest Nvidia GeForce RTX 3070 and RTX 3080 mobile GPUs will apparently play nice with AMD's latest Ryzen 5000H ...,https://www.techradar.com/sg/news/leaked-listing-shows-rtx-3000-mobile-gpus-paired-with-amd-ryzen-5000h-cpu,"data:image/gif;base64,R0lGODlhAQABAIAAAP///////yH5BAEKAAEALAAAAAABAAEAAAICTAEAOw==",0.0,0.0,-0.3182
AMD May Finally Dethrone NVIDIA,Motley Fool,1 month ago,2020-11-26 22:02:50.512067,"If the company's benchmarks are to be believed, NVIDIA will now have to fight to maintain its high-end market share. AMD's RX 6900 XT graphics card. Image ...",https://www.fool.com/investing/2020/11/02/amd-may-finally-dethrone-nvidia/,"data:image/gif;base64,R0lGODlhAQABAIAAAP///////yH5BAEKAAEALAAAAAABAAEAAAICTAEAOw==",0.0,1.0,0.0
AMD Goes After NVIDIA With New GPU For The Datacenter,Forbes,1 month ago,2020-11-26 22:02:50.508074,"HPC centricity makes sense for now, given AMD's focus on that market for both CPUs and now GPUs. However, the NVIDIA A100 outperforms the MI100 for AI ...",https://www.forbes.com/sites/moorinsights/2020/11/16/amd-goes-after-nvidia-with-new-gpu-for-the-datacenter/,"data:image/gif;base64,R0lGODlhAQABAIAAAP///////yH5BAEKAAEALAAAAAABAAEAAAICTAEAOw==",0.13636363636363635,0.45454545454545453,0.0
"Microsoft reveals Pluton, a custom security chip built into Intel, AMD and Qualcomm processors",TechCrunch,1 month ago,2020-11-26 22:02:50.504108,"By integrating the chip inside future Intel, AMD and Qualcomm central processor units, or CPUs, it makes it far more difficult for hackers with physical access to a ...",https://techcrunch.com/2020/11/17/microsoft-pluton-security-chip-intel-amd-qualcomm/,"data:image/gif;base64,R0lGODlhAQABAIAAAP///////yH5BAEKAAEALAAAAAABAAEAAAICTAEAOw==",0.0,0.0,0.34
AMD Ryzen 9 5900X Review,PCMag.com,th · 1 month ago,2020-11-26 22:02:50.500105,"Seeking the pinnacle of speed and value in the desktop CPU market around $500? AMD's Zen 3-based Ryzen 9 5900X is the new pace-setter, topping Intel's ...",https://www.pcmag.com/reviews/amd-ryzen-9-5900x,"data:image/gif;base64,R0lGODlhAQABAIAAAP///////yH5BAEKAAEALAAAAAABAAEAAAICTAEAOw==",0.0,0.0,0.0
AMD Ryzen 7 5800X Review: New Eight-Core Processor Smashes It Out The Park,Forbes,1 month ago,2020-11-26 22:02:50.302069,"Today, we can finally reveal the performance numbers for AMD's new Ryzen 5000 ""Zen 3"" CPUs here I'll be focussing on its new eight-core flagship.",https://www.forbes.com/sites/antonyleather/2020/11/05/amd-ryzen-7-5800x-review-new-eight-core-processor-smashes-it-out-the-park/,"data:image/gif;base64,R0lGODlhAQABAIAAAP///////yH5BAEKAAEALAAAAAABAAEAAAICTAEAOw==",0.13636363636363635,0.45454545454545453,0.0
The Reviews Are in: AMD Is the New Gaming CPU King,Motley Fool,1 month ago,2020-11-26 22:02:50.298068,The problem for AMD was that PC gaming is generally not one of those tasks. AMD's first three generations of Ryzen processors offered compelling value for ...,https://www.fool.com/investing/2020/11/07/the-reviews-are-in-amd-is-the-new-gaming-cpu-king/,"data:image/gif;base64,R0lGODlhAQABAIAAAP///////yH5BAEKAAEALAAAAAABAAEAAAICTAEAOw==",0.13636363636363635,0.45454545454545453,0.0
AMD Radeon RX 6800 And 6800 XT Are Officially Serious Competition For NVIDIA,Forbes,1 month ago,2020-11-26 22:02:50.293067,"AMD's Radeon RX 6800 is powered by 60 Radeon Compute Units (CUs), 16GB of GDDR6 memory, an 1815MHz base clock and 2015MHz boost clock. The ...",https://www.forbes.com/sites/davealtavilla/2020/11/18/amd-radeon-rx-6800-and-6800-xt-are-officially-serious-competition-for-nvidia/,"data:image/gif;base64,R0lGODlhAQABAIAAAP///////yH5BAEKAAEALAAAAAABAAEAAAICTAEAOw==",-0.3333333333333333,0.6666666666666666,-0.0772
AMD Radeon RX 6800 review: entry-level 4K,The Verge,1 month ago,2020-11-26 22:02:50.288068,"But today, we're taking another look at the 3070 alongside its new competitor, the $579 AMD Radeon RX 6800 â€” because if you are willing to compromise, ...",https://www.theverge.com/21572796/amd-radeon-rx-6800-review-4k-gaming-test-benchmarks,"data:image/gif;base64,R0lGODlhAQABAIAAAP///////yH5BAEKAAEALAAAAAABAAEAAAICTAEAOw==",0.0,0.0,0.0
NVIDIA Looks to Erase a Key AMD Advantage,Motley Fool,1 month ago,2020-11-26 22:02:50.283070,"For owners of Intel-based systems, AMD's RX 6000 graphics cards may not be the clear winner. AMD RX 6000 graphics cards. Image source: AMD. NVIDIA looks ...",https://www.fool.com/investing/2020/11/16/nvidia-looks-to-erase-a-key-amd-advantage/,"data:image/gif;base64,R0lGODlhAQABAIAAAP///////yH5BAEKAAEALAAAAAABAAEAAAICTAEAOw==",0.0,1.0,0.25
