title,media,date,datetime,desc,link,img,textBlob polarity,textBlob subjectivity,vader polarity
Nvidia might debut GeForce RTX 3000 graphics cards in August,TechRadar,"Mar 31, 2020",2020-03-31,"Tweaktown is reporting that Nvidia now plans debut the Ampere GPU architecture in August this year, with a full launch planned for the newly-rescheduled ...",https://www.techradar.com/sg/news/nvidia-might-debut-geforce-rtx-3000-graphics-cards-in-august,"data:image/gif;base64,R0lGODlhAQABAIAAAP///////yH5BAEKAAEALAAAAAABAAEAAAICTAEAOw==",0.0,0.0,0.0
Ancient AMD GPUs destroy Nvidia’s when it comes to Doom Eternal,TechRadar,"Mar 30, 2020",2020-03-30,"Back then, Nvidia's GTX 680 just about edged out the 7970 – and certainly won the battle on the power-efficiency front – although the graphics cards were on a ...",https://www.techradar.com/news/ancient-amd-gpus-destroy-nvidias-when-it-comes-to-doom-eternal,"data:image/gif;base64,R0lGODlhAQABAIAAAP///////yH5BAEKAAEALAAAAAABAAEAAAICTAEAOw==",-0.2,0.0,-0.7351
NVIDIA’s Deep Learning Super Sampling (DLSS) 2.0 Technology Is The Real Deal,Forbes,"Mar 29, 2020",2020-03-29,"NVIDIA's DLSS 2.0 Offers Big Performance Improvements Over The Original. NVIDIA. In practice, DLSS 1.0's effect on game visuals and performance was a mixed ...",https://www.forbes.com/sites/marcochiappetta/2020/03/29/nvidias-deep-learning-super-sampling-dlss-20-technology-is-the-real-deal/,"data:image/gif;base64,R0lGODlhAQABAIAAAP///////yH5BAEKAAEALAAAAAABAAEAAAICTAEAOw==",0.17777777777777778,0.45555555555555555,0.5994
NVIDIA’s Deep Learning Super Sampling (DLSS) 2.0 Technology Is The Real Deal,Forbes,"Mar 29, 2020",2020-03-29,"NVIDIA's DLSS 2.0 Offers Big Performance Improvements Over The Original. NVIDIA. In practice, DLSS 1.0's effect on game visuals and performance was a mixed ...",https://www.forbes.com/sites/marcochiappetta/2020/03/29/nvidias-deep-learning-super-sampling-dlss-20-technology-is-the-real-deal/,"data:image/gif;base64,R0lGODlhAQABAIAAAP///////yH5BAEKAAEALAAAAAABAAEAAAICTAEAOw==",0.17777777777777778,0.45555555555555555,0.5994
Nvidia adds Control to GeForce Now and promises new games every week,The Verge,"Mar 27, 2020",2020-03-27,"â€œEpic is wholeheartedly supporting Nvidia's GeForce Now service with Fortnite and with Epic Games Store titles that choose to participate (including exclusives), ...",https://www.theverge.com/2020/3/27/21197361/nvidia-geforce-now-cloud-gaming-control-new-games-weekly,"data:image/gif;base64,R0lGODlhAQABAIAAAP///////yH5BAEKAAEALAAAAAABAAEAAAICTAEAOw==",0.13636363636363635,0.45454545454545453,0.3818
Testing Nvidia's DLSS 2.0: Higher Frame Rates for Free?,PCMag.com,"Mar 27, 2020",2020-03-27,Nvidia's new DLSS 2.0 promises to sharpen and supercharge some popular PC games for owners of GeForce RTX cards. But can the tech behind it live up to its ...,https://www.pcmag.com/news/testing-nvidias-dlss-20-higher-frame-rates-for-free,"data:image/gif;base64,R0lGODlhAQABAIAAAP///////yH5BAEKAAEALAAAAAABAAEAAAICTAEAOw==",0.325,0.65,0.5106
"First Laptops with Intel Comet Lake-H Processors, Nvidia GeForce Super Mobile GPUs Reportedly Launching o...",NDTV,"Mar 26, 2020",2020-03-26,Nvidia will reportedly launch its Super Turing series graphics cards for notebooks with the Mechrevo Z3 series of gaming laptops on April 2. According to ...,https://gadgets.ndtv.com/laptops/news/nvidia-rtx-super-mobile-gpu-intel-comet-lake-h-cpu-mechrevo-z3-gaming-laptops-launch-april-2-2201003,"data:image/gif;base64,R0lGODlhAQABAIAAAP///////yH5BAEKAAEALAAAAAABAAEAAAICTAEAOw==",0.29166666666666663,0.5,0.5994
Better Buy: Himax Technologies vs. NVIDIA,Motley Fool,"Mar 26, 2020",2020-03-26,NVIDIA is substantially larger than Himax. It's best known for its graphics processing units (GPUs) that are the heart of the graphics cards for desktop computer ...,https://www.fool.com/investing/2020/03/26/better-buy-himax-technologies-vs-nvidia.aspx,"data:image/gif;base64,R0lGODlhAQABAIAAAP///////yH5BAEKAAEALAAAAAABAAEAAAICTAEAOw==",0.5,0.5,0.4404
BOXX Introduces New NVIDIA-Powered Data Center System ...,,"Mar 25, 2020",2020-03-25,BOXX Introduces New NVIDIA-Powered Data Center System and More at GTC Digital. Multiple NVIDIA Quadro GPUs Accelerate High Performance Computing ...,https://www.globenewswire.com/news-release/2020/03/25/2006166/0/en/BOXX-Introduces-New-NVIDIA-Powered-Data-Center-System-and-More-at-GTC-Digital.html,"data:image/gif;base64,R0lGODlhAQABAIAAAP///////yH5BAEKAAEALAAAAAABAAEAAAICTAEAOw==",0.018181818181818174,0.2772727272727273,0.0
Nvidia stock heads for best day in nearly three years after upgrade,MarketWatch,"Mar 24, 2020",2020-03-24,"Nvidia shares are up 15.1% in Tuesday trading. If the gains hold through the close, it would mark Nvidia's best single-day percentage gain since May 10, 2017, ...",https://www.marketwatch.com/story/nvidia-stock-heads-for-best-day-in-nearly-three-years-after-upgrade-2020-03-24,"data:image/gif;base64,R0lGODlhAQABAIAAAP///////yH5BAEKAAEALAAAAAABAAEAAAICTAEAOw==",0.55,0.35,0.6369
Navigant Research ranks NVIDIA as top automated vehicle ...,Green Car Congress,"Mar 24, 2020",2020-03-24,"In a recent Leaderboard report, Navigant Research ranks NVIDIA as the leading automated driving compute platform. Navigant ranks companies in this report ...",https://www.greencarcongress.com/2020/03/20200324-navigant.html,"data:image/gif;base64,R0lGODlhAQABAIAAAP///////yH5BAEKAAEALAAAAAABAAEAAAICTAEAOw==",0.5,0.5,0.2023
Nvidiaâ€™s DLSS 2.0 aims to prove the technology is essential,VentureBeat,"Mar 23, 2020",2020-03-23,"Nvidia built the second-generation DLSS to address all of the concerns with the technology. It looks better, gives players much more control, and should support a ...",https://venturebeat.com/2020/03/23/nvidias-dlss-2-0/,"data:image/gif;base64,R0lGODlhAQABAIAAAP///////yH5BAEKAAEALAAAAAABAAEAAAICTAEAOw==",0.0,0.3,0.0
"Nvidia DLSS 2.0 is here, making Nvidia GeForce RTX cards an easy sell",TechRadar,"Mar 23, 2020",2020-03-23,"Nvidia DLSS was one of the major parts of Nvidia's Turing architecture when it was announced way back in August 2018, but now Team Green has improved it ...",https://www.techradar.com/sg/news/nvidia-dlss-20-is-here-making-nvidia-geforce-rtx-cards-an-easy-sell,"data:image/gif;base64,R0lGODlhAQABAIAAAP///////yH5BAEKAAEALAAAAAABAAEAAAICTAEAOw==",0.43333333333333335,0.8333333333333334,0.4404
"With DLSS 2.0, Nvidia is harnessing AI to improve games ...",SiliconANGLE,"Mar 23, 2020",2020-03-23,"According to Nvidia, the software enhances the visual fidelity of games and improves performance by tweaking the way graphics assets are rendered. To optimize ...",https://siliconangle.com/2020/03/23/dlss-2-0-nvidia-harnessing-ai-improve-games-visual-fidelity/,"data:image/gif;base64,R0lGODlhAQABAIAAAP///////yH5BAEKAAEALAAAAAABAAEAAAICTAEAOw==",0.0,0.0,0.4404
"Nvidia kicks off 150 talks for 30,000 developers with online-only GTC event from March 25",VentureBeat,"Mar 23, 2020",2020-03-23,"GTC is founded on Nvidia's graphics and CUDA processing designs, and it is intended for the “Einsteins and Da Vincis of our time.”.",https://venturebeat.com/2020/03/23/nvidia-kicks-off-150-talks-for-30000-developers-with-online-only-gtc-event-march-25-to-april-2/,"data:image/gif;base64,R0lGODlhAQABAIAAAP///////yH5BAEKAAEALAAAAAABAAEAAAICTAEAOw==",0.0,0.0,0.0
How NVIDIA Is Using Its GPU Technolgy To Fight Against COVID-19 Virus,Forbes,"Mar 22, 2020",2020-03-22,"Since Parabricks is available as a part of NVIDIA GPU Cloud (NGC), it is expected to run on major cloud platforms and NVIDIA's own appliances including DGX-1.",https://www.forbes.com/sites/janakirammsv/2020/03/22/how-nvidia-is-using-its-gpu-technolgy-to-fight-against-covid-19-virus/,"data:image/gif;base64,R0lGODlhAQABAIAAAP///////yH5BAEKAAEALAAAAAABAAEAAAICTAEAOw==",0.0,0.0,-0.3818
NVIDIA Gives COVID-19 Researchers Free Access Genome ...,insideHPC,"Mar 20, 2020",2020-03-20,But analyzing genomic sequences takes time and computing muscle. Accelerating science has long been part of NVIDIA's core mission. The Parabricks team ...,https://insidehpc.com/2020/03/nvidia-gives-covid-19-researchers-free-access-genome-sequencing-software-for-gpus/,"data:image/gif;base64,R0lGODlhAQABAIAAAP///////yH5BAEKAAEALAAAAAABAAEAAAICTAEAOw==",0.4,0.8,0.5106
"Why BofA Says AMD, Nvidia Are High-Quality, High-Beta ...",Benzinga,"Mar 20, 2020",2020-03-20,"Nvidia's PC gaming sales grew at an annual pace of over 35% at that time, the analyst said. New Traders Swear By Benzinga Options. ""9 out ...",https://www.benzinga.com/analyst-ratings/analyst-color/20/03/15617188/why-bofa-says-amd-nvidia-are-high-quality-high-beta-stocks-in-a-volatile-market,"data:image/gif;base64,R0lGODlhAQABAIAAAP///////yH5BAEKAAEALAAAAAABAAEAAAICTAEAOw==",0.0,0.0,0.0
"Why BofA Says AMD, Nvidia Are High-Quality, High-Beta ...",Benzinga,"Mar 20, 2020",2020-03-20,"Nvidia's PC gaming sales grew at an annual pace of over 35% at that time, the analyst said. New Traders Swear By Benzinga Options. ""9 out ...",https://www.benzinga.com/analyst-ratings/analyst-color/20/03/15617188/why-bofa-says-amd-nvidia-are-high-quality-high-beta-stocks-in-a-volatile-market,"data:image/gif;base64,R0lGODlhAQABAIAAAP///////yH5BAEKAAEALAAAAAABAAEAAAICTAEAOw==",0.0,0.0,0.0
Nvidia makes its GPU-powered genome sequencing tool available free to those studying COVID-19,TechCrunch,"Mar 19, 2020",2020-03-19,"Researchers will still need access to Nvidia GPUs for running the Parabricks genetic sequencing suite, but they won't have to pay anything for the privilege of ...",https://techcrunch.com/2020/03/19/nvidia-makes-its-gpu-powered-genome-sequencing-tool-available-free-to-those-studying-covid-19/,"data:image/gif;base64,R0lGODlhAQABAIAAAP///////yH5BAEKAAEALAAAAAABAAEAAAICTAEAOw==",0.4,0.6000000000000001,0.5106
Nvidia GeForce Now is a huge success – despite losing big games,TechRadar,"Mar 18, 2020",2020-03-18,"Nvidia's GeForce Now has sold out of Founders memberships – in other words, slots for paying subscribers – in Europe, with the situation in the US apparently ...",https://www.techradar.com/news/nvidia-geforce-now-is-a-huge-success-despite-losing-big-games,"data:image/gif;base64,R0lGODlhAQABAIAAAP///////yH5BAEKAAEALAAAAAABAAEAAAICTAEAOw==",0.23333333333333336,0.3333333333333333,0.8011
Update: NVIDIA GTC 2020 Announcements Postponed Entirely,AnandTech,"Mar 16, 2020",2020-03-16,"Given the much lower-key nature of NVIDIA's previously planned news releases, I was not expecting the company to bring out its biggest announcements to begin ...",https://www.anandtech.com/show/15602/nvidia-axes-gtc-digital-keynote-in-favor-of-news-releases,"data:image/gif;base64,R0lGODlhAQABAIAAAP///////yH5BAEKAAEALAAAAAABAAEAAAICTAEAOw==",0.0,0.625,-0.2023
Nvidia wants PC gamers to use their rigs to fight coronavirus,TechRadar,"Mar 16, 2020",2020-03-16,"Nvidia has asked PC gamers to use their powerful gaming PCs to help with the fight against the COVID-19 coronavirus outbreak, by donating unused GPU clock ...",https://www.techradar.com/news/nvidia-wants-pc-gamers-to-use-their-rigs-to-fight-coronavirus,"data:image/gif;base64,R0lGODlhAQABAIAAAP///////yH5BAEKAAEALAAAAAABAAEAAAICTAEAOw==",0.2,0.1,-0.3818
Nvidia Postpones GTC Product Announcements Due To ...,CRN,"Mar 16, 2020",2020-03-16,Nvidia CEO Jensen Huang said the chipmaker is holding off from sharing product announcements during its digital GPU Technology Conference due to the ...,https://www.crn.com/news/components-peripherals/nvidia-postpones-gtc-product-announcements-due-to-coronavirus,"data:image/gif;base64,R0lGODlhAQABAIAAAP///////yH5BAEKAAEALAAAAAABAAEAAAICTAEAOw==",-0.125,0.375,-0.2732
Bull of the Day: NVIDIA (NVDA),Yahoo Finance,"Mar 16, 2020",2020-03-16,"I last wrote about NVIDIA (NVDA) as the Bull of the Day in late November after their strong Q3 FY2020 report. Today, I want to cover the company and stock ...",https://finance.yahoo.com/news/bull-day-nvidia-nvda-090109918.html,"data:image/gif;base64,R0lGODlhAQABAIAAAP///////yH5BAEKAAEALAAAAAABAAEAAAICTAEAOw==",0.0,0.0,0.0
Laptops armed with 10th-generation CPUs and Nvidia Super GPUs could be coming,Techradar,"Mar 15, 2020",2020-03-15,Wccftech also got the exclusive on the details surrounding the new Intel Comet Lake-H CPUs for laptops and Nvidia's next generation of mobile graphics cards.,https://www.techradar.com/news/laptops-armed-with-10th-generation-cpus-and-nvidia-super-gpus-are-coming,"data:image/gif;base64,R0lGODlhAQABAIAAAP///////yH5BAEKAAEALAAAAAABAAEAAAICTAEAOw==",0.3333333333333333,0.6666666666666666,0.5994
"Nvidia GeForce RTX 2060 with 8GB Memory Surfaces Online, Might Be Clearing Stock For Ampere",Gizchina.com,"Mar 15, 2020",2020-03-15,"Nvidia is currently working on its next-gen Ampere based graphics card, to fall under RTX 30 lineup. Well, it seems like that's not the only thing the brand has in ...",https://www.gizchina.com/2020/03/15/nvidia-geforce-rtx-2060-with-8gb-memory-surfaces-online-might-be-clearing-stock-for-ampere/,"data:image/gif;base64,R0lGODlhAQABAIAAAP///////yH5BAEKAAEALAAAAAABAAEAAAICTAEAOw==",0.0,0.0,0.0
Nvidia RTX 3080 Ti could be 40% faster than RTX 2080 Ti and may launch this year,TechRadar,"Mar 12, 2020",2020-03-12,"If new rumors are to be believed, the Nvidia GeForce RTX 3080 Ti could ... looks like detailed information on Nvidia's upcoming Ampere series of graphics cards.",https://www.techradar.com/sg/news/nvidia-rtx-3080-ti-could-be-40-faster-than-rtx-2080-ti-and-may-launch-this-year,"data:image/gif;base64,R0lGODlhAQABAIAAAP///////yH5BAEKAAEALAAAAAABAAEAAAICTAEAOw==",0.0,0.0,0.0
"Rumor: NVIDIA GeForce Ampere to be fabbed at 10nm, all ...",guru3d.com,"Mar 12, 2020",2020-03-12,"We'll probably go back and forth a bit when it comes to the topic of Ampere until NVIDIA lifts all mystery, expected was that NVIDIA's upcoming GPUs would be ...",https://www.guru3d.com/news-story/rumor-nvidia-geforce-ampere-to-be-fabbed-at-10nmall-cards-rtx.html,"data:image/gif;base64,R0lGODlhAQABAIAAAP///////yH5BAEKAAEALAAAAAABAAEAAAICTAEAOw==",0.0,0.0,0.0
Nvidia GeForce RTX 2060 with 8GB spotted in EEC listing - Graphics - News,HEXUS,"Mar 12, 2020",2020-03-12,"Indications are building, pointing to Nvidia broadening its RTX 20 series of graphics cards yet further. The newest niche-filling SKU appears to be a GeForce ...",https://hexus.net/tech/news/graphics/140627-nvidia-geforce-rtx-2060-8gb-spotted-eec-listing/,"data:image/gif;base64,R0lGODlhAQABAIAAAP///////yH5BAEKAAEALAAAAAABAAEAAAICTAEAOw==",0.0,0.0,0.0
Cloud gaming provider Shadow lowers price to $11.99 a month,The Verge,"Mar 12, 2020",2020-03-12,"Nvidia's GeForce Now is more similar to Shadow in design, in that Nvidia lets you use your existing library of Steam games via a Mac, PC, and Linux app. But ...",https://www.theverge.com/2020/3/12/21176310/shadow-cloud-gaming-service-price-lower-google-stadia-nvidia-geforce-now,"data:image/gif;base64,R0lGODlhAQABAIAAAP///////yH5BAEKAAEALAAAAAABAAEAAAICTAEAOw==",0.0,0.0,-0.128
"Nvidia cancels GTC 2020 keynote, but hopefully its next-gen GPU launch is still on",TechRadar,"Mar 11, 2020",2020-03-11,"Nvidia has announced that it will no longer be holding a keynote presentation at this year's GPU Technology Conference (GTC), which is taking place in San ...",https://www.techradar.com/sg/news/nvidia-cancels-gtc-2020-keynote-but-hopefully-its-next-gen-gpu-launch-is-still-on,"data:image/gif;base64,R0lGODlhAQABAIAAAP///////yH5BAEKAAEALAAAAAABAAEAAAICTAEAOw==",0.0,0.0,0.4767
"Nvidia GeForce RTX 2060 could be getting an 8GB refresh, if this Asus leak is to be believed.",Techradar,"Mar 11, 2020",2020-03-11,"The as yet unofficial GPU appeared in a new EEC listing posted by Asus earlier this week, according to a report from PCGamesN, all but confirming that Nvidia ...",https://www.techradar.com/news/nvidia-geforce-rtx-2060-could-be-getting-an-8gb-refresh-if-this-asus-leak-is-to-be-believed,"data:image/gif;base64,R0lGODlhAQABAIAAAP///////yH5BAEKAAEALAAAAAABAAEAAAICTAEAOw==",0.0,0.0,-0.34
Ubisoft will be sticking with Nvidia GeForce Now as publishers abandon service,Techradar,"Mar 10, 2020",2020-03-10,"Raphael van Lierop, director of The Long Dark, wrote last week that Nvidia never asked permission to stream the game on its service: “Please take your complaints ...",https://www.techradar.com/news/ubisoft-will-be-sticking-with-nvidia-geforce-now-as-publishers-abandon-service,"data:image/gif;base64,R0lGODlhAQABAIAAAP///////yH5BAEKAAEALAAAAAABAAEAAAICTAEAOw==",0.0,0.0,-0.4404
Why Nvidia is struggling to keep big game companies on its cloud gaming service,Livemint,"Mar 9, 2020",2020-03-09,"In addition to Google Stadia and Nvidia's GeForce Now, Sony also has a subscription-based game streaming platform PlayStation Now. Why Nvidia is struggling to ...",https://www.livemint.com/technology/tech-news/why-nvidia-is-struggling-to-keep-big-game-companies-on-its-cloud-gaming-service-11583738853336.html,"data:image/gif;base64,R0lGODlhAQABAIAAAP///////yH5BAEKAAEALAAAAAABAAEAAAICTAEAOw==",-0.2,0.25,-0.4215
"NVIDIA GTC News to Be Shared on March 24, Followed by ...",GlobeNewswire,"Mar 9, 2020",2020-03-09,"SANTA CLARA, Calif., March 09, 2020 (GLOBE NEWSWIRE) -- NVIDIA today announced that, in light of the spread of the coronavirus, it is deferring plans to ...",https://www.globenewswire.com/news-release/2020/03/09/1997524/0/en/NVIDIA-GTC-News-to-Be-Shared-on-March-24-Followed-by-Investor-Call.html,"data:image/gif;base64,R0lGODlhAQABAIAAAP///////yH5BAEKAAEALAAAAAABAAEAAAICTAEAOw==",0.0,0.0,0.34
Nvidia Cancels GTC CEO Keynote Webcast Over Coronavirus ...,CRN,"Mar 9, 2020",2020-03-09,"Nvidia's decision to cancel Huang's keynote comes on the same day that the first death from novel coronavirus COVID-19 was reported in Santa Clara County, ...",https://www.crn.com/news/components-peripherals/nvidia-cancels-gtc-ceo-keynote-webcast-over-coronavirus-concerns,"data:image/gif;base64,R0lGODlhAQABAIAAAP///////yH5BAEKAAEALAAAAAABAAEAAAICTAEAOw==",0.0,0.0,-0.2263
"AMD Deals a Massive Blow to NVIDIA, But Is It a Buy?",Motley Fool,"Mar 7, 2020",2020-03-07,The latest numbers from Jon Peddie Research revealed that AMD ate significantly into NVIDIA's share in the discrete graphics card market in the fourth quarter of ...,https://www.fool.com/investing/2020/03/07/amd-deals-a-massive-blow-to-nvidia-but-is-it-a-buy.aspx,"data:image/gif;base64,R0lGODlhAQABAIAAAP///////yH5BAEKAAEALAAAAAABAAEAAAICTAEAOw==",0.0,1.0,0.0
AMD RDNA 2 beats Nvidia RTX 2080 Ti by 50%,SegmentNext,"Mar 7, 2020",2020-03-07,"AMD does not plan to hold back on performance this time. RDNA 2 could be AMD's fix for lacking in graphics performance against Nvidia. Earlier, AMD claimed a ...",https://segmentnext.com/2020/03/07/amd-rdna-2-beats-rtx-2080-ti/,"data:image/gif;base64,R0lGODlhAQABAIAAAP///////yH5BAEKAAEALAAAAAABAAEAAAICTAEAOw==",0.0,0.0,0.0
AMD Is Determined To Get Its Rightful Datacenter Share,The Next Platform,"Mar 6, 2020",2020-03-06,"To a certain extent, the same holds true for Nvidia's position in GPU compute, where both AMD and Intel are going to be trying to take away business and Nvidia ...",https://www.nextplatform.com/2020/03/06/amd-is-determined-to-gets-its-rightful-datacenter-share/,"data:image/gif;base64,R0lGODlhAQABAIAAAP///////yH5BAEKAAEALAAAAAABAAEAAAICTAEAOw==",0.0,0.0,0.5574
Do Institutions Own NVIDIA Corporation (NASDAQ:NVDA ...,Simply Wall St,"Mar 6, 2020",2020-03-06,Companies that used to be publicly owned tend to have lower insider ownership. NVIDIA is a pretty big company. It has a market capitalization of US$174b.,https://simplywall.st/stocks/us/semiconductors/nasdaq-nvda/nvidia/news/do-institutions-own-nvidia-corporation-nasdaqnvda-shares,"data:image/gif;base64,R0lGODlhAQABAIAAAP///////yH5BAEKAAEALAAAAAABAAEAAAICTAEAOw==",0.6,1.0,0.0
Nvidia secures SwiftStack technology -by buying the company,Blocks and Files,"Mar 5, 2020",2020-03-05,"Manuvir Das, Nvidia's head of enterprise computing, told us in a phone briefing that “Nvidia does not want to become a storage company” or to sell storage. It uses ...",https://blocksandfiles.com/2020/03/05/nvidia-acquires-swiftstack/,"data:image/gif;base64,R0lGODlhAQABAIAAAP///////yH5BAEKAAEALAAAAAABAAEAAAICTAEAOw==",0.0,0.0,0.3182
Nvidia May Be Prepping a Massive GPU With 7936 CUDA ...,ExtremeTech,"Mar 5, 2020",2020-03-05,"Currently, Nvidia's top-end GPU in terms of core count is the Tesla V100, with 5,102 cores. Even the 6,912-core card would be a 1.35x increase, while the 7,936- ...",https://www.extremetech.com/computing/307018-nvidia-may-be-prepping-a-massive-gpu-with-7936-cuda-cores-32gb-of-hbm2,"data:image/gif;base64,R0lGODlhAQABAIAAAP///////yH5BAEKAAEALAAAAAABAAEAAAICTAEAOw==",0.0,1.0,0.0
Why Nvidia’s GeForce Now has become so controversial with game developers,The Verge,"Mar 2, 2020",2020-03-02,"Nvidia's GeForce Now took yet another hit this weekend with a new publisher pulling its software from the cloud gaming service. That's because GeForce Now, ...",https://www.theverge.com/2020/3/2/21161469/nvidia-geforce-now-cloud-gaming-service-developers-controversy-licensing,"data:image/gif;base64,R0lGODlhAQABAIAAAP///////yH5BAEKAAEALAAAAAABAAEAAAICTAEAOw==",0.07500000000000001,0.675,-0.3327
Nvidia asked to remove another game from its streaming service,Polygon,"Mar 2, 2020",2020-03-02,"It's just the latest in a series of strange licensing disputes to crop up with Nvidia's streaming service, which exited a lengthy beta period earlier this year. “Sorry to ...",https://www.polygon.com/2020/3/2/21161372/nvidia-geforce-now-the-long-dark-removed,"data:image/gif;base64,R0lGODlhAQABAIAAAP///////yH5BAEKAAEALAAAAAABAAEAAAICTAEAOw==",-0.4,0.4,0.0
Nvidia GeForce Now Streaming Service Loses The Long Dark Game Over Lack of Agreement,Tom's Hardware,"Mar 2, 2020",2020-03-02,"Nvidia's GeForce Now streaming service is making an attempt to shake up the gaming industry, but it isn't going so well. Over the last few weeks it has been ...",https://www.tomshardware.com/news/nvidia-geforce-now-games-the-long-dark,"data:image/gif;base64,R0lGODlhAQABAIAAAP///////yH5BAEKAAEALAAAAAABAAEAAAICTAEAOw==",-0.225,0.325,-0.1027
Nvidia’s GTC developer event will be online-only over coronavirus fears,TechCrunch,"Mar 2, 2020",2020-03-02,"Nvidia has canceled the in-person portion of its GPU Technology Conference, which would have brought more than 10,000 people to San Jose three weeks ...",https://techcrunch.com/2020/03/02/nvidia-cancels-gtc-developer-event-over-coronavirus-fears/,"data:image/gif;base64,R0lGODlhAQABAIAAAP///////yH5BAEKAAEALAAAAAABAAEAAAICTAEAOw==",0.0,0.0,-0.4215
"A massive Nvidia graphics card just leaked, could it be the Nvidia GeForce RTX 3080?",TechRadar,"Mar 2, 2020",2020-03-02,"This benchmark was spotted by PCGamesN, and shows an Nvidia GPU with a whopping 33 teraflops of theoretical floating point performance. However, since ...",https://www.techradar.com/sg/news/an-massive-nvidia-graphics-card-just-leaked-could-it-be-the-nvidia-geforce-rtx-3080,"data:image/gif;base64,R0lGODlhAQABAIAAAP///////yH5BAEKAAEALAAAAAABAAEAAAICTAEAOw==",0.0,1.0,-0.3182
"Nvidia shifts conference to online-only amid health, safety ...",,"Mar 2, 2020",2020-03-02,(Reuters) - Chip supplier Nvidia Corp on Monday called off the in-person portion of its annual user conference scheduled for March 22 to 26 at the San Jose ...,https://uk.reuters.com/article/instant-article/idUKKBN20P2R6,"data:image/gif;base64,R0lGODlhAQABAIAAAP///////yH5BAEKAAEALAAAAAABAAEAAAICTAEAOw==",0.0,0.0,0.4215
Where Will NVIDIA Be in 5 Years?,Motley Fool,"Mar 1, 2020",2020-03-01,"As long as he stays healthy, the odds seem in favor of his still being at NVIDIA's helm in five years. NVIDIA will still be the leading supplier of graphics cards for ...",https://www.fool.com/investing/2020/03/01/where-will-nvidia-be-in-5-years.aspx,"data:image/gif;base64,R0lGODlhAQABAIAAAP///////yH5BAEKAAEALAAAAAABAAEAAAICTAEAOw==",0.0,0.0,0.0
