title,media,date,datetime,desc,link,img,textBlob polarity,textBlob subjectivity,vader polarity
Every AMD Ryzen 7 4800H laptop we've tested thus far have ...,Notebookcheck.net,"May 30, 2020",2020-05-30,"Every AMD Ryzen 7 4800H laptop we've tested thus far have been outperforming the Intel Core i7-10875H and Core i9-10980HK, but there's a catch (Image ...",https://www.notebookcheck.net/Every-AMD-Ryzen-7-4800H-laptop-we-ve-tested-thus-far-have-been-outperforming-the-Intel-Core-i7-10875H-and-Core-i9-10980HK-but-there-s-a-catch.466999.0.html,"data:image/gif;base64,R0lGODlhAQABAIAAAP///////yH5BAEKAAEALAAAAAABAAEAAAICTAEAOw==",0.1,1.0,0.0
AMD Ryzen 4000 'Renoir' benchmarks show a 90% performance boost over Ryzen 3000,TechRadar,"May 29, 2020",2020-05-29,"AMD Ryzen 4000 desktop APUs will offer up to a 90% performance increase over last year's Ryzen 3000 processors, according to leaked 3DMark scores.",https://www.techradar.com/sg/news/amd-ryzen-4000-renoir-benchmarks-show-a-90-performance-boost-over-ryzen-3000,"data:image/gif;base64,R0lGODlhAQABAIAAAP///////yH5BAEKAAEALAAAAAABAAEAAAICTAEAOw==",0.0,0.0,0.4019
AMD Stock Up 5x More Than Nvidia- Make Sense To You?,Trefis,"May 29, 2020",2020-05-29,"Let's look at both companies a little more closely. AMD is a GPU manufacturer, whose Ryzen and Radeon processors have helped AMD's revenue jump 1.5x in a ...",https://www.trefis.com/stock/nvda/articles/489445/amd-stock-up-5x-more-than-nvidia-does-this-make-sense/2020-05-29,"data:image/gif;base64,R0lGODlhAQABAIAAAP///////yH5BAEKAAEALAAAAAABAAEAAAICTAEAOw==",0.5,0.5,0.0
Here’s Why AMD Stock Has Doubled in the Past Year,Motley Fool,"May 28, 2020",2020-05-28,"AMD's share of the desktop CPU market hit 18.3% in the fourth quarter of last year, nearly doubling in three years. AMD is also making a stand in the laptop market.",https://www.fool.com/investing/2020/05/28/heres-why-amd-stock-has-doubled-in-the-past-year.aspx,"data:image/gif;base64,R0lGODlhAQABAIAAAP///////yH5BAEKAAEALAAAAAABAAEAAAICTAEAOw==",-0.25,0.25,0.0
"AMD Radeon GPU driver supports Windows 10 May 2020 Update, but may annoy overclockers",TechRadar,"May 28, 2020",2020-05-28,That's because the headline feature of AMD's Radeon Software Adrenalin 2020 Edition version 20.5.1 is support for the May 2020 Update. No further details are ...,https://www.techradar.com/sg/news/amd-radeon-gpu-driver-supports-windows-10-may-2020-update-but-may-annoy-overclockers,"data:image/gif;base64,R0lGODlhAQABAIAAAP///////yH5BAEKAAEALAAAAAABAAEAAAICTAEAOw==",0.0,0.0,-0.4767
AMD's Latest GPU Driver Preps You for the Windows 10 May 2020 Update,Tom's Hardware,"May 28, 2020",2020-05-28,"Additionally, AMD's Adrenalin 2020 version 20.5.1 brings support for AMD Link Xinput Emulation and fixes a ton of issues. AMD Link lets you stream games from ...",https://www.tomshardware.com/news/amd-gpu-driver-windows-10-may-update,"data:image/gif;base64,R0lGODlhAQABAIAAAP///////yH5BAEKAAEALAAAAAABAAEAAAICTAEAOw==",0.5,0.9,0.0
AMD Ryzen 6000 might arrive in 2022 as the world's first 6nm desktop processor,TechRadar,"May 27, 2020",2020-05-27,"The massive leak reveals that AMD's Vega graphics will be replaced by RDNA 2, with Team Red bypassing the RDNA 1 GPU architecture that comes in between.",https://www.techradar.com/sg/news/amd-ryzen-6000-might-arrive-in-2022-as-the-worlds-first-6nm-desktop-processor,"data:image/gif;base64,R0lGODlhAQABAIAAAP///////yH5BAEKAAEALAAAAAABAAEAAAICTAEAOw==",0.25,0.3333333333333333,0.0
AMD Radeon RX 5300 leak suggests Team Red may release another budget contender soon,TechRadar,"May 27, 2020",2020-05-27,"If AMD's using the same specifications as the mobile variant, that is. RECOMMENDED VIDEOS FOR YOU...",https://www.techradar.com/news/amd-radeon-rx-5300-leak-suggests-team-red-may-release-another-budget-contender-soon,"data:image/gif;base64,R0lGODlhAQABAIAAAP///////yH5BAEKAAEALAAAAAABAAEAAAICTAEAOw==",0.0,0.0,-0.2263
AMD Ryzen 9 3900XT and Ryzen 7 3800XT hit 3DMark Fire ...,Notebookcheck.net,"May 27, 2020",2020-05-27,"The AMD Ryzen 7 3800XT and Ryzen 9 3900XT have hit 3DMark Fire Strike. Offering incremental improvements over their predecessors, it would appear that ...",https://www.notebookcheck.net/AMD-Ryzen-9-3900XT-and-Ryzen-7-3800XT-hit-3DMark-Fire-Strike-talk-of-higher-base-and-boost-clock-speeds-appears-unfounded.466902.0.html,"data:image/gif;base64,R0lGODlhAQABAIAAAP///////yH5BAEKAAEALAAAAAABAAEAAAICTAEAOw==",0.0,0.0,-0.34
New HP EliteBook 800 & 805 G7 business laptops adopt AMD ...,Notebookcheck.net,"May 26, 2020",2020-05-26,"The new Elitebook 800 G7 series brings a fresh design as well as new Intel Comet Lake processors - and AMD Ryzen 4000. Benjamin Herzig, 05/26/2020.",https://www.notebookcheck.net/New-HP-EliteBook-800-805-G7-business-laptops-adopt-AMD-Ryzen-4000-Intel-Comet-Lake.466236.0.html,"data:image/gif;base64,R0lGODlhAQABAIAAAP///////yH5BAEKAAEALAAAAAABAAEAAAICTAEAOw==",0.13636363636363635,0.45454545454545453,0.1779
Upcoming RedmiBook Series Confirmed to Feature AMD Ryzen 4000 Series CPUs: Redmi GM,NDTV,"May 26, 2020",2020-05-26,"In a post on Weibo, Weibing revealed that the new RedmiBook lineup will be powered by AMD's latest Ryzen 4000 series CPUs. Another teaser image of the ...",https://gadgets.ndtv.com/laptops/news/redmibook-amd-ryzen-4000-cpu-confirmed-weibo-post-launch-may-26-2233524,"data:image/gif;base64,R0lGODlhAQABAIAAAP///////yH5BAEKAAEALAAAAAABAAEAAAICTAEAOw==",0.4,1.0,0.0
"AMD Planning Surprise Processor Launch: Refreshed Ryzen 9, 7 And 5 ‘XT’ Models Inbound?",Forbes,"May 23, 2020",2020-05-23,"AMD is expected to launch its own 4th Gen Ryzen 'Zen 3' processors later this year and a long way before Christmas too. Many enthusiasts, especially AMD fans, ...",https://www.forbes.com/sites/antonyleather/2020/05/23/amd-planning-surprise-processor-launch-refreshed-ryzen-9-7-and-5-xt-models-inbound/,"data:image/gif;base64,R0lGODlhAQABAIAAAP///////yH5BAEKAAEALAAAAAABAAEAAAICTAEAOw==",0.0,0.0,0.2732
AMD’s killer ‘Big Navi’ GPUs could come in four versions – but will they be enough to take on Nvidia RTX 3000?,TechRadar,"May 23, 2020",2020-05-23,"AMD's next-gen 'Big Navi' graphics cards will come in four different flavors, according to a fresh leak, which also imparted details on the other GPUs we can ...",https://www.techradar.com/sg/news/amds-killer-big-navi-gpus-could-come-in-four-versions-but-will-they-be-enough-to-take-on-nvidia-rtx-3000,"data:image/gif;base64,R0lGODlhAQABAIAAAP///////yH5BAEKAAEALAAAAAABAAEAAAICTAEAOw==",0.0,0.3,-0.3919
AMD Ryzen 9 3900X price drop could take the wind out of Intel Comet Lake CPU sales,TechRadar,"May 22, 2020",2020-05-22,"AMD's Ryzen 9 3900X has reportedly been given a price cut in the wake of Intel's new Comet Lake processors hitting the shelves, which could certainly be ...",https://www.techradar.com/sg/news/amd-ryzen-9-3900x-price-drop-could-take-the-wind-out-of-intel-comet-lake-cpu-sales,"data:image/gif;base64,R0lGODlhAQABAIAAAP///////yH5BAEKAAEALAAAAAABAAEAAAICTAEAOw==",0.0,0.0,-0.2732
"AMD, Nvidia may launch their next generation graphics cards in September",TechRadar,"May 21, 2020",2020-05-21,"We have long been anticipating the arrival of both Nvidia's Ampere GPU architecture to its GeForce graphics cards as well as AMD's ultimate Nvidia killer, the ...",https://www.techradar.com/sg/news/amd-nvidia-may-launch-their-next-generation-graphics-cards-in-september,"data:image/gif;base64,R0lGODlhAQABAIAAAP///////yH5BAEKAAEALAAAAAABAAEAAAICTAEAOw==",0.0,0.0,0.0
Report: AMD And NVIDIA Launching Next Generation Flagships In September,Wccftech,"May 21, 2020",2020-05-21,AMD 'Big Navi' and NVIDIA Ampere launching in September according to report out of Taiwan. It looks like Q4 2020 is going to be a very exciting time for gamers ...,https://wccftech.com/report-amd-and-nvidia-launching-next-generation-flagships-in-september/,"data:image/gif;base64,R0lGODlhAQABAIAAAP///////yH5BAEKAAEALAAAAAABAAEAAAICTAEAOw==",0.0,0.0,0.0
AMD and NVIDIA to both launch next-gen GPUs in September 2020,TweakTown,"May 21, 2020",2020-05-21,"We already know that both AMD and NVIDIA will be launching next generation graphics cards later this year, where we have already heard rumblings of NVIDIA ...",https://www.tweaktown.com/news/72682/amd-and-nvidia-to-both-launch-next-gen-gpus-in-september-2020/index.html,"data:image/gif;base64,R0lGODlhAQABAIAAAP///////yH5BAEKAAEALAAAAAABAAEAAAICTAEAOw==",0.0,0.0,0.0
Could COVID-19 Drag AMD Stock To $30?,Forbes,"May 20, 2020",2020-05-20,"We further estimate that AMD's stock price could decline to levels of around $30 (worst-case scenario) if AMD revenue falls by 20% vs. FY'19, and its valuation ...",https://www.forbes.com/sites/greatspeculations/2020/05/20/could-covid-19-drag-amd-stock-to-30/,"data:image/gif;base64,R0lGODlhAQABAIAAAP///////yH5BAEKAAEALAAAAAABAAEAAAICTAEAOw==",-0.1,0.07083333333333333,-0.2263
AMD gives Ryzen fans what they want: X470 and B450 motherboards will support Ryzen 4000 CPUs,TechRadar,"May 20, 2020",2020-05-20,AMD has evidently been listening closely to the feedback received from some pretty unhappy Ryzen users following its decision to not support incoming ...,https://www.techradar.com/sg/news/amd-gives-ryzen-fans-what-they-want-x470-and-b450-motherboards-will-support-ryzen-4000-cpus,"data:image/gif;base64,R0lGODlhAQABAIAAAP///////yH5BAEKAAEALAAAAAABAAEAAAICTAEAOw==",0.0,0.0,0.4588
Why Intel Could Lose More Ground to AMD,Motley Fool,"May 17, 2020",2020-05-17,"This isn't good news for Intel, which has been losing CPU (central processing unit) market share to its smaller rival thanks to AMD's gains on the technology curve.",https://www.fool.com/investing/2020/05/17/why-intel-could-lose-more-ground-to-amd.aspx,"data:image/gif;base64,R0lGODlhAQABAIAAAP///////yH5BAEKAAEALAAAAAABAAEAAAICTAEAOw==",0.5,0.5,-0.4019
AMD Ryzen 4000 desktop CPUs could blow Intel away with nearing 20% IPC boost,TechRadar,"May 15, 2020",2020-05-15,"AMD Ryzen 4000 desktop CPUs could blow Intel away with nearing 20% IPC boost. By Darren Allan May 15, 2020. AMD's claiming 15-17% better IPC, but OEMs ...",https://www.techradar.com/sg/news/amd-ryzen-4000-desktop-cpus-could-blow-intel-away-with-nearing-20-ipc-boost,"data:image/gif;base64,R0lGODlhAQABAIAAAP///////yH5BAEKAAEALAAAAAABAAEAAAICTAEAOw==",0.0,0.0,0.4019
AMD's Ryzen 4000 desktop CPUs rumored to have higher ...,Notebookcheck.net,"May 15, 2020",2020-05-15,"AMD's Ryzen 4000 desktop CPUs rumored to have higher than 15-17% IPC gains over current Zen 2 models, could utterly destroy Intel's Comet Lake-S lineup.",https://www.notebookcheck.net/AMD-s-Ryzen-4000-desktop-CPUs-rumored-to-have-higher-than-15-17-IPC-gains-over-current-Zen-2-models-could-utterly-destroy-Intel-s-Comet-Lake-S-lineup.465643.0.html,"data:image/gif;base64,R0lGODlhAQABAIAAAP///////yH5BAEKAAEALAAAAAABAAEAAAICTAEAOw==",0.25,0.5,0.0
"AMD Ryzen 4000, Zen 3 Desktop CPUs Could Bring Up To 20% IPC Increase, Internal Performance & Efficiency Figures Outperform Intel CPUs By Huge Margin",Wccftech,"May 15, 2020",2020-05-15,Now it is not known whether the OEMs are comparing the performance of AMD's Ryzen 4000 Desktop CPUs with Intel's Comet Lake or the next-generation Rocket ...,https://wccftech.com/amd-ryzen-4000-zen-3-vermeer-7nm-desktop-cpus-20-percent-ipc-rumor/,"data:image/gif;base64,R0lGODlhAQABAIAAAP///////yH5BAEKAAEALAAAAAABAAEAAAICTAEAOw==",0.20000000000000004,0.45,0.7269
Is Advanced Micro Devices a Safe Coronavirus Stock?,Motley Fool,"May 15, 2020",2020-05-15,"Here's what is fueling AMD's business, and why it could be a safe investment in this environment. A computer processor with AMD Ryzen written on the top of the ...",https://www.fool.com/investing/2020/05/15/is-advanced-micro-devices-a-safe-coronavirus-stock.aspx,"data:image/gif;base64,R0lGODlhAQABAIAAAP///////yH5BAEKAAEALAAAAAABAAEAAAICTAEAOw==",0.45,0.55,0.5994
Why Nvidia Chose AMD EPYC For Its New DGX A100 AI System,CRN,"May 15, 2020",2020-05-15,Nvidia said it chose AMD's latest EPYC server processors over Intel Xeon for the chipmaker's new DGX A100 deep learning system because it needed to ...,https://www.crn.com/why-nvidia-chose-amd-epyc-for-its-new-dgx-a100-ai-system,"data:image/gif;base64,R0lGODlhAQABAIAAAP///////yH5BAEKAAEALAAAAAABAAEAAAICTAEAOw==",0.13636363636363635,0.45454545454545453,0.0
"Acer Swift 3 (2020, AMD Ryzen 7 4700U) review",Laptop Mag,"May 14, 2020",2020-05-14,"The AMD-equipped power demon is designed for portability, so if you're an on-the-go busy bee seeking a Herculean laptop that won't break your back, look no ...",https://www.laptopmag.com/reviews/acer-swift-3-2020-amd,"data:image/gif;base64,R0lGODlhAQABAIAAAP///////yH5BAEKAAEALAAAAAABAAEAAAICTAEAOw==",0.0,0.0,0.2023
AMD Expands Professional Offerings with AMD Radeon Pro ...,GlobeNewswire,"May 13, 2020",2020-05-13,"AMD Radeon™ Pro VII delivers up to 26 percent higher performance in Blackmagic Design DaVinci Resolve than the competition1, and is optimized to power ...",https://www.globenewswire.com/news-release/2020/05/13/2032709/0/en/AMD-Expands-Professional-Offerings-with-AMD-Radeon-Pro-VII-Workstation-Graphics-Card-and-AMD-Radeon-Pro-Software-Updates.html,"data:image/gif;base64,R0lGODlhAQABAIAAAP///////yH5BAEKAAEALAAAAAABAAEAAAICTAEAOw==",0.1,0.1,0.1027
Dell Gaming Updates: Alienware Goes Super And Dell Adds ...,AnandTech,"May 13, 2020",2020-05-13,"For those looking for AMD powered systems, Dell is also officially announcing the G5 15 SE with AMD Ryzen 4000 and Radeon RX 5600M graphics.",https://www.anandtech.com/show/15793/dell-gaming-updates-alienware-goes-super-and-dell-adds-ryzen,"data:image/gif;base64,R0lGODlhAQABAIAAAP///////yH5BAEKAAEALAAAAAABAAEAAAICTAEAOw==",0.3333333333333333,0.6666666666666666,0.5994
Is Advanced Micro Devices Stock a Buy?,Motley Fool,"May 13, 2020",2020-05-13,"Buying AMD shares today amounts to a vote of confidence in CEO Lisa Su, who has made a habit out of delivering on AMD's promises. The company hasn't ...",https://www.fool.com/investing/2020/05/13/is-advanced-micro-devices-stock-a-buy.aspx,"data:image/gif;base64,R0lGODlhAQABAIAAAP///////yH5BAEKAAEALAAAAAABAAEAAAICTAEAOw==",0.4,0.6,0.25
AMD Is 'Aggressively' Incentivizing Partners To Sell Ryzen Pro,CRN,"May 12, 2020",2020-05-12,"In an interview with CRN, Matthew Unangst, director of AMD's commercial client business, said the chipmaker is deploying a variety of resources to educate and ...",https://www.crn.com/slide-shows/components-peripherals/amd-is-aggressively-incentivizing-partners-to-sell-ryzen-pro,"data:image/gif;base64,R0lGODlhAQABAIAAAP///////yH5BAEKAAEALAAAAAABAAEAAAICTAEAOw==",0.0,0.0,-0.3182
Intel Core i5-10400 comes close to AMD Ryzen 5 3600 in leaked benchmarks,TechRadar,"May 12, 2020",2020-05-12,"Intel Core i5-10400 comes close to AMD Ryzen 5 3600 in leaked benchmarks. By Carly Page May 12, 2020. AMD's year-old chip comes out on top in single and ...",https://www.techradar.com/news/intel-core-i5-10400-comes-close-to-amd-ryzen-5-3600-in-leaked-benchmarks,"data:image/gif;base64,R0lGODlhAQABAIAAAP///////yH5BAEKAAEALAAAAAABAAEAAAICTAEAOw==",0.0,0.0,-0.3182
"AMD, Intel and Nvidia rumored to be giving Computex 2020 a miss â€“ the first hints that the show is in trouble?",TechRadar,"May 11, 2020",2020-05-11,"... take place from September 28 to 30) may find some major tech firms aren't in attendance, according to a report by DigiTimes, and that includes AMD, Intel and ...",https://www.techradar.com/sg/news/amd-intel-and-nvidia-rumored-to-be-giving-computex-2020-a-miss-the-first-hints-that-the-show-is-in-trouble,"data:image/gif;base64,R0lGODlhAQABAIAAAP///////yH5BAEKAAEALAAAAAABAAEAAAICTAEAOw==",0.024999999999999994,0.26666666666666666,-0.2263
"Lenovo launches new ThinkPad E14, E15 laptops with AMD Ryzen 4000 processors",ZDNet,"May 9, 2020",2020-05-09,"AMD continues being on a roll with its Ryzen processors, making inroads into the enterprise laptop segment in a way that eluded the chip producer in the past.",https://www.zdnet.com/article/lenovo-launches-new-thinkpad-e14-e15-laptops-with-amd-ryzen-4000-processors/,"data:image/gif;base64,R0lGODlhAQABAIAAAP///////yH5BAEKAAEALAAAAAABAAEAAAICTAEAOw==",0.13636363636363635,0.45454545454545453,0.0
10 Business Laptops That Use AMD's New Ryzen 4000 CPUs,CRN,"May 8, 2020",2020-05-08,"With more than 70 business laptops expected to use AMD's latest Ryzen 4000 processors this year, CRN takes a look at some of the first designs coming out ...",https://www.crn.com/slide-shows/components-peripherals/10-business-laptops-that-use-amd-s-new-ryzen-4000-cpus,"data:image/gif;base64,R0lGODlhAQABAIAAAP///////yH5BAEKAAEALAAAAAABAAEAAAICTAEAOw==",0.13636363636363635,0.45454545454545453,0.0
AMD Ryzen 3 3300X And 3100 Review: Stunning Performers Will Give Intel Serious Headaches,Forbes,"May 7, 2020",2020-05-07,"Ultimately, those that own much older processors but are still constrained by budgets will be most interested in AMD's new CPUs. Comparisons between them and ...",https://www.forbes.com/sites/antonyleather/2020/05/07/amd-ryzen-3-3300x-and-3100-review-stunning-performers-will-give-intel-serious-headaches/,"data:image/gif;base64,R0lGODlhAQABAIAAAP///////yH5BAEKAAEALAAAAAABAAEAAAICTAEAOw==",0.08333333333333334,0.8333333333333333,0.3182
AMD launches Ryzen Pro 4000 series to take on Intel’s vPro,The Verge,"May 7, 2020",2020-05-07,"They also include AMD's Memory Guard encryption feature, which AMD says makes its Pro series the only chips that support full-memory encryption. So if, for ...",https://www.theverge.com/2020/5/7/21249346/amd-ryzen-pro-4000-business-processor-security-release,"data:image/gif;base64,R0lGODlhAQABAIAAAP///////yH5BAEKAAEALAAAAAABAAEAAAICTAEAOw==",0.0,0.0,0.0
HPE's Hyperconverged 'Earthquake': AMD EPYC Versions Of ...,CRN,"May 7, 2020",2020-05-07,"HPE's Hyperconverged 'Earthquake': AMD EPYC Versions Of SimpliVity, Nimble dHCI. 'This is a game changer for anybody who wants a compact, scalable, easy ...",https://www.crn.com/news/data-center/hpe-s-hyperconverged-earthquake-amd-epyc-versions-of-simplivity-nimble-dhci,"data:image/gif;base64,R0lGODlhAQABAIAAAP///////yH5BAEKAAEALAAAAAABAAEAAAICTAEAOw==",0.0,0.0,0.0
Lenovo's new ThinkPad E14 and E15 pack AMD's powerful Ryzen 4700 chips,Engadget,"May 7, 2020",2020-05-07,Lenovo's new ThinkPad E14 and E15 pack AMD's powerful Ryzen 4700 chips. The company also plans to release laptops with AMD's new Ryzen Pro 4000 CPUs.,https://www.engadget.com/lenovo-thinkpad-e14-e15-ryzen-195529747.html,"data:image/gif;base64,R0lGODlhAQABAIAAAP///////yH5BAEKAAEALAAAAAABAAEAAAICTAEAOw==",0.21818181818181817,0.7272727272727273,0.4215
AMD looks set to remain budget CPU king in Ryzen 3 3100 vs Intel Core i3-10100 leaked benchmarks,TechRadar,"May 6, 2020",2020-05-06,"These Intel and AMD chips come pretty close to each other in terms of performance in 3DMark, as you might expect given that the relative specs are pretty ...",https://www.techradar.com/sg/news/amd-looks-set-to-remain-budget-cpu-king-in-ryzen-3-3100-vs-intel-core-i3-10100-leaked-benchmarks,"data:image/gif;base64,R0lGODlhAQABAIAAAP///////yH5BAEKAAEALAAAAAABAAEAAAICTAEAOw==",0.0,0.0,-0.3182
Lenovo launches new server platform with AMD data center ...,CNA,"May 5, 2020",2020-05-05,"Demand from cloud computing companies have boosted sales of server chips, helping the overall results of AMD and rival Intel Corp. Advertisement.",https://www.channelnewsasia.com/news/business/lenovo-launches-new-server-platform-with-amd-data-center-chips-12704626,"data:image/gif;base64,R0lGODlhAQABAIAAAP///////yH5BAEKAAEALAAAAAABAAEAAAICTAEAOw==",0.018181818181818174,0.2772727272727273,0.0
Benchmarks Reveal Samsung’s Powerhouse AMD Galaxy Smartphone,Forbes,"May 5, 2020",2020-05-05,"Picked up by SamMobile, Samsung has been logging benchmarks on GFXBench for its first Galaxy smartphone to use a custom AMD Radeon GPU and the ...",https://www.forbes.com/sites/gordonkelly/2020/05/05/samsung-galaxy-s21-release-amd-chipset-update-galaxy-s20-smartphone-upgrade/,"data:image/gif;base64,R0lGODlhAQABAIAAAP///////yH5BAEKAAEALAAAAAABAAEAAAICTAEAOw==",0.0,0.0,0.0
Rumor: Samsung's Exynos 1000 to come with AMD GPU,gizmochina,"May 5, 2020",2020-05-05,"Now, a new report says the 5nm Exynos 1000 will feature the new GPU which is based on AMD's technology. Samsung+AMD. ITHome reports that they have been ...",https://www.gizmochina.com/2020/05/05/rumor-samsungs-exynos-1000-to-come-with-amd-gpu/,"data:image/gif;base64,R0lGODlhAQABAIAAAP///////yH5BAEKAAEALAAAAAABAAEAAAICTAEAOw==",0.0,0.0,0.0
"HP Omen 25L and 30L Desktops Get Fresh Designs, Intel and AMD, Better Cooling",Tom's Hardware,"May 4, 2020",2020-05-04,"The desktops, which will release on May 5, will feature the latest Intel and AMD processors and the latest GPUs from Nvidia and AMD. The 25L will start at ...",https://www.tomshardware.com/news/hp-omen-25l-30l-gaming-desktop-2020-price-specs-release-date,"data:image/gif;base64,R0lGODlhAQABAIAAAP///////yH5BAEKAAEALAAAAAABAAEAAAICTAEAOw==",0.4,0.5,0.6369
AMD Is Quietly Taking Aim at a Big Growth Opportunity,Motley Fool,"May 4, 2020",2020-05-04,"Cut to the present, and it appears that AMD's relationship with Microsoft has strengthened. AMD has been selected to supply semi-custom GPUs for the Xbox ...",https://www.fool.com/investing/2020/05/04/amd-quietly-taking-aim-at-big-growth-opportunity.aspx,"data:image/gif;base64,R0lGODlhAQABAIAAAP///////yH5BAEKAAEALAAAAAABAAEAAAICTAEAOw==",0.0,0.21666666666666667,0.6597
AMD Ryzen 3 3100 and Intel Core i3-10100 clash in ...,Notebookcheck.net,"May 4, 2020",2020-05-04,Intel and AMD have two new desktop processors for the budget sector. (Image source: Intel/AMD/edited). Benchmark comparisons between the AMD Ryzen 3 ...,https://www.notebookcheck.net/AMD-Ryzen-3-3100-and-Intel-Core-i3-10100-clash-in-benchmark-battle-of-the-budget-titans-with-the-spoils-ultimately-shared.463647.0.html,"data:image/gif;base64,R0lGODlhAQABAIAAAP///////yH5BAEKAAEALAAAAAABAAEAAAICTAEAOw==",0.0,0.0,0.0
"Take Profits Now, Because AMD Stock Gains Have Out",Investorplace.com,"May 4, 2020",2020-05-04,"On the news of its first-quarter results, Advanced Micro Devices (NASDAQ:AMD) lost some steam, even though the overall market was up big. Note that the price ...",https://investorplace.com/2020/05/take-profits-amd-stock-gains-maxed-out/,"data:image/gif;base64,R0lGODlhAQABAIAAAP///////yH5BAEKAAEALAAAAAABAAEAAAICTAEAOw==",0.0,0.0,0.6486
Advanced Micro Devices: Immense Challenges Ahead,Seeking Alpha,"May 2, 2020",2020-05-02,"Advanced Micro Devices (AMD) hasn't been in such a good position as today for a long time. Since 2003, with the launch of its Opteron server processors, it had ...",https://seekingalpha.com/article/4342325-advanced-micro-devices-immense-challenges-ahead,"data:image/gif;base64,R0lGODlhAQABAIAAAP///////yH5BAEKAAEALAAAAAABAAEAAAICTAEAOw==",0.2,0.8,0.3182
The AMD Ryzen 3100 can apparently overclock to 4.6GHz on all cores,TechRadar,"May 1, 2020",2020-05-01,"AMD's budget Ryzen 3 3100 CPU has been spotted pulling off some impressive clock speeds, with the quad-core chip hitting as high as 4.6GHz in a leaked ...",https://www.techradar.com/news/the-amd-ryzen-3100-can-apparently-overclock-to-46ghz-on-all-cores,"data:image/gif;base64,R0lGODlhAQABAIAAAP///////yH5BAEKAAEALAAAAAABAAEAAAICTAEAOw==",0.05,0.35,0.0
"AMD Ryzen CPUs are becoming so dominant, Intel’s Comet Lake chips have an uphill struggle",TechRadar,"May 1, 2020",2020-05-01,"On an earnings call, AMD's chief executive Lisa Su said that the company has now captured “more than 50% of premium processor sales at many top global ...",https://www.techradar.com/sg/news/amd-ryzen-cpus-are-becoming-so-dominant-intels-comet-lake-chips-have-an-uphill-struggle,"data:image/gif;base64,R0lGODlhAQABAIAAAP///////yH5BAEKAAEALAAAAAABAAEAAAICTAEAOw==",0.45,0.8500000000000001,-0.3182
AMD Budget Overclock: Ryzen 3 3100 Hits 4.5 GHz on All Cores,Tom's Hardware,"May 1, 2020",2020-05-01,"The information comes courtesy of @_rogame, who dug up the 3DMark records revealing the accomplishment. AMD Ryzen 3 3100 4-Core Processor4.5GHz all ...",https://www.tomshardware.com/news/amd-ryzen-3-3100-overclock-cpu,"data:image/gif;base64,R0lGODlhAQABAIAAAP///////yH5BAEKAAEALAAAAAABAAEAAAICTAEAOw==",0.0,0.0,0.0
