title,media,date,datetime,desc,link,img,textBlob polarity,textBlob subjectivity,vader polarity
"Nvidia GeForce RTX 3060: release date, price, news and rumors",TechRadar,"Sep 30, 2020",2020-09-30,Cut to the chase · What is it? Nvidia's upcoming midrange GeForce RTX 3000-series graphics card · When is it out? It should be available early to mid November ...,https://www.techradar.com/sg/news/nvidia-geforce-rtx-3060-release-date-price-news-and-features,"data:image/gif;base64,R0lGODlhAQABAIAAAP///////yH5BAEKAAEALAAAAAABAAEAAAICTAEAOw==",0.0,0.0,0.0
"VMware Embraces Nvidia GPUs, DPUs To Drive Enterprise AI",The Next Platform,"Sep 30, 2020",2020-09-30,"VMware not only will integrate Nvidia's NGC suite of AI- and machine learning-optimized software (including containers, models and model scripts, and ...",https://www.nextplatform.com/2020/09/30/vmware-embraces-nvidia-gpus-to-drive-enterprise-ai/,"data:image/gif;base64,R0lGODlhAQABAIAAAP///////yH5BAEKAAEALAAAAAABAAEAAAICTAEAOw==",0.0,0.0,0.0
Pressure grows for U.K. to intervene in Nvidia’s $40 billion Arm takeover,MarketWatch,"Sep 30, 2020",2020-09-30,"The U.K. government is assessing the impact of Nvidia's $40 billion takeover of Arm, as pressure for it to intervene and protect the Cambridge-based chip maker ...",https://www.marketwatch.com/story/nvidias-40-billion-arm-takeover-could-be-blocked-heres-why-11601393588,"data:image/gif;base64,R0lGODlhAQABAIAAAP///////yH5BAEKAAEALAAAAAABAAEAAAICTAEAOw==",0.0,0.0,-0.296
"Nvidia NGC To Supercharge AI On VMware Cloud, vSphere ...",CRN,"Sep 29, 2020",2020-09-29,"With the integration of Nvidia NGC, which stands for Nvidia GPU Cloud, users of vSphere, Tanzu and VMware Cloud Foundation will gain access to Nvidia's ...",https://www.crn.com/news/components-peripherals/nvidia-ngc-to-supercharge-ai-on-vmware-cloud-vsphere-and-tanzu,"data:image/gif;base64,R0lGODlhAQABAIAAAP///////yH5BAEKAAEALAAAAAABAAEAAAICTAEAOw==",0.0,0.0,0.0
VMware and NVIDIA to Enable Next-Gen Hybrid Cloud ...,Business Wire,"Sep 29, 2020",2020-09-29,“Bringing our NVIDIA Clara AI application frameworks and VMware Cloud Foundation together will help us expand our work in AI using a common data center ...,https://www.businesswire.com/news/home/20200929005455/en/VMware-and-NVIDIA-to-Enable-Next-Gen-Hybrid-Cloud-Architecture-and-Bring-AI-to-Every-Enterprise,"data:image/gif;base64,R0lGODlhAQABAIAAAP///////yH5BAEKAAEALAAAAAABAAEAAAICTAEAOw==",0.0,0.0,0.0
NVIDIA and VMWare Partner to Bring AI Into the Mainstream,Motley Fool,"Sep 29, 2020",2020-09-29,"To that end, VMware will adopt NVIDIA's data processing chips and will integrate them across its VMware vSphere, VMware Cloud Foundation, and VMware ...",https://www.fool.com/investing/2020/09/29/nvidia-and-vmware-partner-to-bring-ai-into-the-mai/,"data:image/gif;base64,R0lGODlhAQABAIAAAP///////yH5BAEKAAEALAAAAAABAAEAAAICTAEAOw==",0.0,0.0,0.0
Nvidia vs. Advanced Micro Devices: Which Is the Better Buy?,U.S News & World Report Money,"Sep 29, 2020",2020-09-29,Nvidia Stock. Market capitalization: $324 billion. Dividend yield: 0.12% Year-to-date (YTD) gain: 123%.,https://money.usnews.com/investing/stock-market-news/articles/nvidia-vs-advanced-micro-devices-which-is-the-better-buy,"data:image/gif;base64,R0lGODlhAQABAIAAAP///////yH5BAEKAAEALAAAAAABAAEAAAICTAEAOw==",0.45,0.55,0.5994
NVIDIA Just Gave Call Of Duty Gamers With GeForce Cards An Edge,Forbes,"Sep 28, 2020",2020-09-28,"For those unfamiliar with it, NVIDIA Reflex is latency reduction technology that's designed to minimize input lag, sometimes called input latency or end-to-end ...",https://www.forbes.com/sites/marcochiappetta/2020/09/28/nvidia-just-gave-call-of-duty-gamers-with-geforce-cards-a-big-edge/,"data:image/gif;base64,R0lGODlhAQABAIAAAP///////yH5BAEKAAEALAAAAAABAAEAAAICTAEAOw==",0.0,0.0,0.0
Nvidia might fight AMD Big Navi with an RTX 3060 Ti,TechRadar,"Sep 28, 2020",2020-09-28,"And, while AMD has a huge fight on its hands with the recently released Nvidia GeForce RTX 3080 and RTX 3090, there isn't anything below the RTX 3070 in ...",https://www.techradar.com/sg/news/nvidia-might-fight-amd-big-navi-with-an-rtx-3060-ti,"data:image/gif;base64,R0lGODlhAQABAIAAAP///////yH5BAEKAAEALAAAAAABAAEAAAICTAEAOw==",0.0,0.1,-0.3818
The Nvidia RTX 3090 launch was as big a disaster as the RTX 3080’s,TechRadar,"Sep 25, 2020",2020-09-25,"Once again, Nvidia's latest card went out of stock almost as soon as it went on sale, while websites struggled to cope with demand. This left many prospective ...",https://www.techradar.com/sg/news/the-nvidia-rtx-3090-launch-was-as-big-a-disaster-as-the-rtx-3080s,"data:image/gif;base64,R0lGODlhAQABAIAAAP///////yH5BAEKAAEALAAAAAABAAEAAAICTAEAOw==",0.0,0.1,-0.6249
Stephen Neal Is The Independent Director of NVIDIA ...,Simply Wall St,"Sep 25, 2020",2020-09-25,Stephen Neal Is The Independent Director of NVIDIA Corporation (NASDAQ:NVDA) And They Just Picked Up 500% More Shares. By: Simply Wall St. Published ...,https://simplywall.st/stocks/us/semiconductors/nasdaq-nvda/nvidia/news/stephen-neal-is-the-independent-director-of-nvidia-corporation-nasdaqnvda-and-they-just-picked-up-500-more-shares,"data:image/gif;base64,R0lGODlhAQABAIAAAP///////yH5BAEKAAEALAAAAAABAAEAAAICTAEAOw==",0.0,0.125,0.0
Review: The NVIDIA GeForce RTX 3080 Takes PC Gaming To ...,Forbes,"Sep 24, 2020",2020-09-24,"For more details on NVIDIA's RTX 3000 series, I recommend you read the blog that Patrick Moorhead and I wrote a couple of weeks ago. For this review, we will ...",https://www.forbes.com/sites/moorinsights/2020/09/24/review-the-nvidia-geforce-rtx-3080-takes-pc-gaming-to-new-heights/,"data:image/gif;base64,R0lGODlhAQABAIAAAP///////yH5BAEKAAEALAAAAAABAAEAAAICTAEAOw==",0.0,0.0,0.0
Nvidia's RTX 3090 Graphics Card Launch Is Another Letdown,PCMag.com,"Sep 24, 2020",2020-09-24,"Nvidia's RTX 3090 Graphics Card Launch Is Another Letdown. Did you wake up at 6 a.m. PT to try and buy the RTX 3090 card on launch day? We did, but like ...",https://www.pcmag.com/news/nvidias-rtx-3090-graphics-card-launch-is-another-letdown,"data:image/gif;base64,R0lGODlhAQABAIAAAP///////yH5BAEKAAEALAAAAAABAAEAAAICTAEAOw==",0.0,0.0,0.0
In Depth: China plays kingmaker in Nvidia's $40bn bid for Arm,Nikkei Asian Review,"Sep 24, 2020",2020-09-24,In Depth: China plays kingmaker in Nvidia's $40bn bid for Arm. Analysts see room for Beijing to potentially step in to veto mega-merger. Jensen Huang ...,https://asia.nikkei.com/Spotlight/Caixin/In-Depth-China-plays-kingmaker-in-Nvidia-s-40bn-bid-for-Arm,"data:image/gif;base64,R0lGODlhAQABAIAAAP///////yH5BAEKAAEALAAAAAABAAEAAAICTAEAOw==",0.0,0.0,0.25
"Jim Cramer says Nvidia is a buy here, cites 'unstoppable' potential of Arm acquisition",CNBC,"Sep 24, 2020",2020-09-24,"Nvidia's stock popped about 5% in the first day of trading after the deal, worth $40 billion, was publicized. But the stock has given back those gains, ending ...",https://www.cnbc.com/2020/09/24/jim-cramer-says-nvidia-is-a-buy-here-cites-unstoppable-potential-of-arm-acquisition.html,"data:image/gif;base64,R0lGODlhAQABAIAAAP///////yH5BAEKAAEALAAAAAABAAEAAAICTAEAOw==",0.0,1.0,-0.2023
Nvidia GeForce GTX 3080 Is a Hit With Cryptocurrency Miners,Barron's,"Sep 22, 2020",2020-09-22,"While gamers have largely cheered the release of Nvidia's next generation of GeForce videogame chips, cryptocurrency miners too appear to have found ...",https://www.barrons.com/articles/nvidia-geforce-gtx-3080-is-a-hit-with-cryptocurrency-miners-51600774200,"data:image/gif;base64,R0lGODlhAQABAIAAAP///////yH5BAEKAAEALAAAAAABAAEAAAICTAEAOw==",0.0,0.0,0.0
Li Auto Inc. Announces the Adoption of NVIDIA's Next ...,,"Sep 22, 2020",2020-09-22,"Announces the Adoption of NVIDIA's Next Generation Autonomous Driving Smart Chip Orin. Email Print Friendly Share. September 22, 2020 04:15 ET ...",https://www.globenewswire.com/news-release/2020/09/22/2096973/0/en/Li-Auto-Inc-Announces-the-Adoption-of-NVIDIA-s-Next-Generation-Autonomous-Driving-Smart-Chip-Orin.html,"data:image/gif;base64,R0lGODlhAQABAIAAAP///////yH5BAEKAAEALAAAAAABAAEAAAICTAEAOw==",0.0,0.0,0.0
Oracle Cloud Infrastructure First to Make NVIDIA A100 GPUs ...,,"Sep 22, 2020",2020-09-22,"Our customers demand the best of on-premises with all the benefits of the cloud, which is what we're delivering with our latest GPU instance running on NVIDIA's ...",https://www.prnewswire.com/news-releases/oracle-cloud-infrastructure-first-to-make-nvidia-a100-gpus-generally-available-in-the-cloud-301135956.html,"data:image/gif;base64,R0lGODlhAQABAIAAAP///////yH5BAEKAAEALAAAAAABAAEAAAICTAEAOw==",0.25,0.3333333333333333,0.0
Britain assessing impact of sale of Arm to Nvidia - minister,Reuters UK,"Sep 21, 2020",2020-09-21,"Nvidia's CEO Jensen Huang has made similar commitments. Arm's energy-efficient architecture underpins processors made by Apple, Samsung, Qualcomm and ...",https://uk.reuters.com/article/uk-arm-holdings-m-a-nvidia-britain-idUKKCN26C391,"data:image/gif;base64,R0lGODlhAQABAIAAAP///////yH5BAEKAAEALAAAAAABAAEAAAICTAEAOw==",0.0,0.0,0.0
Micron Technology or NVIDIA: Which One to Buy Right Now?,Motley Fool,"Sep 21, 2020",2020-09-21,NVIDIA (NASDAQ:NVDA) shares have more than doubled so far in 2020 thanks to strong momentum in the graphics specialist's video gaming and data center ...,https://www.fool.com/investing/2020/09/21/micron-technology-nvidia-which-one-buy-right-now/,"data:image/gif;base64,R0lGODlhAQABAIAAAP///////yH5BAEKAAEALAAAAAABAAEAAAICTAEAOw==",0.2857142857142857,0.5357142857142857,0.0
Nvidia’s Stocks May Plunge 12% Following Its Deal For Arm,Forbes,"Sep 20, 2020",2020-09-20,"NVIDIA Corp. (NVDA) shares have soared in 2020, more than doubling versus an S&P 500 rising by less than 3%. The stock got an extra boost this past week ...",https://www.forbes.com/sites/kramermichael/2020/09/20/nvidias-stocks-may-plunge-12-followings-it-deal-for-arm/,"data:image/gif;base64,R0lGODlhAQABAIAAAP///////yH5BAEKAAEALAAAAAABAAEAAAICTAEAOw==",0.0,0.1,0.0
SoftBank is betting on Nvidia to extract ARM's untapped value ...,,"Sep 18, 2020",2020-09-18,"But the transaction comes with valuation and execution risks for the Japanese tech company, analysts told S&P Global Market Intelligence. Nvidia agreed to pay ...",https://www.spglobal.com/marketintelligence/en/news-insights/latest-news-headlines/softbank-is-betting-on-nvidia-to-extract-arm-s-untapped-value-8211-analysts-60366404,"data:image/gif;base64,R0lGODlhAQABAIAAAP///////yH5BAEKAAEALAAAAAABAAEAAAICTAEAOw==",0.0,0.0,0.34
Why Arm's sale to Nvidia has stunned the tech industry,The Conversation US,"Sep 18, 2020",2020-09-18,"Nvidia is a US-based chip maker. It is the market leader in graphics processing units (GPUs), which power high-fidelity video games and increasingly handle data- ...",https://theconversation.com/why-arms-sale-to-nvidia-has-stunned-the-tech-industry-146421,"data:image/gif;base64,R0lGODlhAQABAIAAAP///////yH5BAEKAAEALAAAAAABAAEAAAICTAEAOw==",0.0,0.0,-0.1027
Nvidia’s Latest Deal Could Make It the World’s Most Important Chip Maker,Barron's,"Sep 18, 2020",2020-09-18,"Nvidia became the largest U.S. chip maker by market value in July, passing ... Intel had $72 billion in revenue last year, while Nvidia's sales were just $11 billion.",https://www.barrons.com/articles/nvidias-deal-for-arm-holdings-is-risky-and-very-smart-51600473858,"data:image/gif;base64,R0lGODlhAQABAIAAAP///////yH5BAEKAAEALAAAAAABAAEAAAICTAEAOw==",0.4666666666666666,0.7999999999999999,0.2716
Arm rival SiFive says Nvidia deal spurs interest in its technology,The Business Times,"Sep 18, 2020",2020-09-18,"Nvidia's move to buy Arm from SoftBank Group would put Arm, a neutral industry player, in the hands of a single chip company for the first time.",https://www.businesstimes.com.sg/garage/news/arm-rival-sifive-says-nvidia-deal-spurs-interest-in-its-technology,"data:image/gif;base64,R0lGODlhAQABAIAAAP///////yH5BAEKAAEALAAAAAABAAEAAAICTAEAOw==",0.0,0.0,0.4588
"Nvidia, Amazon, Google: Next In Line For Stock Split?",Forbes,"Sep 18, 2020",2020-09-18,"Nvidia NVDA -1.2% : The maker of graphic processing units (GPUs) has seen its stock soar over 110% this year, driven by growing demand from data centers and ...",https://www.forbes.com/sites/greatspeculations/2020/09/18/nvidia-amazon-google-next-in-line-for-stock-split/,"data:image/gif;base64,R0lGODlhAQABAIAAAP///////yH5BAEKAAEALAAAAAABAAEAAAICTAEAOw==",0.0,0.0,0.1779
"Nvidia RTX 3080 cards are selling for thousands on eBay, and people are pissed",The Verge,"Sep 17, 2020",2020-09-17,"Nvidia did not immediately respond to a request for comment. The chipmaker is already facing the wrath of many disgruntled prospective buyers on Twitter, with ...",https://www.theverge.com/2020/9/17/21443901/nvidia-rtx-3080-ebay-reselling-sold-out-shortages,"data:image/gif;base64,R0lGODlhAQABAIAAAP///////yH5BAEKAAEALAAAAAABAAEAAAICTAEAOw==",0.0,0.0,-0.6369
Nvidia's $40bn Arm deal faces China risks and industry ...,Nikkei Asian Review,"Sep 16, 2020",2020-09-16,"Described by Nvidia CEO Jensen Huang as a ""once in a lifetime opportunity"" for his 27-year-old chip developer, the deal is set to strengthen Nvidia's position as ...",https://asia.nikkei.com/Business/Business-deals/Nvidia-s-40bn-Arm-deal-faces-China-risks-and-industry-pushback,"data:image/gif;base64,R0lGODlhAQABAIAAAP///////yH5BAEKAAEALAAAAAABAAEAAAICTAEAOw==",0.0,0.0,-0.2732
Nvidia GeForce RTX 3080 Review: Just How Fast Is It?,Forbes,"Sep 16, 2020",2020-09-16,"You''ll likely need to dial back the settings, or of course, wait for Nvidia's RTX 3090. Interestingly, the RTX 2080 Ti still performed similarly here, which goes to show ...",https://www.forbes.com/sites/antonyleather/2020/09/16/nvidia-rtx-3080-review-just-how-fast-is-it/,"data:image/gif;base64,R0lGODlhAQABAIAAAP///////yH5BAEKAAEALAAAAAABAAEAAAICTAEAOw==",0.2,0.6,0.0
SoftBank to sell chip designer Arm to Nvidia in record US$40 ...,The Straits Times,"Sep 14, 2020",2020-09-14,TOKYO/SAN FRANCISCO/LONDON (REUTERS) - Nvidia Corp will buy UK-based chip designer Arm from Japan's SoftBank Group Corp for as much as US$40 ...,https://www.straitstimes.com/business/companies-markets/softbank-to-sell-chip-designer-arm-to-nvidia-in-us40-billion-deal,"data:image/gif;base64,R0lGODlhAQABAIAAAP///////yH5BAEKAAEALAAAAAABAAEAAAICTAEAOw==",0.0,0.0,0.0
Nvidia to buy chip designer Arm for US$40 billion as SoftBank ...,CNA,"Sep 14, 2020",2020-09-14,Nvidia CEO Jensen Huang emphasised that Arm would retain its neutral licensing model and expand it by licensing out Nvidia intellectual property for the first time ...,https://www.channelnewsasia.com/news/business/nvidia-to-buy-chip-designer-arm-for-us-40-billion-as-softbank-exits-13108310,"data:image/gif;base64,R0lGODlhAQABAIAAAP///////yH5BAEKAAEALAAAAAABAAEAAAICTAEAOw==",0.0,0.0,0.0
SoftBank reaches $40bn deal to sell Arm to US chipmaker ...,Nikkei Asian Review,"Sep 14, 2020",2020-09-14,"The business had ""very little to do"" with Nvidia's strategy, Huang said. Geoff Blaber, an analyst at CCS Insight, said he believed Arm's existing clients would be ...",https://asia.nikkei.com/Business/SoftBank2/SoftBank-reaches-40bn-deal-to-sell-Arm-to-US-chipmaker-Nvidia,"data:image/gif;base64,R0lGODlhAQABAIAAAP///////yH5BAEKAAEALAAAAAABAAEAAAICTAEAOw==",0.0,0.0,0.0516
"AMD Big Navi might not beat Nvidia RTX 3080, but it could come close",TechRadar,"Sep 14, 2020",2020-09-14,"Nvidia has dominated the high-end GPU market for a while now, so it'll be good to see AMD come out with a graphics card that competes with Nvidia's flagship ...",https://www.techradar.com/sg/news/amd-big-navi-might-not-beat-nvidia-rtx-3080-but-it-could-come-close,"data:image/gif;base64,R0lGODlhAQABAIAAAP///////yH5BAEKAAEALAAAAAABAAEAAAICTAEAOw==",0.0,0.1,0.0
"Stocks making the biggest moves midday: Oracle, Nvidia, Immunomedics, Overstock & more",CNBC,"Sep 14, 2020",2020-09-14,"Stocks making the biggest moves midday: Oracle, Nvidia, Immunomedics, Overstock & more · Immunomedics — Immunomedics stock more than doubled on news ...",https://www.cnbc.com/2020/09/14/stocks-making-the-biggest-moves-midday-oracle-nvidia-immunomedics-overstock-more.html,"data:image/gif;base64,R0lGODlhAQABAIAAAP///////yH5BAEKAAEALAAAAAABAAEAAAICTAEAOw==",0.5,0.5,0.0
Nvidia AI research boasts savvy telemed | FierceElectronics,FierceElectronics,"Sep 14, 2020",2020-09-14,Nvidia presented new research on Sunday that describes more advanced linguistic AI for use in telemedicine applications in hopes of making them more ...,https://www.fierceelectronics.com/electronics/nvidia-ai-research-boasts-savvy-telemed,"data:image/gif;base64,R0lGODlhAQABAIAAAP///////yH5BAEKAAEALAAAAAABAAEAAAICTAEAOw==",0.0,0.0,0.0
CoreWeave Joins NVIDIA Cloud Service Provider Program,PRNewswire,"Sep 10, 2020",2020-09-10,"""CoreWeave's commitment to building an infrastructure that highlights NVIDIA's compute resources delivers a world-class cloud solution to customers in need of ...",https://www.prnewswire.com/news-releases/coreweave-joins-nvidia-cloud-service-provider-program-301127712.html,"data:image/gif;base64,R0lGODlhAQABAIAAAP///////yH5BAEKAAEALAAAAAABAAEAAAICTAEAOw==",0.0,0.0,0.0
"UK must intervene in Nvidia deal for Arm, says Labour",Financial Times,"Sep 10, 2020",2020-09-10,"In particular, it pointed out that Arm licenses its designs to many of Nvidia's competitors, suggesting its growth may be limited under the new owners. “If the ...",https://www.ft.com/content/9a8df498-b7e4-4ceb-ae62-7cdb650d89cc,"data:image/gif;base64,R0lGODlhAQABAIAAAP///////yH5BAEKAAEALAAAAAABAAEAAAICTAEAOw==",0.0,0.0,0.0
"Nvidia, Intel shake up the PC scene, Reviews News & Top Stories",The Straits Times,"Sep 9, 2020",2020-09-09,"Graphics chipmaker Nvidia started the ball rolling on Sept 1, with the virtual launch of its new GeForce RTX 30 series of desktop graphics cards. Consisting of ...",https://www.straitstimes.com/tech/pcs/nvidia-intel-shake-up-the-pc-scene,"data:image/gif;base64,R0lGODlhAQABAIAAAP///////yH5BAEKAAEALAAAAAABAAEAAAICTAEAOw==",0.5,0.5,0.0258
AMD Big Navi will rise up to tackle the Nvidia RTX 3080 on October 28,TechRadar,"Sep 9, 2020",2020-09-09,"AMD Big Navi will rise up to tackle the Nvidia RTX 3080 on October 28. By Bill Thomas September 09, 2020. With AMD Zen 3 CPUs kicking the party off on ...",https://www.techradar.com/sg/news/amd-big-navi-will-rise-up-to-tackle-the-nvidia-rtx-3080-on-october-28,"data:image/gif;base64,R0lGODlhAQABAIAAAP///////yH5BAEKAAEALAAAAAABAAEAAAICTAEAOw==",0.0,0.1,0.0
Why NVIDIA Stock Jumped Today,Motley Fool,"Sep 9, 2020",2020-09-09,"NVIDIA's shares have climbed quickly as the broader market, and tech stocks, in particular, have risen after a steep market drop in March. An abstract stock chart ...",https://www.fool.com/investing/2020/09/09/why-nvidia-stock-jumped-today/,"data:image/gif;base64,R0lGODlhAQABAIAAAP///////yH5BAEKAAEALAAAAAABAAEAAAICTAEAOw==",0.0,0.0,0.0
New chips from Intel and Nvidia to shake up PC scene,The Straits Times,"Sep 8, 2020",2020-09-08,Graphics chipmaker Nvidia started the ball rolling on Tuesday (Sep 1) with the virtual launch of its new GeForce RTX 30 series of desktop graphics cards.,https://www.straitstimes.com/tech/reviews/new-chips-from-intel-and-nvidia-to-shake-up-pc-scene,"data:image/gif;base64,R0lGODlhAQABAIAAAP///////yH5BAEKAAEALAAAAAABAAEAAAICTAEAOw==",0.13636363636363635,0.45454545454545453,-0.1779
Aetina Launch New NVIDIA Jetson-based Platform AN810-XNX,,"Sep 7, 2020",2020-09-07,This new NVIDIA Jetson Xavier NX based edge AI computing platform supported high speed networking capability function such as 5G module and certified Azure ...,https://www.globenewswire.com/news-release/2020/09/08/2089689/0/en/Aetina-Launch-New-NVIDIA-Jetson-based-Platform-AN810-XNX.html,"data:image/gif;base64,R0lGODlhAQABAIAAAP///////yH5BAEKAAEALAAAAAABAAEAAAICTAEAOw==",0.13636363636363635,0.45454545454545453,0.0
Why NVIDIA's Stock Is Plunging Today,Motley Fool,"Sep 4, 2020",2020-09-04,"Before the stock market began falling two days ago, NVIDIA's share price was up 144% this year. Now what. Nothing has fundamentally changed with NVIDIA's ...",https://www.fool.com/investing/2020/09/04/why-nvidias-stock-is-plunging-today/,"data:image/gif;base64,R0lGODlhAQABAIAAAP///////yH5BAEKAAEALAAAAAABAAEAAAICTAEAOw==",0.0,0.0,0.0
Why Nvidia and AMD Stocks Plunged Today,Motley Fool,"Sep 3, 2020",2020-09-03,Nvidia's and AMD's losses also contributed to the decline. A person is holding a tablet displaying a downwardly sloping digital chart. Shares of Nvidia and ...,https://www.fool.com/investing/2020/09/03/why-nvidia-and-amd-stocks-plunged-today/,"data:image/gif;base64,R0lGODlhAQABAIAAAP///////yH5BAEKAAEALAAAAAABAAEAAAICTAEAOw==",0.0,0.0,0.0
"Nvidia taps Samsung, Micron for new gaming chips",CNA,"Sep 2, 2020",2020-09-02,"The logo of technology company Nvidia is seen at its headquarters in Santa Clara, California, on Feb 11, 2015. (Photo: REUTERS/Robert Galbraith).",https://www.channelnewsasia.com/news/business/nvidia-taps-samsung--micron-for-new-gaming-chips-13073414,"data:image/gif;base64,R0lGODlhAQABAIAAAP///////yH5BAEKAAEALAAAAAABAAEAAAICTAEAOw==",0.13636363636363635,0.45454545454545453,0.0
NVIDIA GeForce RTX 30 Series To Offer Up To 8K HDR At ...,Geek Culture,"Sep 2, 2020",2020-09-02,"Enter the NVIDIA GeForce RTX 30 series with offerings the outstrip the power of the previous series, all at a lower price! The new GPUs promise to provide twice ...",https://geekculture.co/nvidia-geforce-rtx-30-series-to-offer-up-to-8k-hdr-at-120hz-prices-start-from-us499/,"data:image/gif;base64,R0lGODlhAQABAIAAAP///////yH5BAEKAAEALAAAAAABAAEAAAICTAEAOw==",0.0,0.0,0.0
World's Fastest Discrete Graphics Memory From Micron ...,,"Sep 1, 2020",2020-09-01,"Combined with NVIDIA's GeForce RTX 3090 and GeForce RTX 3080 GPUs, GDDR6X's ultra-bandwidth capabilities improve real-time ray tracing and neural ...",https://www.globenewswire.com/news-release/2020/09/01/2087208/0/en/World-s-Fastest-Discrete-Graphics-Memory-From-Micron-Powers-NVIDIA-s-Breakthrough-Gaming-Speeds.html,"data:image/gif;base64,R0lGODlhAQABAIAAAP///////yH5BAEKAAEALAAAAAABAAEAAAICTAEAOw==",0.0,0.0,0.0
How Cyberpunk 2077 looks on new Nvidia gear you can’t even buy yet,Polygon,"Sep 1, 2020",2020-09-01,"Everything will be improved, Nvidia says, by its latest implementation of DLSS — Nvidia's Deep Learning' Super Sampling technology — which uses artificial ...",https://www.polygon.com/2020/9/1/21417102/cyberpunk-2077-nvidia-30-series-trailer-3060-3070-release-date-price,"data:image/gif;base64,R0lGODlhAQABAIAAAP///////yH5BAEKAAEALAAAAAABAAEAAAICTAEAOw==",0.13636363636363635,0.45454545454545453,0.0
"ASUS Announces ROG Strix, TUF Gaming and Dual NVIDIA ...",PRNewswire,"Sep 1, 2020",2020-09-01,"The new NVIDIA GeForce RTX 30 Series GPUs, the 2nd generation of RTX, features new RT Cores, Tensor Cores and streaming multiprocessors, bringing ...",https://www.prnewswire.com/news-releases/asus-announces-rog-strix-tuf-gaming-and-dual-nvidia-geforce-rtx-30-series-graphics-cards-301122411.html,"data:image/gif;base64,R0lGODlhAQABAIAAAP///////yH5BAEKAAEALAAAAAABAAEAAAICTAEAOw==",0.0,0.0,0.0
Nvidia Reflex Latency Analyzer Claims to Boost Gaming Performance by Reducing Lag,Tom's Hardware,"Sep 1, 2020",2020-09-01,"Nvidia's got a new trick up its sleeve, fitting for eSports gamers who treasure every millisecond. The Nvidia Reflex Latency Analyzer announced today is a tool ...",https://www.tomshardware.com/news/nvidia-reflex-latency-analyzer-claims-to-boost-gaming-performance-by-reducing-lag,"data:image/gif;base64,R0lGODlhAQABAIAAAP///////yH5BAEKAAEALAAAAAABAAEAAAICTAEAOw==",0.0,0.0,0.0772
